{
"type": "FeatureCollection",
"name": "pois",
"crs": { "type": "name", "properties": { "name": "urn:ogc:def:crs:OGC:1.3:CRS84" } },
"features": [
{ "type": "Feature", "properties": { "poi_id": "P0001", "poi_name": "Transit POI 0001", "category": "transit", "latitude": 41.052679015392961, "longitude": 28.976985542483249, "attraction_index": 0.8635 }, "geometry": { "type": "Point", "coordinates": [ 28.976985542483249, 41.052679015392961 ] } },
{ "type": "Feature", "properties": { "poi_id": "P0002", "poi_name": "Office POI 0002", "category": "office", "latitude": 41.044184086599756, "longitude": 28.998386154836751, "attraction_index": 0.9034 }, "geometry": { "type": "Point", "coordinates": [ 28.998386154836751, 41.044184086599756 ] } },
{ "type": "Feature", "properties": { "poi_id": "P0003", "poi_name": "Transit POI 0003", "category": "transit", "latitude": 40.864325388964254, "longitude": 29.263379559665267, "attraction_index": 0.8971 }, "geometry": { "type": "Point", "coordinates": [ 29.263379559665267, 40.864325388964254 ] } },
{ "type": "Feature", "properties": { "poi_id": "P0004", "poi_name": "Transit POI 0004", "category": "transit", "latitude": 40.94114673684463, "longitude": 29.161088930333321, "attraction_index": 0.7184 }, "geometry": { "type": "Point", "coordinates": [ 29.161088930333321, 40.94114673684463 ] } },
{ "type": "Feature", "properties": { "poi_id": "P0005", "poi_name": "University POI 0005", "category": "university", "latitude": 40.87705910055714, "longitude": 29.149278069958115, "attraction_index": 0.9012 }, "geometry": { "type": "Point", "coordinates": [ 29.149278069958115, 40.87705910055714 ] } },
{ "type": "Feature", "properties": { "poi_id": "P0006", "poi_name": "Hospital POI 0006", "category": "hospital", "latitude": 40.886297619231165, "longitude": 29.210756627098831, "attraction_index": 0.9379 }, "geometry": { "type": "Point", "coordinates": [ 29.210756627098831, 40.886297619231165 ] } },
{ "type": "Feature", "properties": { "poi_id": "P0007", "poi_name": "University POI 0007", "category": "university", "latitude": 40.989659695545136, "longitude": 29.037413734147059, "attraction_index": 0.8056 }, "geometry": { "type": "Point", "coordinates": [ 29.037413734147059, 40.989659695545136 ] } },
{ "type": "Feature", "properties": { "poi_id": "P0008", "poi_name": "Transit POI 0008", "category": "transit", "latitude": 41.052130609580495, "longitude": 28.995080687311582, "attraction_index": 0.9439 }, "geometry": { "type": "Point", "coordinates": [ 28.995080687311582, 41.052130609580495 ] } },
{ "type": "Feature", "properties": { "poi_id": "P0009", "poi_name": "University POI 0009", "category": "university", "latitude": 41.0104777496297, "longitude": 28.983157628176372, "attraction_index": 0.9842 }, "geometry": { "type": "Point", "coordinates": [ 28.983157628176372, 41.0104777496297 ] } },
{ "type": "Feature", "properties": { "poi_id": "P0010", "poi_name": "Hospital POI 0010", "category": "hospital", "latitude": 41.005476932461498, "longitude": 29.141231122371526, "attraction_index": 0.9942 }, "geometry": { "type": "Point", "coordinates": [ 29.141231122371526, 41.005476932461498 ] } },
{ "type": "Feature", "properties": { "poi_id": "P0011", "poi_name": "University POI 0011", "category": "university", "latitude": 41.130143560308539, "longitude": 28.755298017655218, "attraction_index": 0.9634 }, "geometry": { "type": "Point", "coordinates": [ 28.755298017655218, 41.130143560308539 ] } },
{ "type": "Feature", "properties": { "poi_id": "P0012", "poi_name": "Mall POI 0012", "category": "mall", "latitude": 41.002862197163239, "longitude": 29.04539952166855, "attraction_index": 0.8297 }, "geometry": { "type": "Point", "coordinates": [ 29.04539952166855, 41.002862197163239 ] } },
{ "type": "Feature", "properties": { "poi_id": "P0013", "poi_name": "Office POI 0013", "category": "office", "latitude": 41.004572245146811, "longitude": 29.013862074386591, "attraction_index": 0.8356 }, "geometry": { "type": "Point", "coordinates": [ 29.013862074386591, 41.004572245146811 ] } },
{ "type": "Feature", "properties": { "poi_id": "P0014", "poi_name": "University POI 0014", "category": "university", "latitude": 40.985227164540284, "longitude": 28.894275045576702, "attraction_index": 0.7742 }, "geometry": { "type": "Point", "coordinates": [ 28.894275045576702, 40.985227164540284 ] } },
{ "type": "Feature", "properties": { "poi_id": "P0015", "poi_name": "Mall POI 0015", "category": "mall", "latitude": 40.982871980991618, "longitude": 28.876890866979952, "attraction_index": 0.8729 }, "geometry": { "type": "Point", "coordinates": [ 28.876890866979952, 40.982871980991618 ] } },
{ "type": "Feature", "properties": { "poi_id": "P0016", "poi_name": "Mall POI 0016", "category": "mall", "latitude": 40.930156290728839, "longitude": 29.169017573028967, "attraction_index": 0.9006 }, "geometry": { "type": "Point", "coordinates": [ 29.169017573028967, 40.930156290728839 ] } },
{ "type": "Feature", "properties": { "poi_id": "P0017", "poi_name": "Leisure POI 0017", "category": "leisure", "latitude": 41.070047895366102, "longitude": 29.030428836648127, "attraction_index": 0.8322 }, "geometry": { "type": "Point", "coordinates": [ 29.030428836648127, 41.070047895366102 ] } },
{ "type": "Feature", "properties": { "poi_id": "P0018", "poi_name": "Leisure POI 0018", "category": "leisure", "latitude": 40.868010978567028, "longitude": 29.261862705982679, "attraction_index": 0.7413 }, "geometry": { "type": "Point", "coordinates": [ 29.261862705982679, 40.868010978567028 ] } },
{ "type": "Feature", "properties": { "poi_id": "P0019", "poi_name": "Office POI 0019", "category": "office", "latitude": 41.054488677173111, "longitude": 29.057730624385396, "attraction_index": 0.9407 }, "geometry": { "type": "Point", "coordinates": [ 29.057730624385396, 41.054488677173111 ] } },
{ "type": "Feature", "properties": { "poi_id": "P0020", "poi_name": "Office POI 0020", "category": "office", "latitude": 41.091593628811871, "longitude": 28.942925676149638, "attraction_index": 0.9736 }, "geometry": { "type": "Point", "coordinates": [ 28.942925676149638, 41.091593628811871 ] } },
{ "type": "Feature", "properties": { "poi_id": "P0021", "poi_name": "Hospital POI 0021", "category": "hospital", "latitude": 41.096421851876684, "longitude": 28.995101874499447, "attraction_index": 0.7716 }, "geometry": { "type": "Point", "coordinates": [ 28.995101874499447, 41.096421851876684 ] } },
{ "type": "Feature", "properties": { "poi_id": "P0022", "poi_name": "Office POI 0022", "category": "office", "latitude": 41.01127781247876, "longitude": 28.994569861406365, "attraction_index": 0.8847 }, "geometry": { "type": "Point", "coordinates": [ 28.994569861406365, 41.01127781247876 ] } },
{ "type": "Feature", "properties": { "poi_id": "P0023", "poi_name": "Transit POI 0023", "category": "transit", "latitude": 41.002753986013005, "longitude": 29.089444837320308, "attraction_index": 0.9234 }, "geometry": { "type": "Point", "coordinates": [ 29.089444837320308, 41.002753986013005 ] } },
{ "type": "Feature", "properties": { "poi_id": "P0024", "poi_name": "Transit POI 0024", "category": "transit", "latitude": 41.032518395967699, "longitude": 28.973668240531293, "attraction_index": 0.9719 }, "geometry": { "type": "Point", "coordinates": [ 28.973668240531293, 41.032518395967699 ] } },
{ "type": "Feature", "properties": { "poi_id": "P0025", "poi_name": "Leisure POI 0025", "category": "leisure", "latitude": 41.026078679446307, "longitude": 29.027664648890347, "attraction_index": 0.9587 }, "geometry": { "type": "Point", "coordinates": [ 29.027664648890347, 41.026078679446307 ] } },
{ "type": "Feature", "properties": { "poi_id": "P0026", "poi_name": "Hospital POI 0026", "category": "hospital", "latitude": 41.077532347488415, "longitude": 28.818847482305969, "attraction_index": 0.877 }, "geometry": { "type": "Point", "coordinates": [ 28.818847482305969, 41.077532347488415 ] } },
{ "type": "Feature", "properties": { "poi_id": "P0027", "poi_name": "Office POI 0027", "category": "office", "latitude": 41.036285791326769, "longitude": 28.653052493063417, "attraction_index": 0.8325 }, "geometry": { "type": "Point", "coordinates": [ 28.653052493063417, 41.036285791326769 ] } },
{ "type": "Feature", "properties": { "poi_id": "P0028", "poi_name": "Transit POI 0028", "category": "transit", "latitude": 41.022889859883911, "longitude": 29.048690073612725, "attraction_index": 0.9984 }, "geometry": { "type": "Point", "coordinates": [ 29.048690073612725, 41.022889859883911 ] } },
{ "type": "Feature", "properties": { "poi_id": "P0029", "poi_name": "Transit POI 0029", "category": "transit", "latitude": 40.879102862199055, "longitude": 29.176399404091121, "attraction_index": 0.8354 }, "geometry": { "type": "Point", "coordinates": [ 29.176399404091121, 40.879102862199055 ] } },
{ "type": "Feature", "properties": { "poi_id": "P0030", "poi_name": "Leisure POI 0030", "category": "leisure", "latitude": 40.862437243977574, "longitude": 29.257833095072716, "attraction_index": 0.7964 }, "geometry": { "type": "Point", "coordinates": [ 29.257833095072716, 40.862437243977574 ] } },
{ "type": "Feature", "properties": { "poi_id": "P0031", "poi_name": "Transit POI 0031", "category": "transit", "latitude": 40.93070161121554, "longitude": 29.162151249220447, "attraction_index": 0.8985 }, "geometry": { "type": "Point", "coordinates": [ 29.162151249220447, 40.93070161121554 ] } },
{ "type": "Feature", "properties": { "poi_id": "P0032", "poi_name": "Office POI 0032", "category": "office", "latitude": 41.092193406402941, "longitude": 28.80863073882519, "attraction_index": 0.9449 }, "geometry": { "type": "Point", "coordinates": [ 28.80863073882519, 41.092193406402941 ] } },
{ "type": "Feature", "properties": { "poi_id": "P0033", "poi_name": "Office POI 0033", "category": "office", "latitude": 40.870964639287848, "longitude": 29.273766558503354, "attraction_index": 0.8107 }, "geometry": { "type": "Point", "coordinates": [ 29.273766558503354, 40.870964639287848 ] } },
{ "type": "Feature", "properties": { "poi_id": "P0034", "poi_name": "Transit POI 0034", "category": "transit", "latitude": 41.025216903397435, "longitude": 28.963540072545751, "attraction_index": 0.9274 }, "geometry": { "type": "Point", "coordinates": [ 28.963540072545751, 41.025216903397435 ] } },
{ "type": "Feature", "properties": { "poi_id": "P0035", "poi_name": "Transit POI 0035", "category": "transit", "latitude": 41.016281529899729, "longitude": 29.023540706489744, "attraction_index": 0.9677 }, "geometry": { "type": "Point", "coordinates": [ 29.023540706489744, 41.016281529899729 ] } },
{ "type": "Feature", "properties": { "poi_id": "P0036", "poi_name": "Transit POI 0036", "category": "transit", "latitude": 40.99665464012638, "longitude": 28.867029897094937, "attraction_index": 0.9494 }, "geometry": { "type": "Point", "coordinates": [ 28.867029897094937, 40.99665464012638 ] } },
{ "type": "Feature", "properties": { "poi_id": "P0037", "poi_name": "University POI 0037", "category": "university", "latitude": 41.056269482445522, "longitude": 29.02151153122982, "attraction_index": 0.793 }, "geometry": { "type": "Point", "coordinates": [ 29.02151153122982, 41.056269482445522 ] } },
{ "type": "Feature", "properties": { "poi_id": "P0038", "poi_name": "Hospital POI 0038", "category": "hospital", "latitude": 40.89879667772837, "longitude": 29.221830611135772, "attraction_index": 0.8264 }, "geometry": { "type": "Point", "coordinates": [ 29.221830611135772, 40.89879667772837 ] } },
{ "type": "Feature", "properties": { "poi_id": "P0039", "poi_name": "Mall POI 0039", "category": "mall", "latitude": 40.999474606055216, "longitude": 29.153336096007756, "attraction_index": 0.838 }, "geometry": { "type": "Point", "coordinates": [ 29.153336096007756, 40.999474606055216 ] } },
{ "type": "Feature", "properties": { "poi_id": "P0040", "poi_name": "Leisure POI 0040", "category": "leisure", "latitude": 41.029181080666923, "longitude": 28.675819614224736, "attraction_index": 0.7838 }, "geometry": { "type": "Point", "coordinates": [ 28.675819614224736, 41.029181080666923 ] } },
{ "type": "Feature", "properties": { "poi_id": "P0041", "poi_name": "Hospital POI 0041", "category": "hospital", "latitude": 41.009117428432816, "longitude": 28.622414259832244, "attraction_index": 0.9362 }, "geometry": { "type": "Point", "coordinates": [ 28.622414259832244, 41.009117428432816 ] } },
{ "type": "Feature", "properties": { "poi_id": "P0042", "poi_name": "Transit POI 0042", "category": "transit", "latitude": 40.986758113539224, "longitude": 29.032575919289215, "attraction_index": 0.8264 }, "geometry": { "type": "Point", "coordinates": [ 29.032575919289215, 40.986758113539224 ] } },
{ "type": "Feature", "properties": { "poi_id": "P0043", "poi_name": "Transit POI 0043", "category": "transit", "latitude": 40.980555628397447, "longitude": 29.139495243095251, "attraction_index": 0.9505 }, "geometry": { "type": "Point", "coordinates": [ 29.139495243095251, 40.980555628397447 ] } },
{ "type": "Feature", "properties": { "poi_id": "P0044", "poi_name": "University POI 0044", "category": "university", "latitude": 41.040135632924766, "longitude": 29.217992657311637, "attraction_index": 0.6195 }, "geometry": { "type": "Point", "coordinates": [ 29.217992657311637, 41.040135632924766 ] } },
{ "type": "Feature", "properties": { "poi_id": "P0045", "poi_name": "Office POI 0045", "category": "office", "latitude": 41.117695676299078, "longitude": 28.965894218329719, "attraction_index": 0.935 }, "geometry": { "type": "Point", "coordinates": [ 28.965894218329719, 41.117695676299078 ] } },
{ "type": "Feature", "properties": { "poi_id": "P0046", "poi_name": "Office POI 0046", "category": "office", "latitude": 41.039043968460561, "longitude": 29.157627362900428, "attraction_index": 0.8531 }, "geometry": { "type": "Point", "coordinates": [ 29.157627362900428, 41.039043968460561 ] } },
{ "type": "Feature", "properties": { "poi_id": "P0047", "poi_name": "Hospital POI 0047", "category": "hospital", "latitude": 41.03174360567715, "longitude": 28.968565647209864, "attraction_index": 0.9262 }, "geometry": { "type": "Point", "coordinates": [ 28.968565647209864, 41.03174360567715 ] } },
{ "type": "Feature", "properties": { "poi_id": "P0048", "poi_name": "Hospital POI 0048", "category": "hospital", "latitude": 41.078751572487022, "longitude": 28.973729034496849, "attraction_index": 1.0 }, "geometry": { "type": "Point", "coordinates": [ 28.973729034496849, 41.078751572487022 ] } },
{ "type": "Feature", "properties": { "poi_id": "P0049", "poi_name": "Transit POI 0049", "category": "transit", "latitude": 40.878724115065985, "longitude": 29.196397306005547, "attraction_index": 0.7649 }, "geometry": { "type": "Point", "coordinates": [ 29.196397306005547, 40.878724115065985 ] } },
{ "type": "Feature", "properties": { "poi_id": "P0050", "poi_name": "Hospital POI 0050", "category": "hospital", "latitude": 41.003503910233974, "longitude": 28.587802608981995, "attraction_index": 0.7706 }, "geometry": { "type": "Point", "coordinates": [ 28.587802608981995, 41.003503910233974 ] } },
{ "type": "Feature", "properties": { "poi_id": "P0051", "poi_name": "Transit POI 0051", "category": "transit", "latitude": 41.022213231852575, "longitude": 29.139929313984887, "attraction_index": 0.889 }, "geometry": { "type": "Point", "coordinates": [ 29.139929313984887, 41.022213231852575 ] } },
{ "type": "Feature", "properties": { "poi_id": "P0052", "poi_name": "Office POI 0052", "category": "office", "latitude": 41.04378946797295, "longitude": 29.030553817226014, "attraction_index": 0.9732 }, "geometry": { "type": "Point", "coordinates": [ 29.030553817226014, 41.04378946797295 ] } },
{ "type": "Feature", "properties": { "poi_id": "P0053", "poi_name": "Mall POI 0053", "category": "mall", "latitude": 41.065228291114146, "longitude": 28.958538489484742, "attraction_index": 0.8673 }, "geometry": { "type": "Point", "coordinates": [ 28.958538489484742, 41.065228291114146 ] } },
{ "type": "Feature", "properties": { "poi_id": "P0054", "poi_name": "University POI 0054", "category": "university", "latitude": 41.028156304611237, "longitude": 28.974830016919242, "attraction_index": 0.9117 }, "geometry": { "type": "Point", "coordinates": [ 28.974830016919242, 41.028156304611237 ] } },
{ "type": "Feature", "properties": { "poi_id": "P0055", "poi_name": "Office POI 0055", "category": "office", "latitude": 40.998606734433032, "longitude": 28.882350771415908, "attraction_index": 0.9149 }, "geometry": { "type": "Point", "coordinates": [ 28.882350771415908, 40.998606734433032 ] } },
{ "type": "Feature", "properties": { "poi_id": "P0056", "poi_name": "Leisure POI 0056", "category": "leisure", "latitude": 41.002252655809428, "longitude": 28.915670452172403, "attraction_index": 0.8782 }, "geometry": { "type": "Point", "coordinates": [ 28.915670452172403, 41.002252655809428 ] } },
{ "type": "Feature", "properties": { "poi_id": "P0057", "poi_name": "Office POI 0057", "category": "office", "latitude": 40.944563702444412, "longitude": 28.891298626638207, "attraction_index": 0.8395 }, "geometry": { "type": "Point", "coordinates": [ 28.891298626638207, 40.944563702444412 ] } },
{ "type": "Feature", "properties": { "poi_id": "P0058", "poi_name": "Office POI 0058", "category": "office", "latitude": 40.995092103666082, "longitude": 28.661887759163434, "attraction_index": 0.8592 }, "geometry": { "type": "Point", "coordinates": [ 28.661887759163434, 40.995092103666082 ] } },
{ "type": "Feature", "properties": { "poi_id": "P0059", "poi_name": "Hospital POI 0059", "category": "hospital", "latitude": 41.001000466958651, "longitude": 29.131318707925853, "attraction_index": 0.8319 }, "geometry": { "type": "Point", "coordinates": [ 29.131318707925853, 41.001000466958651 ] } },
{ "type": "Feature", "properties": { "poi_id": "P0060", "poi_name": "Office POI 0060", "category": "office", "latitude": 40.972338492726344, "longitude": 29.042103652510701, "attraction_index": 1.0 }, "geometry": { "type": "Point", "coordinates": [ 29.042103652510701, 40.972338492726344 ] } },
{ "type": "Feature", "properties": { "poi_id": "P0061", "poi_name": "Hospital POI 0061", "category": "hospital", "latitude": 41.064500041254846, "longitude": 29.022983460700839, "attraction_index": 0.8245 }, "geometry": { "type": "Point", "coordinates": [ 29.022983460700839, 41.064500041254846 ] } },
{ "type": "Feature", "properties": { "poi_id": "P0062", "poi_name": "Leisure POI 0062", "category": "leisure", "latitude": 40.94817504279662, "longitude": 29.141791926051006, "attraction_index": 0.9298 }, "geometry": { "type": "Point", "coordinates": [ 29.141791926051006, 40.94817504279662 ] } },
{ "type": "Feature", "properties": { "poi_id": "P0063", "poi_name": "Office POI 0063", "category": "office", "latitude": 41.068037223728489, "longitude": 28.98413904101659, "attraction_index": 0.9772 }, "geometry": { "type": "Point", "coordinates": [ 28.98413904101659, 41.068037223728489 ] } },
{ "type": "Feature", "properties": { "poi_id": "P0064", "poi_name": "University POI 0064", "category": "university", "latitude": 41.026511503993063, "longitude": 29.087082227919115, "attraction_index": 0.7905 }, "geometry": { "type": "Point", "coordinates": [ 29.087082227919115, 41.026511503993063 ] } },
{ "type": "Feature", "properties": { "poi_id": "P0065", "poi_name": "Leisure POI 0065", "category": "leisure", "latitude": 41.089174067127168, "longitude": 28.976574940153469, "attraction_index": 0.962 }, "geometry": { "type": "Point", "coordinates": [ 28.976574940153469, 41.089174067127168 ] } },
{ "type": "Feature", "properties": { "poi_id": "P0066", "poi_name": "Office POI 0066", "category": "office", "latitude": 41.067977295507433, "longitude": 28.972765824357818, "attraction_index": 0.8592 }, "geometry": { "type": "Point", "coordinates": [ 28.972765824357818, 41.067977295507433 ] } },
{ "type": "Feature", "properties": { "poi_id": "P0067", "poi_name": "Leisure POI 0067", "category": "leisure", "latitude": 41.057885417688155, "longitude": 29.025601902882897, "attraction_index": 1.0 }, "geometry": { "type": "Point", "coordinates": [ 29.025601902882897, 41.057885417688155 ] } },
{ "type": "Feature", "properties": { "poi_id": "P0068", "poi_name": "University POI 0068", "category": "university", "latitude": 41.067246407149511, "longitude": 28.976423887033551, "attraction_index": 0.9326 }, "geometry": { "type": "Point", "coordinates": [ 28.976423887033551, 41.067246407149511 ] } },
{ "type": "Feature", "properties": { "poi_id": "P0069", "poi_name": "Leisure POI 0069", "category": "leisure", "latitude": 40.893244960242548, "longitude": 29.270301748358456, "attraction_index": 0.8685 }, "geometry": { "type": "Point", "coordinates": [ 29.270301748358456, 40.893244960242548 ] } },
{ "type": "Feature", "properties": { "poi_id": "P0070", "poi_name": "Leisure POI 0070", "category": "leisure", "latitude": 40.974643030290096, "longitude": 29.088997083290923, "attraction_index": 0.7492 }, "geometry": { "type": "Point", "coordinates": [ 29.088997083290923, 40.974643030290096 ] } },
{ "type": "Feature", "properties": { "poi_id": "P0071", "poi_name": "Transit POI 0071", "category": "transit", "latitude": 41.040752196969564, "longitude": 28.972122300403939, "attraction_index": 0.8753 }, "geometry": { "type": "Point", "coordinates": [ 28.972122300403939, 41.040752196969564 ] } },
{ "type": "Feature", "properties": { "poi_id": "P0072", "poi_name": "Transit POI 0072", "category": "transit", "latitude": 41.080407358946012, "longitude": 29.014509153635995, "attraction_index": 0.9567 }, "geometry": { "type": "Point", "coordinates": [ 29.014509153635995, 41.080407358946012 ] } },
{ "type": "Feature", "properties": { "poi_id": "P0073", "poi_name": "University POI 0073", "category": "university", "latitude": 41.040533957444957, "longitude": 28.843994841964598, "attraction_index": 0.8142 }, "geometry": { "type": "Point", "coordinates": [ 28.843994841964598, 41.040533957444957 ] } },
{ "type": "Feature", "properties": { "poi_id": "P0074", "poi_name": "Leisure POI 0074", "category": "leisure", "latitude": 40.874533672835341, "longitude": 29.144211735202912, "attraction_index": 0.824 }, "geometry": { "type": "Point", "coordinates": [ 29.144211735202912, 40.874533672835341 ] } },
{ "type": "Feature", "properties": { "poi_id": "P0075", "poi_name": "Office POI 0075", "category": "office", "latitude": 40.941501246789791, "longitude": 29.131082251733588, "attraction_index": 0.8912 }, "geometry": { "type": "Point", "coordinates": [ 29.131082251733588, 40.941501246789791 ] } },
{ "type": "Feature", "properties": { "poi_id": "P0076", "poi_name": "Leisure POI 0076", "category": "leisure", "latitude": 41.006840891849876, "longitude": 28.692644064007744, "attraction_index": 0.7857 }, "geometry": { "type": "Point", "coordinates": [ 28.692644064007744, 41.006840891849876 ] } },
{ "type": "Feature", "properties": { "poi_id": "P0077", "poi_name": "Transit POI 0077", "category": "transit", "latitude": 41.028320302793027, "longitude": 28.696814289851563, "attraction_index": 0.8645 }, "geometry": { "type": "Point", "coordinates": [ 28.696814289851563, 41.028320302793027 ] } },
{ "type": "Feature", "properties": { "poi_id": "P0078", "poi_name": "Transit POI 0078", "category": "transit", "latitude": 41.079315271207136, "longitude": 28.972710743889362, "attraction_index": 0.7452 }, "geometry": { "type": "Point", "coordinates": [ 28.972710743889362, 41.079315271207136 ] } },
{ "type": "Feature", "properties": { "poi_id": "P0079", "poi_name": "Office POI 0079", "category": "office", "latitude": 40.886714192545504, "longitude": 29.177798640426687, "attraction_index": 0.7863 }, "geometry": { "type": "Point", "coordinates": [ 29.177798640426687, 40.886714192545504 ] } },
{ "type": "Feature", "properties": { "poi_id": "P0080", "poi_name": "Office POI 0080", "category": "office", "latitude": 41.016175288999861, "longitude": 29.230274422199695, "attraction_index": 0.8243 }, "geometry": { "type": "Point", "coordinates": [ 29.230274422199695, 41.016175288999861 ] } },
{ "type": "Feature", "properties": { "poi_id": "P0081", "poi_name": "University POI 0081", "category": "university", "latitude": 40.868500606778738, "longitude": 29.237576416834941, "attraction_index": 0.8398 }, "geometry": { "type": "Point", "coordinates": [ 29.237576416834941, 40.868500606778738 ] } },
{ "type": "Feature", "properties": { "poi_id": "P0082", "poi_name": "Transit POI 0082", "category": "transit", "latitude": 40.929907131467118, "longitude": 29.131787781660428, "attraction_index": 0.835 }, "geometry": { "type": "Point", "coordinates": [ 29.131787781660428, 40.929907131467118 ] } },
{ "type": "Feature", "properties": { "poi_id": "P0083", "poi_name": "Transit POI 0083", "category": "transit", "latitude": 41.002243690005088, "longitude": 29.11314476407653, "attraction_index": 0.847 }, "geometry": { "type": "Point", "coordinates": [ 29.11314476407653, 41.002243690005088 ] } },
{ "type": "Feature", "properties": { "poi_id": "P0084", "poi_name": "Hospital POI 0084", "category": "hospital", "latitude": 40.93065610025738, "longitude": 29.168661462636464, "attraction_index": 0.7798 }, "geometry": { "type": "Point", "coordinates": [ 29.168661462636464, 40.93065610025738 ] } },
{ "type": "Feature", "properties": { "poi_id": "P0085", "poi_name": "Office POI 0085", "category": "office", "latitude": 41.010789275525653, "longitude": 28.990055599648155, "attraction_index": 0.9361 }, "geometry": { "type": "Point", "coordinates": [ 28.990055599648155, 41.010789275525653 ] } },
{ "type": "Feature", "properties": { "poi_id": "P0086", "poi_name": "Office POI 0086", "category": "office", "latitude": 40.843215277266196, "longitude": 29.290411596030431, "attraction_index": 0.7866 }, "geometry": { "type": "Point", "coordinates": [ 29.290411596030431, 40.843215277266196 ] } },
{ "type": "Feature", "properties": { "poi_id": "P0087", "poi_name": "Mall POI 0087", "category": "mall", "latitude": 40.989982761124388, "longitude": 29.101611445086959, "attraction_index": 0.9579 }, "geometry": { "type": "Point", "coordinates": [ 29.101611445086959, 40.989982761124388 ] } },
{ "type": "Feature", "properties": { "poi_id": "P0088", "poi_name": "Office POI 0088", "category": "office", "latitude": 40.902439196164956, "longitude": 29.284956266927249, "attraction_index": 0.7073 }, "geometry": { "type": "Point", "coordinates": [ 29.284956266927249, 40.902439196164956 ] } },
{ "type": "Feature", "properties": { "poi_id": "P0089", "poi_name": "Transit POI 0089", "category": "transit", "latitude": 40.874853464875528, "longitude": 29.294637031869261, "attraction_index": 0.9529 }, "geometry": { "type": "Point", "coordinates": [ 29.294637031869261, 40.874853464875528 ] } },
{ "type": "Feature", "properties": { "poi_id": "P0090", "poi_name": "Leisure POI 0090", "category": "leisure", "latitude": 41.054989186042249, "longitude": 29.206098536911483, "attraction_index": 0.6733 }, "geometry": { "type": "Point", "coordinates": [ 29.206098536911483, 41.054989186042249 ] } },
{ "type": "Feature", "properties": { "poi_id": "P0091", "poi_name": "Leisure POI 0091", "category": "leisure", "latitude": 40.933583606588016, "longitude": 29.189626342218048, "attraction_index": 0.8421 }, "geometry": { "type": "Point", "coordinates": [ 29.189626342218048, 40.933583606588016 ] } },
{ "type": "Feature", "properties": { "poi_id": "P0092", "poi_name": "Office POI 0092", "category": "office", "latitude": 40.976838166026091, "longitude": 28.88418835119084, "attraction_index": 0.8642 }, "geometry": { "type": "Point", "coordinates": [ 28.88418835119084, 40.976838166026091 ] } },
{ "type": "Feature", "properties": { "poi_id": "P0093", "poi_name": "Leisure POI 0093", "category": "leisure", "latitude": 41.009000865968183, "longitude": 28.834371000388867, "attraction_index": 0.8624 }, "geometry": { "type": "Point", "coordinates": [ 28.834371000388867, 41.009000865968183 ] } },
{ "type": "Feature", "properties": { "poi_id": "P0094", "poi_name": "Office POI 0094", "category": "office", "latitude": 40.977029304377758, "longitude": 28.991071147035957, "attraction_index": 0.9015 }, "geometry": { "type": "Point", "coordinates": [ 28.991071147035957, 40.977029304377758 ] } },
{ "type": "Feature", "properties": { "poi_id": "P0095", "poi_name": "Leisure POI 0095", "category": "leisure", "latitude": 41.086796802485956, "longitude": 28.815687772131959, "attraction_index": 0.6666 }, "geometry": { "type": "Point", "coordinates": [ 28.815687772131959, 41.086796802485956 ] } },
{ "type": "Feature", "properties": { "poi_id": "P0096", "poi_name": "Office POI 0096", "category": "office", "latitude": 40.988172566548812, "longitude": 29.131518722685957, "attraction_index": 0.8622 }, "geometry": { "type": "Point", "coordinates": [ 29.131518722685957, 40.988172566548812 ] } },
{ "type": "Feature", "properties": { "poi_id": "P0097", "poi_name": "Office POI 0097", "category": "office", "latitude": 41.057690481251292, "longitude": 28.987559604242549, "attraction_index": 0.9439 }, "geometry": { "type": "Point", "coordinates": [ 28.987559604242549, 41.057690481251292 ] } },
{ "type": "Feature", "properties": { "poi_id": "P0098", "poi_name": "Transit POI 0098", "category": "transit", "latitude": 41.073110699409654, "longitude": 29.004203647888868, "attraction_index": 1.0 }, "geometry": { "type": "Point", "coordinates": [ 29.004203647888868, 41.073110699409654 ] } },
{ "type": "Feature", "properties": { "poi_id": "P0099", "poi_name": "Office POI 0099", "category": "office", "latitude": 41.02779124185151, "longitude": 28.69240410090887, "attraction_index": 0.8649 }, "geometry": { "type": "Point", "coordinates": [ 28.69240410090887, 41.02779124185151 ] } },
{ "type": "Feature", "properties": { "poi_id": "P0100", "poi_name": "Leisure POI 0100", "category": "leisure", "latitude": 41.001506343680902, "longitude": 29.189111119007805, "attraction_index": 0.7601 }, "geometry": { "type": "Point", "coordinates": [ 29.189111119007805, 41.001506343680902 ] } },
{ "type": "Feature", "properties": { "poi_id": "P0101", "poi_name": "Leisure POI 0101", "category": "leisure", "latitude": 40.88367736786293, "longitude": 29.206599232994176, "attraction_index": 0.8949 }, "geometry": { "type": "Point", "coordinates": [ 29.206599232994176, 40.88367736786293 ] } },
{ "type": "Feature", "properties": { "poi_id": "P0102", "poi_name": "Transit POI 0102", "category": "transit", "latitude": 41.017818008253336, "longitude": 29.018035410640721, "attraction_index": 1.0 }, "geometry": { "type": "Point", "coordinates": [ 29.018035410640721, 41.017818008253336 ] } },
{ "type": "Feature", "properties": { "poi_id": "P0103", "poi_name": "University POI 0103", "category": "university", "latitude": 41.089190956998571, "longitude": 28.975730629832043, "attraction_index": 0.7972 }, "geometry": { "type": "Point", "coordinates": [ 28.975730629832043, 41.089190956998571 ] } },
{ "type": "Feature", "properties": { "poi_id": "P0104", "poi_name": "Leisure POI 0104", "category": "leisure", "latitude": 41.087390045344421, "longitude": 28.836975946226797, "attraction_index": 0.8059 }, "geometry": { "type": "Point", "coordinates": [ 28.836975946226797, 41.087390045344421 ] } },
{ "type": "Feature", "properties": { "poi_id": "P0105", "poi_name": "Hospital POI 0105", "category": "hospital", "latitude": 41.012775331749992, "longitude": 28.646415533187188, "attraction_index": 0.7298 }, "geometry": { "type": "Point", "coordinates": [ 28.646415533187188, 41.012775331749992 ] } },
{ "type": "Feature", "properties": { "poi_id": "P0106", "poi_name": "Leisure POI 0106", "category": "leisure", "latitude": 40.970075609212543, "longitude": 28.644946858157802, "attraction_index": 0.7733 }, "geometry": { "type": "Point", "coordinates": [ 28.644946858157802, 40.970075609212543 ] } },
{ "type": "Feature", "properties": { "poi_id": "P0107", "poi_name": "Office POI 0107", "category": "office", "latitude": 40.884564577842596, "longitude": 29.206661015437643, "attraction_index": 0.798 }, "geometry": { "type": "Point", "coordinates": [ 29.206661015437643, 40.884564577842596 ] } },
{ "type": "Feature", "properties": { "poi_id": "P0108", "poi_name": "Leisure POI 0108", "category": "leisure", "latitude": 41.055281293434383, "longitude": 29.008655064780566, "attraction_index": 1.0 }, "geometry": { "type": "Point", "coordinates": [ 29.008655064780566, 41.055281293434383 ] } },
{ "type": "Feature", "properties": { "poi_id": "P0109", "poi_name": "Mall POI 0109", "category": "mall", "latitude": 41.03639681651876, "longitude": 28.993842919517121, "attraction_index": 0.9391 }, "geometry": { "type": "Point", "coordinates": [ 28.993842919517121, 41.03639681651876 ] } },
{ "type": "Feature", "properties": { "poi_id": "P0110", "poi_name": "Leisure POI 0110", "category": "leisure", "latitude": 40.996934267633883, "longitude": 29.012013071216458, "attraction_index": 0.9896 }, "geometry": { "type": "Point", "coordinates": [ 29.012013071216458, 40.996934267633883 ] } },
{ "type": "Feature", "properties": { "poi_id": "P0111", "poi_name": "Transit POI 0111", "category": "transit", "latitude": 41.000693845455302, "longitude": 28.871376129298419, "attraction_index": 1.0 }, "geometry": { "type": "Point", "coordinates": [ 28.871376129298419, 41.000693845455302 ] } },
{ "type": "Feature", "properties": { "poi_id": "P0112", "poi_name": "Leisure POI 0112", "category": "leisure", "latitude": 41.015435225602253, "longitude": 29.244599109040127, "attraction_index": 0.7142 }, "geometry": { "type": "Point", "coordinates": [ 29.244599109040127, 41.015435225602253 ] } },
{ "type": "Feature", "properties": { "poi_id": "P0113", "poi_name": "Mall POI 0113", "category": "mall", "latitude": 40.996226648946973, "longitude": 29.020891881718526, "attraction_index": 0.9436 }, "geometry": { "type": "Point", "coordinates": [ 29.020891881718526, 40.996226648946973 ] } },
{ "type": "Feature", "properties": { "poi_id": "P0114", "poi_name": "Transit POI 0114", "category": "transit", "latitude": 41.040043222579349, "longitude": 28.69161362032402, "attraction_index": 0.769 }, "geometry": { "type": "Point", "coordinates": [ 28.69161362032402, 41.040043222579349 ] } },
{ "type": "Feature", "properties": { "poi_id": "P0115", "poi_name": "Leisure POI 0115", "category": "leisure", "latitude": 41.057714374071196, "longitude": 29.013428455665398, "attraction_index": 1.0 }, "geometry": { "type": "Point", "coordinates": [ 29.013428455665398, 41.057714374071196 ] } },
{ "type": "Feature", "properties": { "poi_id": "P0116", "poi_name": "Leisure POI 0116", "category": "leisure", "latitude": 40.976343110145777, "longitude": 29.262194498804423, "attraction_index": 0.9491 }, "geometry": { "type": "Point", "coordinates": [ 29.262194498804423, 40.976343110145777 ] } },
{ "type": "Feature", "properties": { "poi_id": "P0117", "poi_name": "Hospital POI 0117", "category": "hospital", "latitude": 41.045589040904531, "longitude": 28.993168668897088, "attraction_index": 0.9051 }, "geometry": { "type": "Point", "coordinates": [ 28.993168668897088, 41.045589040904531 ] } },
{ "type": "Feature", "properties": { "poi_id": "P0118", "poi_name": "Mall POI 0118", "category": "mall", "latitude": 40.884492694029937, "longitude": 29.258186932429492, "attraction_index": 0.8088 }, "geometry": { "type": "Point", "coordinates": [ 29.258186932429492, 40.884492694029937 ] } },
{ "type": "Feature", "properties": { "poi_id": "P0119", "poi_name": "Office POI 0119", "category": "office", "latitude": 41.015164715381459, "longitude": 28.975536206800776, "attraction_index": 0.9759 }, "geometry": { "type": "Point", "coordinates": [ 28.975536206800776, 41.015164715381459 ] } },
{ "type": "Feature", "properties": { "poi_id": "P0120", "poi_name": "Leisure POI 0120", "category": "leisure", "latitude": 41.058167510577135, "longitude": 28.997591128943249, "attraction_index": 0.9228 }, "geometry": { "type": "Point", "coordinates": [ 28.997591128943249, 41.058167510577135 ] } },
{ "type": "Feature", "properties": { "poi_id": "P0121", "poi_name": "University POI 0121", "category": "university", "latitude": 41.073761313744967, "longitude": 28.913060650728966, "attraction_index": 1.0 }, "geometry": { "type": "Point", "coordinates": [ 28.913060650728966, 41.073761313744967 ] } },
{ "type": "Feature", "properties": { "poi_id": "P0122", "poi_name": "Office POI 0122", "category": "office", "latitude": 41.087380545130735, "longitude": 28.806564358158585, "attraction_index": 0.8306 }, "geometry": { "type": "Point", "coordinates": [ 28.806564358158585, 41.087380545130735 ] } },
{ "type": "Feature", "properties": { "poi_id": "P0123", "poi_name": "University POI 0123", "category": "university", "latitude": 40.962537992169814, "longitude": 29.13150070559962, "attraction_index": 0.8705 }, "geometry": { "type": "Point", "coordinates": [ 29.13150070559962, 40.962537992169814 ] } },
{ "type": "Feature", "properties": { "poi_id": "P0124", "poi_name": "Office POI 0124", "category": "office", "latitude": 41.083422830092879, "longitude": 28.955538215038221, "attraction_index": 0.8503 }, "geometry": { "type": "Point", "coordinates": [ 28.955538215038221, 41.083422830092879 ] } },
{ "type": "Feature", "properties": { "poi_id": "P0125", "poi_name": "Transit POI 0125", "category": "transit", "latitude": 40.993087484538208, "longitude": 28.862352419611522, "attraction_index": 0.8951 }, "geometry": { "type": "Point", "coordinates": [ 28.862352419611522, 40.993087484538208 ] } },
{ "type": "Feature", "properties": { "poi_id": "P0126", "poi_name": "Mall POI 0126", "category": "mall", "latitude": 41.028596031767606, "longitude": 28.992621032356578, "attraction_index": 1.0 }, "geometry": { "type": "Point", "coordinates": [ 28.992621032356578, 41.028596031767606 ] } },
{ "type": "Feature", "properties": { "poi_id": "P0127", "poi_name": "Leisure POI 0127", "category": "leisure", "latitude": 40.99532461251308, "longitude": 29.002945180176624, "attraction_index": 0.8093 }, "geometry": { "type": "Point", "coordinates": [ 29.002945180176624, 40.99532461251308 ] } },
{ "type": "Feature", "properties": { "poi_id": "P0128", "poi_name": "Transit POI 0128", "category": "transit", "latitude": 41.003500021444502, "longitude": 28.636745457231871, "attraction_index": 0.7301 }, "geometry": { "type": "Point", "coordinates": [ 28.636745457231871, 41.003500021444502 ] } },
{ "type": "Feature", "properties": { "poi_id": "P0129", "poi_name": "Office POI 0129", "category": "office", "latitude": 41.004391195065857, "longitude": 29.026906851587633, "attraction_index": 0.8372 }, "geometry": { "type": "Point", "coordinates": [ 29.026906851587633, 41.004391195065857 ] } },
{ "type": "Feature", "properties": { "poi_id": "P0130", "poi_name": "Office POI 0130", "category": "office", "latitude": 41.089482667279491, "longitude": 28.800968843780403, "attraction_index": 0.9515 }, "geometry": { "type": "Point", "coordinates": [ 28.800968843780403, 41.089482667279491 ] } },
{ "type": "Feature", "properties": { "poi_id": "P0131", "poi_name": "Leisure POI 0131", "category": "leisure", "latitude": 40.869458791905245, "longitude": 29.280644914877616, "attraction_index": 0.6675 }, "geometry": { "type": "Point", "coordinates": [ 29.280644914877616, 40.869458791905245 ] } },
{ "type": "Feature", "properties": { "poi_id": "P0132", "poi_name": "Transit POI 0132", "category": "transit", "latitude": 41.10225078321016, "longitude": 29.019677646108075, "attraction_index": 1.0 }, "geometry": { "type": "Point", "coordinates": [ 29.019677646108075, 41.10225078321016 ] } },
{ "type": "Feature", "properties": { "poi_id": "P0133", "poi_name": "Transit POI 0133", "category": "transit", "latitude": 41.037350363830015, "longitude": 28.654771858029189, "attraction_index": 0.8453 }, "geometry": { "type": "Point", "coordinates": [ 28.654771858029189, 41.037350363830015 ] } },
{ "type": "Feature", "properties": { "poi_id": "P0134", "poi_name": "Mall POI 0134", "category": "mall", "latitude": 40.984141485154247, "longitude": 29.153992394268293, "attraction_index": 0.8977 }, "geometry": { "type": "Point", "coordinates": [ 29.153992394268293, 40.984141485154247 ] } },
{ "type": "Feature", "properties": { "poi_id": "P0135", "poi_name": "University POI 0135", "category": "university", "latitude": 41.036074834776009, "longitude": 28.99388607140579, "attraction_index": 0.9903 }, "geometry": { "type": "Point", "coordinates": [ 28.99388607140579, 41.036074834776009 ] } },
{ "type": "Feature", "properties": { "poi_id": "P0136", "poi_name": "Hospital POI 0136", "category": "hospital", "latitude": 41.100362072116262, "longitude": 28.992649805908343, "attraction_index": 0.9063 }, "geometry": { "type": "Point", "coordinates": [ 28.992649805908343, 41.100362072116262 ] } },
{ "type": "Feature", "properties": { "poi_id": "P0137", "poi_name": "Transit POI 0137", "category": "transit", "latitude": 41.10179878977474, "longitude": 28.784668948620276, "attraction_index": 0.8918 }, "geometry": { "type": "Point", "coordinates": [ 28.784668948620276, 41.10179878977474 ] } },
{ "type": "Feature", "properties": { "poi_id": "P0138", "poi_name": "Hospital POI 0138", "category": "hospital", "latitude": 41.061869607816831, "longitude": 29.012909656538945, "attraction_index": 1.0 }, "geometry": { "type": "Point", "coordinates": [ 29.012909656538945, 41.061869607816831 ] } },
{ "type": "Feature", "properties": { "poi_id": "P0139", "poi_name": "Office POI 0139", "category": "office", "latitude": 40.986783817701401, "longitude": 29.233183034996799, "attraction_index": 0.8203 }, "geometry": { "type": "Point", "coordinates": [ 29.233183034996799, 40.986783817701401 ] } },
{ "type": "Feature", "properties": { "poi_id": "P0140", "poi_name": "Transit POI 0140", "category": "transit", "latitude": 40.991050710519076, "longitude": 29.011246810488423, "attraction_index": 0.9802 }, "geometry": { "type": "Point", "coordinates": [ 29.011246810488423, 40.991050710519076 ] } },
{ "type": "Feature", "properties": { "poi_id": "P0141", "poi_name": "Leisure POI 0141", "category": "leisure", "latitude": 40.892176624249373, "longitude": 29.273917425508152, "attraction_index": 0.8261 }, "geometry": { "type": "Point", "coordinates": [ 29.273917425508152, 40.892176624249373 ] } },
{ "type": "Feature", "properties": { "poi_id": "P0142", "poi_name": "Mall POI 0142", "category": "mall", "latitude": 40.931403404989467, "longitude": 29.159239816003485, "attraction_index": 1.0 }, "geometry": { "type": "Point", "coordinates": [ 29.159239816003485, 40.931403404989467 ] } },
{ "type": "Feature", "properties": { "poi_id": "P0143", "poi_name": "Transit POI 0143", "category": "transit", "latitude": 40.906499415901372, "longitude": 29.213583446006528, "attraction_index": 0.8246 }, "geometry": { "type": "Point", "coordinates": [ 29.213583446006528, 40.906499415901372 ] } },
{ "type": "Feature", "properties": { "poi_id": "P0144", "poi_name": "Office POI 0144", "category": "office", "latitude": 40.98780854922331, "longitude": 28.99780130152142, "attraction_index": 0.907 }, "geometry": { "type": "Point", "coordinates": [ 28.99780130152142, 40.98780854922331 ] } },
{ "type": "Feature", "properties": { "poi_id": "P0145", "poi_name": "Transit POI 0145", "category": "transit", "latitude": 41.02981939803287, "longitude": 28.952331459796245, "attraction_index": 0.9819 }, "geometry": { "type": "Point", "coordinates": [ 28.952331459796245, 41.02981939803287 ] } },
{ "type": "Feature", "properties": { "poi_id": "P0146", "poi_name": "Transit POI 0146", "category": "transit", "latitude": 41.032572981671791, "longitude": 28.676433181057025, "attraction_index": 0.6505 }, "geometry": { "type": "Point", "coordinates": [ 28.676433181057025, 41.032572981671791 ] } },
{ "type": "Feature", "properties": { "poi_id": "P0147", "poi_name": "Leisure POI 0147", "category": "leisure", "latitude": 41.022057031481395, "longitude": 28.984436456898592, "attraction_index": 0.9541 }, "geometry": { "type": "Point", "coordinates": [ 28.984436456898592, 41.022057031481395 ] } },
{ "type": "Feature", "properties": { "poi_id": "P0148", "poi_name": "Transit POI 0148", "category": "transit", "latitude": 41.054635942345257, "longitude": 28.675832140910103, "attraction_index": 0.9117 }, "geometry": { "type": "Point", "coordinates": [ 28.675832140910103, 41.054635942345257 ] } },
{ "type": "Feature", "properties": { "poi_id": "P0149", "poi_name": "Office POI 0149", "category": "office", "latitude": 40.891686297242053, "longitude": 29.291190255808313, "attraction_index": 0.599 }, "geometry": { "type": "Point", "coordinates": [ 29.291190255808313, 40.891686297242053 ] } },
{ "type": "Feature", "properties": { "poi_id": "P0150", "poi_name": "Office POI 0150", "category": "office", "latitude": 40.948049918458693, "longitude": 29.128246788141194, "attraction_index": 0.8654 }, "geometry": { "type": "Point", "coordinates": [ 29.128246788141194, 40.948049918458693 ] } },
{ "type": "Feature", "properties": { "poi_id": "P0151", "poi_name": "Transit POI 0151", "category": "transit", "latitude": 41.033961882107839, "longitude": 28.987728915246514, "attraction_index": 1.0 }, "geometry": { "type": "Point", "coordinates": [ 28.987728915246514, 41.033961882107839 ] } },
{ "type": "Feature", "properties": { "poi_id": "P0152", "poi_name": "University POI 0152", "category": "university", "latitude": 41.025113448314471, "longitude": 29.005456042381727, "attraction_index": 1.0 }, "geometry": { "type": "Point", "coordinates": [ 29.005456042381727, 41.025113448314471 ] } },
{ "type": "Feature", "properties": { "poi_id": "P0153", "poi_name": "Leisure POI 0153", "category": "leisure", "latitude": 41.066614140189415, "longitude": 28.976890724599905, "attraction_index": 0.8895 }, "geometry": { "type": "Point", "coordinates": [ 28.976890724599905, 41.066614140189415 ] } },
{ "type": "Feature", "properties": { "poi_id": "P0154", "poi_name": "Office POI 0154", "category": "office", "latitude": 41.085674118510298, "longitude": 28.906634111927914, "attraction_index": 0.834 }, "geometry": { "type": "Point", "coordinates": [ 28.906634111927914, 41.085674118510298 ] } },
{ "type": "Feature", "properties": { "poi_id": "P0155", "poi_name": "Hospital POI 0155", "category": "hospital", "latitude": 41.039650040180248, "longitude": 28.994058370103218, "attraction_index": 1.0 }, "geometry": { "type": "Point", "coordinates": [ 28.994058370103218, 41.039650040180248 ] } },
{ "type": "Feature", "properties": { "poi_id": "P0156", "poi_name": "University POI 0156", "category": "university", "latitude": 40.99186296570759, "longitude": 28.657404193407075, "attraction_index": 0.8853 }, "geometry": { "type": "Point", "coordinates": [ 28.657404193407075, 40.99186296570759 ] } },
{ "type": "Feature", "properties": { "poi_id": "P0157", "poi_name": "Office POI 0157", "category": "office", "latitude": 41.006937587990137, "longitude": 28.988753436792706, "attraction_index": 0.942 }, "geometry": { "type": "Point", "coordinates": [ 28.988753436792706, 41.006937587990137 ] } },
{ "type": "Feature", "properties": { "poi_id": "P0158", "poi_name": "University POI 0158", "category": "university", "latitude": 40.95444778661421, "longitude": 29.147876083340183, "attraction_index": 1.0 }, "geometry": { "type": "Point", "coordinates": [ 29.147876083340183, 40.95444778661421 ] } },
{ "type": "Feature", "properties": { "poi_id": "P0159", "poi_name": "Leisure POI 0159", "category": "leisure", "latitude": 41.01759632275089, "longitude": 29.03923367296111, "attraction_index": 0.9848 }, "geometry": { "type": "Point", "coordinates": [ 29.03923367296111, 41.01759632275089 ] } },
{ "type": "Feature", "properties": { "poi_id": "P0160", "poi_name": "Leisure POI 0160", "category": "leisure", "latitude": 40.960244420999096, "longitude": 29.040905985070353, "attraction_index": 0.9407 }, "geometry": { "type": "Point", "coordinates": [ 29.040905985070353, 40.960244420999096 ] } },
{ "type": "Feature", "properties": { "poi_id": "P0161", "poi_name": "Office POI 0161", "category": "office", "latitude": 41.001815155681349, "longitude": 29.242034334808455, "attraction_index": 0.8122 }, "geometry": { "type": "Point", "coordinates": [ 29.242034334808455, 41.001815155681349 ] } },
{ "type": "Feature", "properties": { "poi_id": "P0162", "poi_name": "Office POI 0162", "category": "office", "latitude": 41.036417905565074, "longitude": 28.99659807241683, "attraction_index": 0.8844 }, "geometry": { "type": "Point", "coordinates": [ 28.99659807241683, 41.036417905565074 ] } },
{ "type": "Feature", "properties": { "poi_id": "P0163", "poi_name": "Transit POI 0163", "category": "transit", "latitude": 41.005827725536847, "longitude": 29.237067230089981, "attraction_index": 0.7773 }, "geometry": { "type": "Point", "coordinates": [ 29.237067230089981, 41.005827725536847 ] } },
{ "type": "Feature", "properties": { "poi_id": "P0164", "poi_name": "Transit POI 0164", "category": "transit", "latitude": 41.03742256251477, "longitude": 29.002785526432184, "attraction_index": 0.8743 }, "geometry": { "type": "Point", "coordinates": [ 29.002785526432184, 41.03742256251477 ] } },
{ "type": "Feature", "properties": { "poi_id": "P0165", "poi_name": "Office POI 0165", "category": "office", "latitude": 41.020675301556714, "longitude": 28.66492994642854, "attraction_index": 0.822 }, "geometry": { "type": "Point", "coordinates": [ 28.66492994642854, 41.020675301556714 ] } },
{ "type": "Feature", "properties": { "poi_id": "P0166", "poi_name": "Mall POI 0166", "category": "mall", "latitude": 41.04554061561894, "longitude": 28.693768553702881, "attraction_index": 0.9054 }, "geometry": { "type": "Point", "coordinates": [ 28.693768553702881, 41.04554061561894 ] } },
{ "type": "Feature", "properties": { "poi_id": "P0167", "poi_name": "Leisure POI 0167", "category": "leisure", "latitude": 40.87214187873299, "longitude": 29.268691953079212, "attraction_index": 0.8444 }, "geometry": { "type": "Point", "coordinates": [ 29.268691953079212, 40.87214187873299 ] } },
{ "type": "Feature", "properties": { "poi_id": "P0168", "poi_name": "Mall POI 0168", "category": "mall", "latitude": 41.113323749448099, "longitude": 28.806944816467908, "attraction_index": 0.9518 }, "geometry": { "type": "Point", "coordinates": [ 28.806944816467908, 41.113323749448099 ] } },
{ "type": "Feature", "properties": { "poi_id": "P0169", "poi_name": "Transit POI 0169", "category": "transit", "latitude": 40.97411450726392, "longitude": 29.009288121937018, "attraction_index": 0.866 }, "geometry": { "type": "Point", "coordinates": [ 29.009288121937018, 40.97411450726392 ] } },
{ "type": "Feature", "properties": { "poi_id": "P0170", "poi_name": "Leisure POI 0170", "category": "leisure", "latitude": 41.061044821481794, "longitude": 28.967807198073963, "attraction_index": 1.0 }, "geometry": { "type": "Point", "coordinates": [ 28.967807198073963, 41.061044821481794 ] } },
{ "type": "Feature", "properties": { "poi_id": "P0171", "poi_name": "Leisure POI 0171", "category": "leisure", "latitude": 40.923467694258015, "longitude": 29.16743126524689, "attraction_index": 0.9382 }, "geometry": { "type": "Point", "coordinates": [ 29.16743126524689, 40.923467694258015 ] } },
{ "type": "Feature", "properties": { "poi_id": "P0172", "poi_name": "Hospital POI 0172", "category": "hospital", "latitude": 40.986818406544934, "longitude": 29.029805052999649, "attraction_index": 0.9949 }, "geometry": { "type": "Point", "coordinates": [ 29.029805052999649, 40.986818406544934 ] } },
{ "type": "Feature", "properties": { "poi_id": "P0173", "poi_name": "Leisure POI 0173", "category": "leisure", "latitude": 41.099560377501803, "longitude": 29.013313768736634, "attraction_index": 0.8259 }, "geometry": { "type": "Point", "coordinates": [ 29.013313768736634, 41.099560377501803 ] } },
{ "type": "Feature", "properties": { "poi_id": "P0174", "poi_name": "Transit POI 0174", "category": "transit", "latitude": 41.016533798898521, "longitude": 29.128148194703495, "attraction_index": 1.0 }, "geometry": { "type": "Point", "coordinates": [ 29.128148194703495, 41.016533798898521 ] } },
{ "type": "Feature", "properties": { "poi_id": "P0175", "poi_name": "Office POI 0175", "category": "office", "latitude": 41.059054057397724, "longitude": 28.997646784171131, "attraction_index": 0.8857 }, "geometry": { "type": "Point", "coordinates": [ 28.997646784171131, 41.059054057397724 ] } },
{ "type": "Feature", "properties": { "poi_id": "P0176", "poi_name": "Transit POI 0176", "category": "transit", "latitude": 41.001012370997962, "longitude": 29.125717035850421, "attraction_index": 0.8487 }, "geometry": { "type": "Point", "coordinates": [ 29.125717035850421, 41.001012370997962 ] } },
{ "type": "Feature", "properties": { "poi_id": "P0177", "poi_name": "Transit POI 0177", "category": "transit", "latitude": 41.113852443921758, "longitude": 28.802642548267109, "attraction_index": 0.767 }, "geometry": { "type": "Point", "coordinates": [ 28.802642548267109, 41.113852443921758 ] } },
{ "type": "Feature", "properties": { "poi_id": "P0178", "poi_name": "Mall POI 0178", "category": "mall", "latitude": 41.030824092858964, "longitude": 28.680217230193001, "attraction_index": 0.8581 }, "geometry": { "type": "Point", "coordinates": [ 28.680217230193001, 41.030824092858964 ] } },
{ "type": "Feature", "properties": { "poi_id": "P0179", "poi_name": "Transit POI 0179", "category": "transit", "latitude": 40.871355376933458, "longitude": 29.321707004572215, "attraction_index": 0.7377 }, "geometry": { "type": "Point", "coordinates": [ 29.321707004572215, 40.871355376933458 ] } },
{ "type": "Feature", "properties": { "poi_id": "P0180", "poi_name": "Leisure POI 0180", "category": "leisure", "latitude": 41.023663085860491, "longitude": 29.17344542101009, "attraction_index": 0.6833 }, "geometry": { "type": "Point", "coordinates": [ 29.17344542101009, 41.023663085860491 ] } },
{ "type": "Feature", "properties": { "poi_id": "P0181", "poi_name": "Leisure POI 0181", "category": "leisure", "latitude": 41.04489529204448, "longitude": 28.964467404679962, "attraction_index": 0.942 }, "geometry": { "type": "Point", "coordinates": [ 28.964467404679962, 41.04489529204448 ] } },
{ "type": "Feature", "properties": { "poi_id": "P0182", "poi_name": "Hospital POI 0182", "category": "hospital", "latitude": 41.071131442229941, "longitude": 28.954059431007575, "attraction_index": 0.912 }, "geometry": { "type": "Point", "coordinates": [ 28.954059431007575, 41.071131442229941 ] } },
{ "type": "Feature", "properties": { "poi_id": "P0183", "poi_name": "Transit POI 0183", "category": "transit", "latitude": 40.894357245444766, "longitude": 29.176868578029335, "attraction_index": 0.9297 }, "geometry": { "type": "Point", "coordinates": [ 29.176868578029335, 40.894357245444766 ] } },
{ "type": "Feature", "properties": { "poi_id": "P0184", "poi_name": "Transit POI 0184", "category": "transit", "latitude": 41.041641694464126, "longitude": 28.69471685685215, "attraction_index": 0.9495 }, "geometry": { "type": "Point", "coordinates": [ 28.69471685685215, 41.041641694464126 ] } },
{ "type": "Feature", "properties": { "poi_id": "P0185", "poi_name": "Transit POI 0185", "category": "transit", "latitude": 41.028117842646338, "longitude": 28.685102612527448, "attraction_index": 0.7946 }, "geometry": { "type": "Point", "coordinates": [ 28.685102612527448, 41.028117842646338 ] } },
{ "type": "Feature", "properties": { "poi_id": "P0186", "poi_name": "Transit POI 0186", "category": "transit", "latitude": 41.035970876978766, "longitude": 28.679334132960815, "attraction_index": 0.8985 }, "geometry": { "type": "Point", "coordinates": [ 28.679334132960815, 41.035970876978766 ] } },
{ "type": "Feature", "properties": { "poi_id": "P0187", "poi_name": "Office POI 0187", "category": "office", "latitude": 40.96989032831415, "longitude": 29.130678304552656, "attraction_index": 0.7894 }, "geometry": { "type": "Point", "coordinates": [ 29.130678304552656, 40.96989032831415 ] } },
{ "type": "Feature", "properties": { "poi_id": "P0188", "poi_name": "Office POI 0188", "category": "office", "latitude": 41.01065432993019, "longitude": 29.124207137427774, "attraction_index": 0.8942 }, "geometry": { "type": "Point", "coordinates": [ 29.124207137427774, 41.01065432993019 ] } },
{ "type": "Feature", "properties": { "poi_id": "P0189", "poi_name": "Leisure POI 0189", "category": "leisure", "latitude": 40.987879102292361, "longitude": 28.985259632140458, "attraction_index": 0.8377 }, "geometry": { "type": "Point", "coordinates": [ 28.985259632140458, 40.987879102292361 ] } },
{ "type": "Feature", "properties": { "poi_id": "P0190", "poi_name": "Leisure POI 0190", "category": "leisure", "latitude": 41.069719955348781, "longitude": 28.971777850429731, "attraction_index": 0.9921 }, "geometry": { "type": "Point", "coordinates": [ 28.971777850429731, 41.069719955348781 ] } },
{ "type": "Feature", "properties": { "poi_id": "P0191", "poi_name": "University POI 0191", "category": "university", "latitude": 40.984046056353208, "longitude": 28.863280154464547, "attraction_index": 1.0 }, "geometry": { "type": "Point", "coordinates": [ 28.863280154464547, 40.984046056353208 ] } },
{ "type": "Feature", "properties": { "poi_id": "P0192", "poi_name": "University POI 0192", "category": "university", "latitude": 40.987606922395742, "longitude": 29.236390450998066, "attraction_index": 0.8237 }, "geometry": { "type": "Point", "coordinates": [ 29.236390450998066, 40.987606922395742 ] } },
{ "type": "Feature", "properties": { "poi_id": "P0193", "poi_name": "Leisure POI 0193", "category": "leisure", "latitude": 41.105304150036311, "longitude": 28.999019654147492, "attraction_index": 0.7559 }, "geometry": { "type": "Point", "coordinates": [ 28.999019654147492, 41.105304150036311 ] } },
{ "type": "Feature", "properties": { "poi_id": "P0194", "poi_name": "Leisure POI 0194", "category": "leisure", "latitude": 40.990301193744465, "longitude": 29.056240350260769, "attraction_index": 0.9148 }, "geometry": { "type": "Point", "coordinates": [ 29.056240350260769, 40.990301193744465 ] } },
{ "type": "Feature", "properties": { "poi_id": "P0195", "poi_name": "Office POI 0195", "category": "office", "latitude": 41.053406056555318, "longitude": 29.030148832827592, "attraction_index": 0.8703 }, "geometry": { "type": "Point", "coordinates": [ 29.030148832827592, 41.053406056555318 ] } },
{ "type": "Feature", "properties": { "poi_id": "P0196", "poi_name": "Office POI 0196", "category": "office", "latitude": 41.024121936728122, "longitude": 28.994235719172515, "attraction_index": 0.917 }, "geometry": { "type": "Point", "coordinates": [ 28.994235719172515, 41.024121936728122 ] } },
{ "type": "Feature", "properties": { "poi_id": "P0197", "poi_name": "Hospital POI 0197", "category": "hospital", "latitude": 40.900564672115038, "longitude": 29.20112251455545, "attraction_index": 0.9557 }, "geometry": { "type": "Point", "coordinates": [ 29.20112251455545, 40.900564672115038 ] } },
{ "type": "Feature", "properties": { "poi_id": "P0198", "poi_name": "Leisure POI 0198", "category": "leisure", "latitude": 41.038114266703317, "longitude": 29.137147390430275, "attraction_index": 0.8655 }, "geometry": { "type": "Point", "coordinates": [ 29.137147390430275, 41.038114266703317 ] } },
{ "type": "Feature", "properties": { "poi_id": "P0199", "poi_name": "Leisure POI 0199", "category": "leisure", "latitude": 41.070913543004032, "longitude": 28.958431886307455, "attraction_index": 0.9555 }, "geometry": { "type": "Point", "coordinates": [ 28.958431886307455, 41.070913543004032 ] } },
{ "type": "Feature", "properties": { "poi_id": "P0200", "poi_name": "Office POI 0200", "category": "office", "latitude": 41.099918546945773, "longitude": 28.971589205228856, "attraction_index": 0.9515 }, "geometry": { "type": "Point", "coordinates": [ 28.971589205228856, 41.099918546945773 ] } },
{ "type": "Feature", "properties": { "poi_id": "P0201", "poi_name": "Office POI 0201", "category": "office", "latitude": 40.881414472741525, "longitude": 29.27502484173732, "attraction_index": 0.791 }, "geometry": { "type": "Point", "coordinates": [ 29.27502484173732, 40.881414472741525 ] } },
{ "type": "Feature", "properties": { "poi_id": "P0202", "poi_name": "Hospital POI 0202", "category": "hospital", "latitude": 41.018611455485555, "longitude": 29.027984014858806, "attraction_index": 0.8914 }, "geometry": { "type": "Point", "coordinates": [ 29.027984014858806, 41.018611455485555 ] } },
{ "type": "Feature", "properties": { "poi_id": "P0203", "poi_name": "University POI 0203", "category": "university", "latitude": 40.989907272799968, "longitude": 28.84136212287634, "attraction_index": 0.8919 }, "geometry": { "type": "Point", "coordinates": [ 28.84136212287634, 40.989907272799968 ] } },
{ "type": "Feature", "properties": { "poi_id": "P0204", "poi_name": "Transit POI 0204", "category": "transit", "latitude": 40.988727675034333, "longitude": 29.059031577643832, "attraction_index": 0.9862 }, "geometry": { "type": "Point", "coordinates": [ 29.059031577643832, 40.988727675034333 ] } },
{ "type": "Feature", "properties": { "poi_id": "P0205", "poi_name": "Transit POI 0205", "category": "transit", "latitude": 41.04232839769174, "longitude": 28.978767493727474, "attraction_index": 1.0 }, "geometry": { "type": "Point", "coordinates": [ 28.978767493727474, 41.04232839769174 ] } },
{ "type": "Feature", "properties": { "poi_id": "P0206", "poi_name": "Transit POI 0206", "category": "transit", "latitude": 40.993669934432823, "longitude": 28.859695411253359, "attraction_index": 0.9108 }, "geometry": { "type": "Point", "coordinates": [ 28.859695411253359, 40.993669934432823 ] } },
{ "type": "Feature", "properties": { "poi_id": "P0207", "poi_name": "Hospital POI 0207", "category": "hospital", "latitude": 41.028098990488026, "longitude": 29.00098974955791, "attraction_index": 0.8991 }, "geometry": { "type": "Point", "coordinates": [ 29.00098974955791, 41.028098990488026 ] } },
{ "type": "Feature", "properties": { "poi_id": "P0208", "poi_name": "Transit POI 0208", "category": "transit", "latitude": 41.044360688771228, "longitude": 29.006484454733844, "attraction_index": 0.9704 }, "geometry": { "type": "Point", "coordinates": [ 29.006484454733844, 41.044360688771228 ] } },
{ "type": "Feature", "properties": { "poi_id": "P0209", "poi_name": "Leisure POI 0209", "category": "leisure", "latitude": 41.070954717864261, "longitude": 28.991598426454161, "attraction_index": 0.8199 }, "geometry": { "type": "Point", "coordinates": [ 28.991598426454161, 41.070954717864261 ] } },
{ "type": "Feature", "properties": { "poi_id": "P0210", "poi_name": "Office POI 0210", "category": "office", "latitude": 40.857296905012049, "longitude": 29.312125153770737, "attraction_index": 0.8114 }, "geometry": { "type": "Point", "coordinates": [ 29.312125153770737, 40.857296905012049 ] } },
{ "type": "Feature", "properties": { "poi_id": "P0211", "poi_name": "Transit POI 0211", "category": "transit", "latitude": 41.101946174917266, "longitude": 28.986278695609606, "attraction_index": 0.8094 }, "geometry": { "type": "Point", "coordinates": [ 28.986278695609606, 41.101946174917266 ] } },
{ "type": "Feature", "properties": { "poi_id": "P0212", "poi_name": "Transit POI 0212", "category": "transit", "latitude": 41.026883444168838, "longitude": 29.012814452290858, "attraction_index": 0.9241 }, "geometry": { "type": "Point", "coordinates": [ 29.012814452290858, 41.026883444168838 ] } },
{ "type": "Feature", "properties": { "poi_id": "P0213", "poi_name": "Leisure POI 0213", "category": "leisure", "latitude": 40.993917478736911, "longitude": 28.61805993022779, "attraction_index": 0.878 }, "geometry": { "type": "Point", "coordinates": [ 28.61805993022779, 40.993917478736911 ] } },
{ "type": "Feature", "properties": { "poi_id": "P0214", "poi_name": "Leisure POI 0214", "category": "leisure", "latitude": 41.054888168089697, "longitude": 29.011183639196364, "attraction_index": 0.8063 }, "geometry": { "type": "Point", "coordinates": [ 29.011183639196364, 41.054888168089697 ] } },
{ "type": "Feature", "properties": { "poi_id": "P0215", "poi_name": "University POI 0215", "category": "university", "latitude": 41.119483769863152, "longitude": 28.778678051179028, "attraction_index": 0.6838 }, "geometry": { "type": "Point", "coordinates": [ 28.778678051179028, 41.119483769863152 ] } },
{ "type": "Feature", "properties": { "poi_id": "P0216", "poi_name": "Leisure POI 0216", "category": "leisure", "latitude": 41.078340624798713, "longitude": 29.045973851681715, "attraction_index": 0.9694 }, "geometry": { "type": "Point", "coordinates": [ 29.045973851681715, 41.078340624798713 ] } },
{ "type": "Feature", "properties": { "poi_id": "P0217", "poi_name": "Transit POI 0217", "category": "transit", "latitude": 41.038300938970849, "longitude": 28.976366882833229, "attraction_index": 0.8783 }, "geometry": { "type": "Point", "coordinates": [ 28.976366882833229, 41.038300938970849 ] } },
{ "type": "Feature", "properties": { "poi_id": "P0218", "poi_name": "Office POI 0218", "category": "office", "latitude": 41.012326771012795, "longitude": 29.136689032896399, "attraction_index": 0.7351 }, "geometry": { "type": "Point", "coordinates": [ 29.136689032896399, 41.012326771012795 ] } },
{ "type": "Feature", "properties": { "poi_id": "P0219", "poi_name": "Transit POI 0219", "category": "transit", "latitude": 41.070126710571131, "longitude": 28.985366564803346, "attraction_index": 0.8762 }, "geometry": { "type": "Point", "coordinates": [ 28.985366564803346, 41.070126710571131 ] } },
{ "type": "Feature", "properties": { "poi_id": "P0220", "poi_name": "Mall POI 0220", "category": "mall", "latitude": 41.044829134522793, "longitude": 28.980091085605324, "attraction_index": 0.8711 }, "geometry": { "type": "Point", "coordinates": [ 28.980091085605324, 41.044829134522793 ] } },
{ "type": "Feature", "properties": { "poi_id": "P0221", "poi_name": "Mall POI 0221", "category": "mall", "latitude": 41.019675099090996, "longitude": 29.018581597306628, "attraction_index": 0.9315 }, "geometry": { "type": "Point", "coordinates": [ 29.018581597306628, 41.019675099090996 ] } },
{ "type": "Feature", "properties": { "poi_id": "P0222", "poi_name": "Hospital POI 0222", "category": "hospital", "latitude": 41.090532014718292, "longitude": 28.976086644353906, "attraction_index": 0.769 }, "geometry": { "type": "Point", "coordinates": [ 28.976086644353906, 41.090532014718292 ] } },
{ "type": "Feature", "properties": { "poi_id": "P0223", "poi_name": "Mall POI 0223", "category": "mall", "latitude": 41.083179683782618, "longitude": 28.935375375416683, "attraction_index": 0.79 }, "geometry": { "type": "Point", "coordinates": [ 28.935375375416683, 41.083179683782618 ] } },
{ "type": "Feature", "properties": { "poi_id": "P0224", "poi_name": "Office POI 0224", "category": "office", "latitude": 40.991552648330803, "longitude": 29.072078192873608, "attraction_index": 0.937 }, "geometry": { "type": "Point", "coordinates": [ 29.072078192873608, 40.991552648330803 ] } },
{ "type": "Feature", "properties": { "poi_id": "P0225", "poi_name": "Leisure POI 0225", "category": "leisure", "latitude": 41.051416582143602, "longitude": 28.970069270428393, "attraction_index": 0.9797 }, "geometry": { "type": "Point", "coordinates": [ 28.970069270428393, 41.051416582143602 ] } },
{ "type": "Feature", "properties": { "poi_id": "P0226", "poi_name": "Leisure POI 0226", "category": "leisure", "latitude": 41.030297554492208, "longitude": 28.612202108291299, "attraction_index": 0.7146 }, "geometry": { "type": "Point", "coordinates": [ 28.612202108291299, 41.030297554492208 ] } },
{ "type": "Feature", "properties": { "poi_id": "P0227", "poi_name": "Transit POI 0227", "category": "transit", "latitude": 40.982882165885329, "longitude": 29.036247079977802, "attraction_index": 0.9941 }, "geometry": { "type": "Point", "coordinates": [ 29.036247079977802, 40.982882165885329 ] } },
{ "type": "Feature", "properties": { "poi_id": "P0228", "poi_name": "Leisure POI 0228", "category": "leisure", "latitude": 41.035181327743977, "longitude": 29.019374064540546, "attraction_index": 0.9492 }, "geometry": { "type": "Point", "coordinates": [ 29.019374064540546, 41.035181327743977 ] } },
{ "type": "Feature", "properties": { "poi_id": "P0229", "poi_name": "Office POI 0229", "category": "office", "latitude": 40.945737049303084, "longitude": 29.176811979925976, "attraction_index": 0.8919 }, "geometry": { "type": "Point", "coordinates": [ 29.176811979925976, 40.945737049303084 ] } },
{ "type": "Feature", "properties": { "poi_id": "P0230", "poi_name": "Leisure POI 0230", "category": "leisure", "latitude": 41.080230641349296, "longitude": 28.94361414510006, "attraction_index": 0.9204 }, "geometry": { "type": "Point", "coordinates": [ 28.94361414510006, 41.080230641349296 ] } },
{ "type": "Feature", "properties": { "poi_id": "P0231", "poi_name": "Transit POI 0231", "category": "transit", "latitude": 40.875263482085359, "longitude": 29.283919538878653, "attraction_index": 0.7656 }, "geometry": { "type": "Point", "coordinates": [ 29.283919538878653, 40.875263482085359 ] } },
{ "type": "Feature", "properties": { "poi_id": "P0232", "poi_name": "Leisure POI 0232", "category": "leisure", "latitude": 41.006712817034114, "longitude": 29.195462872659963, "attraction_index": 0.8635 }, "geometry": { "type": "Point", "coordinates": [ 29.195462872659963, 41.006712817034114 ] } },
{ "type": "Feature", "properties": { "poi_id": "P0233", "poi_name": "Transit POI 0233", "category": "transit", "latitude": 41.122072371100934, "longitude": 28.795363220650625, "attraction_index": 0.8613 }, "geometry": { "type": "Point", "coordinates": [ 28.795363220650625, 41.122072371100934 ] } },
{ "type": "Feature", "properties": { "poi_id": "P0234", "poi_name": "Transit POI 0234", "category": "transit", "latitude": 40.872371326495674, "longitude": 29.285501085089905, "attraction_index": 0.9998 }, "geometry": { "type": "Point", "coordinates": [ 29.285501085089905, 40.872371326495674 ] } },
{ "type": "Feature", "properties": { "poi_id": "P0235", "poi_name": "Office POI 0235", "category": "office", "latitude": 41.00660438509793, "longitude": 28.654784059712064, "attraction_index": 0.8641 }, "geometry": { "type": "Point", "coordinates": [ 28.654784059712064, 41.00660438509793 ] } },
{ "type": "Feature", "properties": { "poi_id": "P0236", "poi_name": "Transit POI 0236", "category": "transit", "latitude": 40.99461944039269, "longitude": 29.14328201078434, "attraction_index": 0.908 }, "geometry": { "type": "Point", "coordinates": [ 29.14328201078434, 40.99461944039269 ] } },
{ "type": "Feature", "properties": { "poi_id": "P0237", "poi_name": "University POI 0237", "category": "university", "latitude": 41.024588386132308, "longitude": 28.932628261553006, "attraction_index": 0.92 }, "geometry": { "type": "Point", "coordinates": [ 28.932628261553006, 41.024588386132308 ] } },
{ "type": "Feature", "properties": { "poi_id": "P0238", "poi_name": "Office POI 0238", "category": "office", "latitude": 40.828856598135822, "longitude": 29.259344175945184, "attraction_index": 0.7195 }, "geometry": { "type": "Point", "coordinates": [ 29.259344175945184, 40.828856598135822 ] } },
{ "type": "Feature", "properties": { "poi_id": "P0239", "poi_name": "Transit POI 0239", "category": "transit", "latitude": 40.938036748473756, "longitude": 29.175514058297402, "attraction_index": 0.8895 }, "geometry": { "type": "Point", "coordinates": [ 29.175514058297402, 40.938036748473756 ] } },
{ "type": "Feature", "properties": { "poi_id": "P0240", "poi_name": "Mall POI 0240", "category": "mall", "latitude": 41.023179023995667, "longitude": 29.11231862479082, "attraction_index": 1.0 }, "geometry": { "type": "Point", "coordinates": [ 29.11231862479082, 41.023179023995667 ] } },
{ "type": "Feature", "properties": { "poi_id": "P0241", "poi_name": "Hospital POI 0241", "category": "hospital", "latitude": 40.888950739686663, "longitude": 29.234830197369931, "attraction_index": 0.763 }, "geometry": { "type": "Point", "coordinates": [ 29.234830197369931, 40.888950739686663 ] } },
{ "type": "Feature", "properties": { "poi_id": "P0242", "poi_name": "Office POI 0242", "category": "office", "latitude": 41.012456739954445, "longitude": 29.043195302113904, "attraction_index": 0.8463 }, "geometry": { "type": "Point", "coordinates": [ 29.043195302113904, 41.012456739954445 ] } },
{ "type": "Feature", "properties": { "poi_id": "P0243", "poi_name": "Office POI 0243", "category": "office", "latitude": 40.996617892059568, "longitude": 28.859453056881751, "attraction_index": 0.9125 }, "geometry": { "type": "Point", "coordinates": [ 28.859453056881751, 40.996617892059568 ] } },
{ "type": "Feature", "properties": { "poi_id": "P0244", "poi_name": "Transit POI 0244", "category": "transit", "latitude": 40.878242382893312, "longitude": 29.27201196869569, "attraction_index": 0.8239 }, "geometry": { "type": "Point", "coordinates": [ 29.27201196869569, 40.878242382893312 ] } },
{ "type": "Feature", "properties": { "poi_id": "P0245", "poi_name": "Office POI 0245", "category": "office", "latitude": 40.981825185679405, "longitude": 29.264400060384972, "attraction_index": 0.8241 }, "geometry": { "type": "Point", "coordinates": [ 29.264400060384972, 40.981825185679405 ] } },
{ "type": "Feature", "properties": { "poi_id": "P0246", "poi_name": "Office POI 0246", "category": "office", "latitude": 41.036822235154368, "longitude": 29.123964432848137, "attraction_index": 0.9432 }, "geometry": { "type": "Point", "coordinates": [ 29.123964432848137, 41.036822235154368 ] } },
{ "type": "Feature", "properties": { "poi_id": "P0247", "poi_name": "Office POI 0247", "category": "office", "latitude": 41.006876910260758, "longitude": 29.213580788788558, "attraction_index": 0.8644 }, "geometry": { "type": "Point", "coordinates": [ 29.213580788788558, 41.006876910260758 ] } },
{ "type": "Feature", "properties": { "poi_id": "P0248", "poi_name": "Office POI 0248", "category": "office", "latitude": 41.041507117700796, "longitude": 28.709894329273855, "attraction_index": 0.9871 }, "geometry": { "type": "Point", "coordinates": [ 28.709894329273855, 41.041507117700796 ] } },
{ "type": "Feature", "properties": { "poi_id": "P0249", "poi_name": "Mall POI 0249", "category": "mall", "latitude": 41.003162751182309, "longitude": 28.859477389003388, "attraction_index": 0.929 }, "geometry": { "type": "Point", "coordinates": [ 28.859477389003388, 41.003162751182309 ] } },
{ "type": "Feature", "properties": { "poi_id": "P0250", "poi_name": "University POI 0250", "category": "university", "latitude": 40.990968892425045, "longitude": 28.847382561749107, "attraction_index": 0.8685 }, "geometry": { "type": "Point", "coordinates": [ 28.847382561749107, 40.990968892425045 ] } },
{ "type": "Feature", "properties": { "poi_id": "P0251", "poi_name": "Mall POI 0251", "category": "mall", "latitude": 41.040175620591064, "longitude": 29.008669352531925, "attraction_index": 1.0 }, "geometry": { "type": "Point", "coordinates": [ 29.008669352531925, 41.040175620591064 ] } },
{ "type": "Feature", "properties": { "poi_id": "P0252", "poi_name": "Transit POI 0252", "category": "transit", "latitude": 40.888835070424349, "longitude": 29.167017614575936, "attraction_index": 0.8074 }, "geometry": { "type": "Point", "coordinates": [ 29.167017614575936, 40.888835070424349 ] } },
{ "type": "Feature", "properties": { "poi_id": "P0253", "poi_name": "Mall POI 0253", "category": "mall", "latitude": 41.080967570996471, "longitude": 29.017301958152686, "attraction_index": 0.9397 }, "geometry": { "type": "Point", "coordinates": [ 29.017301958152686, 41.080967570996471 ] } },
{ "type": "Feature", "properties": { "poi_id": "P0254", "poi_name": "Leisure POI 0254", "category": "leisure", "latitude": 41.003878744041508, "longitude": 29.129102484338404, "attraction_index": 0.9489 }, "geometry": { "type": "Point", "coordinates": [ 29.129102484338404, 41.003878744041508 ] } },
{ "type": "Feature", "properties": { "poi_id": "P0255", "poi_name": "Transit POI 0255", "category": "transit", "latitude": 41.012810614493709, "longitude": 29.111488298578287, "attraction_index": 0.8025 }, "geometry": { "type": "Point", "coordinates": [ 29.111488298578287, 41.012810614493709 ] } },
{ "type": "Feature", "properties": { "poi_id": "P0256", "poi_name": "Mall POI 0256", "category": "mall", "latitude": 41.031161932060023, "longitude": 29.016979946355782, "attraction_index": 0.9432 }, "geometry": { "type": "Point", "coordinates": [ 29.016979946355782, 41.031161932060023 ] } },
{ "type": "Feature", "properties": { "poi_id": "P0257", "poi_name": "Hospital POI 0257", "category": "hospital", "latitude": 40.91718348278944, "longitude": 29.177829503467109, "attraction_index": 0.8181 }, "geometry": { "type": "Point", "coordinates": [ 29.177829503467109, 40.91718348278944 ] } },
{ "type": "Feature", "properties": { "poi_id": "P0258", "poi_name": "Office POI 0258", "category": "office", "latitude": 40.937043406859267, "longitude": 29.180489834116528, "attraction_index": 0.8821 }, "geometry": { "type": "Point", "coordinates": [ 29.180489834116528, 40.937043406859267 ] } },
{ "type": "Feature", "properties": { "poi_id": "P0259", "poi_name": "Transit POI 0259", "category": "transit", "latitude": 40.998275334895666, "longitude": 29.01980648039039, "attraction_index": 0.8973 }, "geometry": { "type": "Point", "coordinates": [ 29.01980648039039, 40.998275334895666 ] } },
{ "type": "Feature", "properties": { "poi_id": "P0260", "poi_name": "Mall POI 0260", "category": "mall", "latitude": 41.034836642921121, "longitude": 29.019523347889166, "attraction_index": 0.9031 }, "geometry": { "type": "Point", "coordinates": [ 29.019523347889166, 41.034836642921121 ] } },
{ "type": "Feature", "properties": { "poi_id": "P0261", "poi_name": "Office POI 0261", "category": "office", "latitude": 41.088598532218491, "longitude": 28.756453485761789, "attraction_index": 0.7535 }, "geometry": { "type": "Point", "coordinates": [ 28.756453485761789, 41.088598532218491 ] } },
{ "type": "Feature", "properties": { "poi_id": "P0262", "poi_name": "University POI 0262", "category": "university", "latitude": 41.028351234464445, "longitude": 28.97020319104783, "attraction_index": 0.8993 }, "geometry": { "type": "Point", "coordinates": [ 28.97020319104783, 41.028351234464445 ] } },
{ "type": "Feature", "properties": { "poi_id": "P0263", "poi_name": "Leisure POI 0263", "category": "leisure", "latitude": 40.881787177831811, "longitude": 29.276239035601876, "attraction_index": 0.6838 }, "geometry": { "type": "Point", "coordinates": [ 29.276239035601876, 40.881787177831811 ] } },
{ "type": "Feature", "properties": { "poi_id": "P0264", "poi_name": "Office POI 0264", "category": "office", "latitude": 40.935436442911573, "longitude": 29.212260036824379, "attraction_index": 0.7654 }, "geometry": { "type": "Point", "coordinates": [ 29.212260036824379, 40.935436442911573 ] } },
{ "type": "Feature", "properties": { "poi_id": "P0265", "poi_name": "Office POI 0265", "category": "office", "latitude": 41.058857349492037, "longitude": 28.977929991959879, "attraction_index": 0.8037 }, "geometry": { "type": "Point", "coordinates": [ 28.977929991959879, 41.058857349492037 ] } },
{ "type": "Feature", "properties": { "poi_id": "P0266", "poi_name": "Office POI 0266", "category": "office", "latitude": 41.028365811617284, "longitude": 28.86823167051028, "attraction_index": 0.8126 }, "geometry": { "type": "Point", "coordinates": [ 28.86823167051028, 41.028365811617284 ] } },
{ "type": "Feature", "properties": { "poi_id": "P0267", "poi_name": "Transit POI 0267", "category": "transit", "latitude": 40.994846448025633, "longitude": 28.869789185832609, "attraction_index": 0.9275 }, "geometry": { "type": "Point", "coordinates": [ 28.869789185832609, 40.994846448025633 ] } },
{ "type": "Feature", "properties": { "poi_id": "P0268", "poi_name": "University POI 0268", "category": "university", "latitude": 41.036075121417518, "longitude": 28.993311093213912, "attraction_index": 1.0 }, "geometry": { "type": "Point", "coordinates": [ 28.993311093213912, 41.036075121417518 ] } },
{ "type": "Feature", "properties": { "poi_id": "P0269", "poi_name": "Leisure POI 0269", "category": "leisure", "latitude": 41.020460980166298, "longitude": 29.242350125050503, "attraction_index": 0.8267 }, "geometry": { "type": "Point", "coordinates": [ 29.242350125050503, 41.020460980166298 ] } },
{ "type": "Feature", "properties": { "poi_id": "P0270", "poi_name": "Leisure POI 0270", "category": "leisure", "latitude": 40.971941745578896, "longitude": 29.040867971085536, "attraction_index": 0.9147 }, "geometry": { "type": "Point", "coordinates": [ 29.040867971085536, 40.971941745578896 ] } },
{ "type": "Feature", "properties": { "poi_id": "P0271", "poi_name": "Transit POI 0271", "category": "transit", "latitude": 41.061494153586665, "longitude": 28.997561001051064, "attraction_index": 0.8638 }, "geometry": { "type": "Point", "coordinates": [ 28.997561001051064, 41.061494153586665 ] } },
{ "type": "Feature", "properties": { "poi_id": "P0272", "poi_name": "Transit POI 0272", "category": "transit", "latitude": 41.039471176109515, "longitude": 29.125839661739157, "attraction_index": 0.824 }, "geometry": { "type": "Point", "coordinates": [ 29.125839661739157, 41.039471176109515 ] } },
{ "type": "Feature", "properties": { "poi_id": "P0273", "poi_name": "Leisure POI 0273", "category": "leisure", "latitude": 40.95749301270429, "longitude": 29.043065666331856, "attraction_index": 1.0 }, "geometry": { "type": "Point", "coordinates": [ 29.043065666331856, 40.95749301270429 ] } },
{ "type": "Feature", "properties": { "poi_id": "P0274", "poi_name": "Mall POI 0274", "category": "mall", "latitude": 41.030734099438718, "longitude": 28.987932733847835, "attraction_index": 0.9321 }, "geometry": { "type": "Point", "coordinates": [ 28.987932733847835, 41.030734099438718 ] } },
{ "type": "Feature", "properties": { "poi_id": "P0275", "poi_name": "Leisure POI 0275", "category": "leisure", "latitude": 40.999193024725088, "longitude": 28.620920211526492, "attraction_index": 0.7512 }, "geometry": { "type": "Point", "coordinates": [ 28.620920211526492, 40.999193024725088 ] } },
{ "type": "Feature", "properties": { "poi_id": "P0276", "poi_name": "Leisure POI 0276", "category": "leisure", "latitude": 40.982612593219905, "longitude": 29.03998126000474, "attraction_index": 0.9401 }, "geometry": { "type": "Point", "coordinates": [ 29.03998126000474, 40.982612593219905 ] } },
{ "type": "Feature", "properties": { "poi_id": "P0277", "poi_name": "University POI 0277", "category": "university", "latitude": 40.984852707561835, "longitude": 28.85925655293434, "attraction_index": 0.813 }, "geometry": { "type": "Point", "coordinates": [ 28.85925655293434, 40.984852707561835 ] } },
{ "type": "Feature", "properties": { "poi_id": "P0278", "poi_name": "Leisure POI 0278", "category": "leisure", "latitude": 41.028010637441092, "longitude": 29.142073055704774, "attraction_index": 0.8724 }, "geometry": { "type": "Point", "coordinates": [ 29.142073055704774, 41.028010637441092 ] } },
{ "type": "Feature", "properties": { "poi_id": "P0279", "poi_name": "Leisure POI 0279", "category": "leisure", "latitude": 41.082076069673441, "longitude": 28.993202997988782, "attraction_index": 0.9888 }, "geometry": { "type": "Point", "coordinates": [ 28.993202997988782, 41.082076069673441 ] } },
{ "type": "Feature", "properties": { "poi_id": "P0280", "poi_name": "Hospital POI 0280", "category": "hospital", "latitude": 40.904412381073712, "longitude": 29.310426534514175, "attraction_index": 0.705 }, "geometry": { "type": "Point", "coordinates": [ 29.310426534514175, 40.904412381073712 ] } },
{ "type": "Feature", "properties": { "poi_id": "P0281", "poi_name": "Office POI 0281", "category": "office", "latitude": 41.067788042075911, "longitude": 29.02661477387004, "attraction_index": 0.6857 }, "geometry": { "type": "Point", "coordinates": [ 29.02661477387004, 41.067788042075911 ] } },
{ "type": "Feature", "properties": { "poi_id": "P0282", "poi_name": "Mall POI 0282", "category": "mall", "latitude": 41.032412153110521, "longitude": 29.01308347460186, "attraction_index": 0.9043 }, "geometry": { "type": "Point", "coordinates": [ 29.01308347460186, 41.032412153110521 ] } },
{ "type": "Feature", "properties": { "poi_id": "P0283", "poi_name": "Office POI 0283", "category": "office", "latitude": 41.016568868553733, "longitude": 29.221107115380022, "attraction_index": 0.7295 }, "geometry": { "type": "Point", "coordinates": [ 29.221107115380022, 41.016568868553733 ] } },
{ "type": "Feature", "properties": { "poi_id": "P0284", "poi_name": "Mall POI 0284", "category": "mall", "latitude": 41.101060409519178, "longitude": 28.817481335264475, "attraction_index": 0.8639 }, "geometry": { "type": "Point", "coordinates": [ 28.817481335264475, 41.101060409519178 ] } },
{ "type": "Feature", "properties": { "poi_id": "P0285", "poi_name": "Office POI 0285", "category": "office", "latitude": 41.019173995202941, "longitude": 28.989038697390818, "attraction_index": 0.9228 }, "geometry": { "type": "Point", "coordinates": [ 28.989038697390818, 41.019173995202941 ] } },
{ "type": "Feature", "properties": { "poi_id": "P0286", "poi_name": "Office POI 0286", "category": "office", "latitude": 40.882797709795092, "longitude": 29.261725915973219, "attraction_index": 0.8069 }, "geometry": { "type": "Point", "coordinates": [ 29.261725915973219, 40.882797709795092 ] } },
{ "type": "Feature", "properties": { "poi_id": "P0287", "poi_name": "Office POI 0287", "category": "office", "latitude": 41.017205040529767, "longitude": 28.848690270793455, "attraction_index": 0.797 }, "geometry": { "type": "Point", "coordinates": [ 28.848690270793455, 41.017205040529767 ] } },
{ "type": "Feature", "properties": { "poi_id": "P0288", "poi_name": "Leisure POI 0288", "category": "leisure", "latitude": 40.883252172322621, "longitude": 29.17950073086784, "attraction_index": 0.7757 }, "geometry": { "type": "Point", "coordinates": [ 29.17950073086784, 40.883252172322621 ] } },
{ "type": "Feature", "properties": { "poi_id": "P0289", "poi_name": "Transit POI 0289", "category": "transit", "latitude": 40.995405207087494, "longitude": 29.115446318464453, "attraction_index": 0.8841 }, "geometry": { "type": "Point", "coordinates": [ 29.115446318464453, 40.995405207087494 ] } },
{ "type": "Feature", "properties": { "poi_id": "P0290", "poi_name": "Transit POI 0290", "category": "transit", "latitude": 40.906007591597756, "longitude": 29.183890249869478, "attraction_index": 0.8587 }, "geometry": { "type": "Point", "coordinates": [ 29.183890249869478, 40.906007591597756 ] } },
{ "type": "Feature", "properties": { "poi_id": "P0291", "poi_name": "Transit POI 0291", "category": "transit", "latitude": 41.092086262392371, "longitude": 29.014671624904562, "attraction_index": 0.8906 }, "geometry": { "type": "Point", "coordinates": [ 29.014671624904562, 41.092086262392371 ] } },
{ "type": "Feature", "properties": { "poi_id": "P0292", "poi_name": "Mall POI 0292", "category": "mall", "latitude": 41.050222530914773, "longitude": 29.005949738903482, "attraction_index": 1.0 }, "geometry": { "type": "Point", "coordinates": [ 29.005949738903482, 41.050222530914773 ] } },
{ "type": "Feature", "properties": { "poi_id": "P0293", "poi_name": "Office POI 0293", "category": "office", "latitude": 41.003358134259337, "longitude": 29.203030601932618, "attraction_index": 0.715 }, "geometry": { "type": "Point", "coordinates": [ 29.203030601932618, 41.003358134259337 ] } },
{ "type": "Feature", "properties": { "poi_id": "P0294", "poi_name": "Transit POI 0294", "category": "transit", "latitude": 40.980818645001989, "longitude": 29.022618243764441, "attraction_index": 0.8247 }, "geometry": { "type": "Point", "coordinates": [ 29.022618243764441, 40.980818645001989 ] } },
{ "type": "Feature", "properties": { "poi_id": "P0295", "poi_name": "Transit POI 0295", "category": "transit", "latitude": 40.974795520890524, "longitude": 28.863962756428357, "attraction_index": 0.9073 }, "geometry": { "type": "Point", "coordinates": [ 28.863962756428357, 40.974795520890524 ] } },
{ "type": "Feature", "properties": { "poi_id": "P0296", "poi_name": "Transit POI 0296", "category": "transit", "latitude": 40.870943690082143, "longitude": 29.284943724283973, "attraction_index": 0.8405 }, "geometry": { "type": "Point", "coordinates": [ 29.284943724283973, 40.870943690082143 ] } },
{ "type": "Feature", "properties": { "poi_id": "P0297", "poi_name": "Mall POI 0297", "category": "mall", "latitude": 41.026655200725607, "longitude": 28.978761857900672, "attraction_index": 0.9992 }, "geometry": { "type": "Point", "coordinates": [ 28.978761857900672, 41.026655200725607 ] } },
{ "type": "Feature", "properties": { "poi_id": "P0298", "poi_name": "Hospital POI 0298", "category": "hospital", "latitude": 40.934364202915035, "longitude": 29.19279763173251, "attraction_index": 0.9939 }, "geometry": { "type": "Point", "coordinates": [ 29.19279763173251, 40.934364202915035 ] } },
{ "type": "Feature", "properties": { "poi_id": "P0299", "poi_name": "Leisure POI 0299", "category": "leisure", "latitude": 40.998843825037099, "longitude": 28.891474329125046, "attraction_index": 0.9447 }, "geometry": { "type": "Point", "coordinates": [ 28.891474329125046, 40.998843825037099 ] } },
{ "type": "Feature", "properties": { "poi_id": "P0300", "poi_name": "Hospital POI 0300", "category": "hospital", "latitude": 40.992291720804502, "longitude": 28.885738344972893, "attraction_index": 0.9333 }, "geometry": { "type": "Point", "coordinates": [ 28.885738344972893, 40.992291720804502 ] } },
{ "type": "Feature", "properties": { "poi_id": "P0301", "poi_name": "Transit POI 0301", "category": "transit", "latitude": 41.03657656019702, "longitude": 28.695052416340729, "attraction_index": 0.8525 }, "geometry": { "type": "Point", "coordinates": [ 28.695052416340729, 41.03657656019702 ] } },
{ "type": "Feature", "properties": { "poi_id": "P0302", "poi_name": "Transit POI 0302", "category": "transit", "latitude": 41.08245065690712, "longitude": 29.012171782399502, "attraction_index": 0.8268 }, "geometry": { "type": "Point", "coordinates": [ 29.012171782399502, 41.08245065690712 ] } },
{ "type": "Feature", "properties": { "poi_id": "P0303", "poi_name": "Leisure POI 0303", "category": "leisure", "latitude": 41.013163463171864, "longitude": 29.121422859778935, "attraction_index": 0.9527 }, "geometry": { "type": "Point", "coordinates": [ 29.121422859778935, 41.013163463171864 ] } },
{ "type": "Feature", "properties": { "poi_id": "P0304", "poi_name": "Hospital POI 0304", "category": "hospital", "latitude": 41.037139566998206, "longitude": 29.056641915227768, "attraction_index": 0.9723 }, "geometry": { "type": "Point", "coordinates": [ 29.056641915227768, 41.037139566998206 ] } },
{ "type": "Feature", "properties": { "poi_id": "P0305", "poi_name": "Hospital POI 0305", "category": "hospital", "latitude": 40.899784692758367, "longitude": 29.193239114048382, "attraction_index": 0.8653 }, "geometry": { "type": "Point", "coordinates": [ 29.193239114048382, 40.899784692758367 ] } },
{ "type": "Feature", "properties": { "poi_id": "P0306", "poi_name": "Office POI 0306", "category": "office", "latitude": 40.988753843035532, "longitude": 29.120438580782047, "attraction_index": 1.0 }, "geometry": { "type": "Point", "coordinates": [ 29.120438580782047, 40.988753843035532 ] } },
{ "type": "Feature", "properties": { "poi_id": "P0307", "poi_name": "Transit POI 0307", "category": "transit", "latitude": 40.93802197768801, "longitude": 29.150969554951821, "attraction_index": 0.8478 }, "geometry": { "type": "Point", "coordinates": [ 29.150969554951821, 40.93802197768801 ] } },
{ "type": "Feature", "properties": { "poi_id": "P0308", "poi_name": "Office POI 0308", "category": "office", "latitude": 40.990488830057792, "longitude": 28.649558026471091, "attraction_index": 0.8128 }, "geometry": { "type": "Point", "coordinates": [ 28.649558026471091, 40.990488830057792 ] } },
{ "type": "Feature", "properties": { "poi_id": "P0309", "poi_name": "Transit POI 0309", "category": "transit", "latitude": 40.975442504820478, "longitude": 29.128161826730228, "attraction_index": 1.0 }, "geometry": { "type": "Point", "coordinates": [ 29.128161826730228, 40.975442504820478 ] } },
{ "type": "Feature", "properties": { "poi_id": "P0310", "poi_name": "Office POI 0310", "category": "office", "latitude": 41.085175546932874, "longitude": 28.962718100533934, "attraction_index": 0.937 }, "geometry": { "type": "Point", "coordinates": [ 28.962718100533934, 41.085175546932874 ] } },
{ "type": "Feature", "properties": { "poi_id": "P0311", "poi_name": "Leisure POI 0311", "category": "leisure", "latitude": 41.030425023561897, "longitude": 29.132423671856646, "attraction_index": 1.0 }, "geometry": { "type": "Point", "coordinates": [ 29.132423671856646, 41.030425023561897 ] } },
{ "type": "Feature", "properties": { "poi_id": "P0312", "poi_name": "Leisure POI 0312", "category": "leisure", "latitude": 41.010666815963404, "longitude": 29.103772138998263, "attraction_index": 0.8412 }, "geometry": { "type": "Point", "coordinates": [ 29.103772138998263, 41.010666815963404 ] } },
{ "type": "Feature", "properties": { "poi_id": "P0313", "poi_name": "Mall POI 0313", "category": "mall", "latitude": 40.991208964725104, "longitude": 28.879860490788907, "attraction_index": 0.8438 }, "geometry": { "type": "Point", "coordinates": [ 28.879860490788907, 40.991208964725104 ] } },
{ "type": "Feature", "properties": { "poi_id": "P0314", "poi_name": "Leisure POI 0314", "category": "leisure", "latitude": 40.98746933939784, "longitude": 29.012394202138857, "attraction_index": 0.9482 }, "geometry": { "type": "Point", "coordinates": [ 29.012394202138857, 40.98746933939784 ] } },
{ "type": "Feature", "properties": { "poi_id": "P0315", "poi_name": "Leisure POI 0315", "category": "leisure", "latitude": 41.047223775376764, "longitude": 28.951693568870311, "attraction_index": 0.9851 }, "geometry": { "type": "Point", "coordinates": [ 28.951693568870311, 41.047223775376764 ] } },
{ "type": "Feature", "properties": { "poi_id": "P0316", "poi_name": "Transit POI 0316", "category": "transit", "latitude": 41.105628652557847, "longitude": 28.81217381912947, "attraction_index": 0.8044 }, "geometry": { "type": "Point", "coordinates": [ 28.81217381912947, 41.105628652557847 ] } },
{ "type": "Feature", "properties": { "poi_id": "P0317", "poi_name": "Transit POI 0317", "category": "transit", "latitude": 41.009060984998534, "longitude": 29.124096866239903, "attraction_index": 1.0 }, "geometry": { "type": "Point", "coordinates": [ 29.124096866239903, 41.009060984998534 ] } },
{ "type": "Feature", "properties": { "poi_id": "P0318", "poi_name": "Leisure POI 0318", "category": "leisure", "latitude": 41.113210258869451, "longitude": 28.982289357856455, "attraction_index": 0.9339 }, "geometry": { "type": "Point", "coordinates": [ 28.982289357856455, 41.113210258869451 ] } },
{ "type": "Feature", "properties": { "poi_id": "P0319", "poi_name": "Hospital POI 0319", "category": "hospital", "latitude": 40.878313996549572, "longitude": 29.312346847751503, "attraction_index": 0.8629 }, "geometry": { "type": "Point", "coordinates": [ 29.312346847751503, 40.878313996549572 ] } },
{ "type": "Feature", "properties": { "poi_id": "P0320", "poi_name": "Office POI 0320", "category": "office", "latitude": 41.082636367804639, "longitude": 28.974633132378052, "attraction_index": 0.9063 }, "geometry": { "type": "Point", "coordinates": [ 28.974633132378052, 41.082636367804639 ] } },
{ "type": "Feature", "properties": { "poi_id": "P0321", "poi_name": "Transit POI 0321", "category": "transit", "latitude": 40.979308929154513, "longitude": 28.863278358329413, "attraction_index": 1.0 }, "geometry": { "type": "Point", "coordinates": [ 28.863278358329413, 40.979308929154513 ] } },
{ "type": "Feature", "properties": { "poi_id": "P0322", "poi_name": "Mall POI 0322", "category": "mall", "latitude": 41.083828115609336, "longitude": 28.947409810235378, "attraction_index": 0.766 }, "geometry": { "type": "Point", "coordinates": [ 28.947409810235378, 41.083828115609336 ] } },
{ "type": "Feature", "properties": { "poi_id": "P0323", "poi_name": "Mall POI 0323", "category": "mall", "latitude": 41.027911884666018, "longitude": 28.995837115483706, "attraction_index": 1.0 }, "geometry": { "type": "Point", "coordinates": [ 28.995837115483706, 41.027911884666018 ] } },
{ "type": "Feature", "properties": { "poi_id": "P0324", "poi_name": "Office POI 0324", "category": "office", "latitude": 41.027604574865251, "longitude": 28.981996716076026, "attraction_index": 0.9118 }, "geometry": { "type": "Point", "coordinates": [ 28.981996716076026, 41.027604574865251 ] } },
{ "type": "Feature", "properties": { "poi_id": "P0325", "poi_name": "Hospital POI 0325", "category": "hospital", "latitude": 40.853906779723694, "longitude": 29.237314212604126, "attraction_index": 0.9911 }, "geometry": { "type": "Point", "coordinates": [ 29.237314212604126, 40.853906779723694 ] } },
{ "type": "Feature", "properties": { "poi_id": "P0326", "poi_name": "Office POI 0326", "category": "office", "latitude": 41.017686203084544, "longitude": 29.272764909631832, "attraction_index": 0.844 }, "geometry": { "type": "Point", "coordinates": [ 29.272764909631832, 41.017686203084544 ] } },
{ "type": "Feature", "properties": { "poi_id": "P0327", "poi_name": "Leisure POI 0327", "category": "leisure", "latitude": 41.034811864505279, "longitude": 28.83890947556921, "attraction_index": 0.9712 }, "geometry": { "type": "Point", "coordinates": [ 28.83890947556921, 41.034811864505279 ] } },
{ "type": "Feature", "properties": { "poi_id": "P0328", "poi_name": "Office POI 0328", "category": "office", "latitude": 40.996257007868088, "longitude": 28.830808406984719, "attraction_index": 0.8659 }, "geometry": { "type": "Point", "coordinates": [ 28.830808406984719, 40.996257007868088 ] } },
{ "type": "Feature", "properties": { "poi_id": "P0329", "poi_name": "Hospital POI 0329", "category": "hospital", "latitude": 41.019347750328521, "longitude": 28.995126818438433, "attraction_index": 0.9748 }, "geometry": { "type": "Point", "coordinates": [ 28.995126818438433, 41.019347750328521 ] } },
{ "type": "Feature", "properties": { "poi_id": "P0330", "poi_name": "Leisure POI 0330", "category": "leisure", "latitude": 40.997014631039249, "longitude": 29.093747313894426, "attraction_index": 0.8358 }, "geometry": { "type": "Point", "coordinates": [ 29.093747313894426, 40.997014631039249 ] } },
{ "type": "Feature", "properties": { "poi_id": "P0331", "poi_name": "Leisure POI 0331", "category": "leisure", "latitude": 41.042278028487097, "longitude": 29.025303541986691, "attraction_index": 1.0 }, "geometry": { "type": "Point", "coordinates": [ 29.025303541986691, 41.042278028487097 ] } },
{ "type": "Feature", "properties": { "poi_id": "P0332", "poi_name": "Hospital POI 0332", "category": "hospital", "latitude": 41.050796869779553, "longitude": 29.006024801127356, "attraction_index": 0.9332 }, "geometry": { "type": "Point", "coordinates": [ 29.006024801127356, 41.050796869779553 ] } },
{ "type": "Feature", "properties": { "poi_id": "P0333", "poi_name": "Office POI 0333", "category": "office", "latitude": 40.990813577688897, "longitude": 28.894211225651549, "attraction_index": 0.8243 }, "geometry": { "type": "Point", "coordinates": [ 28.894211225651549, 40.990813577688897 ] } },
{ "type": "Feature", "properties": { "poi_id": "P0334", "poi_name": "Hospital POI 0334", "category": "hospital", "latitude": 41.062482196483849, "longitude": 29.037440586654288, "attraction_index": 1.0 }, "geometry": { "type": "Point", "coordinates": [ 29.037440586654288, 41.062482196483849 ] } },
{ "type": "Feature", "properties": { "poi_id": "P0335", "poi_name": "Transit POI 0335", "category": "transit", "latitude": 40.989558242934301, "longitude": 29.239463250447052, "attraction_index": 0.7861 }, "geometry": { "type": "Point", "coordinates": [ 29.239463250447052, 40.989558242934301 ] } },
{ "type": "Feature", "properties": { "poi_id": "P0336", "poi_name": "Transit POI 0336", "category": "transit", "latitude": 41.02148876841634, "longitude": 29.235230288908649, "attraction_index": 0.7746 }, "geometry": { "type": "Point", "coordinates": [ 29.235230288908649, 41.02148876841634 ] } },
{ "type": "Feature", "properties": { "poi_id": "P0337", "poi_name": "Office POI 0337", "category": "office", "latitude": 40.980574280312879, "longitude": 29.129636197887415, "attraction_index": 0.9851 }, "geometry": { "type": "Point", "coordinates": [ 29.129636197887415, 40.980574280312879 ] } },
{ "type": "Feature", "properties": { "poi_id": "P0338", "poi_name": "Leisure POI 0338", "category": "leisure", "latitude": 41.019194237377121, "longitude": 28.968159509553722, "attraction_index": 0.7973 }, "geometry": { "type": "Point", "coordinates": [ 28.968159509553722, 41.019194237377121 ] } },
{ "type": "Feature", "properties": { "poi_id": "P0339", "poi_name": "Office POI 0339", "category": "office", "latitude": 41.121709674463041, "longitude": 28.984601498710365, "attraction_index": 0.8601 }, "geometry": { "type": "Point", "coordinates": [ 28.984601498710365, 41.121709674463041 ] } },
{ "type": "Feature", "properties": { "poi_id": "P0340", "poi_name": "Mall POI 0340", "category": "mall", "latitude": 40.987976707692383, "longitude": 29.23055210519486, "attraction_index": 0.6027 }, "geometry": { "type": "Point", "coordinates": [ 29.23055210519486, 40.987976707692383 ] } },
{ "type": "Feature", "properties": { "poi_id": "P0341", "poi_name": "Mall POI 0341", "category": "mall", "latitude": 41.097404626088299, "longitude": 29.024718111520727, "attraction_index": 0.8693 }, "geometry": { "type": "Point", "coordinates": [ 29.024718111520727, 41.097404626088299 ] } },
{ "type": "Feature", "properties": { "poi_id": "P0342", "poi_name": "Office POI 0342", "category": "office", "latitude": 40.954813689699854, "longitude": 29.177611842960253, "attraction_index": 0.9221 }, "geometry": { "type": "Point", "coordinates": [ 29.177611842960253, 40.954813689699854 ] } },
{ "type": "Feature", "properties": { "poi_id": "P0343", "poi_name": "Leisure POI 0343", "category": "leisure", "latitude": 41.072394090992439, "longitude": 28.807436683004809, "attraction_index": 0.8589 }, "geometry": { "type": "Point", "coordinates": [ 28.807436683004809, 41.072394090992439 ] } },
{ "type": "Feature", "properties": { "poi_id": "P0344", "poi_name": "Office POI 0344", "category": "office", "latitude": 41.034315001426201, "longitude": 28.994997507466305, "attraction_index": 0.9998 }, "geometry": { "type": "Point", "coordinates": [ 28.994997507466305, 41.034315001426201 ] } },
{ "type": "Feature", "properties": { "poi_id": "P0345", "poi_name": "Transit POI 0345", "category": "transit", "latitude": 41.036996189713243, "longitude": 29.002704558578127, "attraction_index": 0.9118 }, "geometry": { "type": "Point", "coordinates": [ 29.002704558578127, 41.036996189713243 ] } },
{ "type": "Feature", "properties": { "poi_id": "P0346", "poi_name": "Transit POI 0346", "category": "transit", "latitude": 41.020595705631884, "longitude": 29.140966150331412, "attraction_index": 0.8519 }, "geometry": { "type": "Point", "coordinates": [ 29.140966150331412, 41.020595705631884 ] } },
{ "type": "Feature", "properties": { "poi_id": "P0347", "poi_name": "Transit POI 0347", "category": "transit", "latitude": 41.066170105301659, "longitude": 29.006284481297477, "attraction_index": 1.0 }, "geometry": { "type": "Point", "coordinates": [ 29.006284481297477, 41.066170105301659 ] } },
{ "type": "Feature", "properties": { "poi_id": "P0348", "poi_name": "Mall POI 0348", "category": "mall", "latitude": 40.984586036068137, "longitude": 29.230517040997334, "attraction_index": 0.8263 }, "geometry": { "type": "Point", "coordinates": [ 29.230517040997334, 40.984586036068137 ] } },
{ "type": "Feature", "properties": { "poi_id": "P0349", "poi_name": "Leisure POI 0349", "category": "leisure", "latitude": 40.99379235254991, "longitude": 28.700278419837577, "attraction_index": 0.7053 }, "geometry": { "type": "Point", "coordinates": [ 28.700278419837577, 40.99379235254991 ] } },
{ "type": "Feature", "properties": { "poi_id": "P0350", "poi_name": "Leisure POI 0350", "category": "leisure", "latitude": 40.979126224280471, "longitude": 28.62677081285387, "attraction_index": 0.7403 }, "geometry": { "type": "Point", "coordinates": [ 28.62677081285387, 40.979126224280471 ] } },
{ "type": "Feature", "properties": { "poi_id": "P0351", "poi_name": "Transit POI 0351", "category": "transit", "latitude": 40.938093799111591, "longitude": 29.12963595955307, "attraction_index": 0.9289 }, "geometry": { "type": "Point", "coordinates": [ 29.12963595955307, 40.938093799111591 ] } },
{ "type": "Feature", "properties": { "poi_id": "P0352", "poi_name": "Office POI 0352", "category": "office", "latitude": 40.889708358512706, "longitude": 29.248129259375315, "attraction_index": 0.8945 }, "geometry": { "type": "Point", "coordinates": [ 29.248129259375315, 40.889708358512706 ] } },
{ "type": "Feature", "properties": { "poi_id": "P0353", "poi_name": "Office POI 0353", "category": "office", "latitude": 41.0032898431486, "longitude": 29.230098544956316, "attraction_index": 0.8816 }, "geometry": { "type": "Point", "coordinates": [ 29.230098544956316, 41.0032898431486 ] } },
{ "type": "Feature", "properties": { "poi_id": "P0354", "poi_name": "Office POI 0354", "category": "office", "latitude": 40.989433522125282, "longitude": 28.866270598280725, "attraction_index": 0.859 }, "geometry": { "type": "Point", "coordinates": [ 28.866270598280725, 40.989433522125282 ] } },
{ "type": "Feature", "properties": { "poi_id": "P0355", "poi_name": "Office POI 0355", "category": "office", "latitude": 40.924029624232077, "longitude": 29.153268361239334, "attraction_index": 0.8374 }, "geometry": { "type": "Point", "coordinates": [ 29.153268361239334, 40.924029624232077 ] } },
{ "type": "Feature", "properties": { "poi_id": "P0356", "poi_name": "Transit POI 0356", "category": "transit", "latitude": 40.984910502913536, "longitude": 29.047647323550258, "attraction_index": 0.9594 }, "geometry": { "type": "Point", "coordinates": [ 29.047647323550258, 40.984910502913536 ] } },
{ "type": "Feature", "properties": { "poi_id": "P0357", "poi_name": "Transit POI 0357", "category": "transit", "latitude": 40.977911074844783, "longitude": 28.857039838157625, "attraction_index": 0.8603 }, "geometry": { "type": "Point", "coordinates": [ 28.857039838157625, 40.977911074844783 ] } },
{ "type": "Feature", "properties": { "poi_id": "P0358", "poi_name": "Office POI 0358", "category": "office", "latitude": 40.97099479624827, "longitude": 28.880199380110788, "attraction_index": 0.9997 }, "geometry": { "type": "Point", "coordinates": [ 28.880199380110788, 40.97099479624827 ] } },
{ "type": "Feature", "properties": { "poi_id": "P0359", "poi_name": "Office POI 0359", "category": "office", "latitude": 41.031608969791904, "longitude": 28.961774770165757, "attraction_index": 0.8996 }, "geometry": { "type": "Point", "coordinates": [ 28.961774770165757, 41.031608969791904 ] } },
{ "type": "Feature", "properties": { "poi_id": "P0360", "poi_name": "Hospital POI 0360", "category": "hospital", "latitude": 41.026716975621468, "longitude": 29.103990918347932, "attraction_index": 1.0 }, "geometry": { "type": "Point", "coordinates": [ 29.103990918347932, 41.026716975621468 ] } },
{ "type": "Feature", "properties": { "poi_id": "P0361", "poi_name": "Office POI 0361", "category": "office", "latitude": 41.058206723232217, "longitude": 28.954456916572635, "attraction_index": 0.9994 }, "geometry": { "type": "Point", "coordinates": [ 28.954456916572635, 41.058206723232217 ] } },
{ "type": "Feature", "properties": { "poi_id": "P0362", "poi_name": "Leisure POI 0362", "category": "leisure", "latitude": 41.004018550190523, "longitude": 29.155218207854688, "attraction_index": 0.9331 }, "geometry": { "type": "Point", "coordinates": [ 29.155218207854688, 41.004018550190523 ] } },
{ "type": "Feature", "properties": { "poi_id": "P0363", "poi_name": "Hospital POI 0363", "category": "hospital", "latitude": 40.878990735431408, "longitude": 29.285254497680715, "attraction_index": 0.8465 }, "geometry": { "type": "Point", "coordinates": [ 29.285254497680715, 40.878990735431408 ] } },
{ "type": "Feature", "properties": { "poi_id": "P0364", "poi_name": "Mall POI 0364", "category": "mall", "latitude": 41.069126406446699, "longitude": 28.996303644327586, "attraction_index": 0.9718 }, "geometry": { "type": "Point", "coordinates": [ 28.996303644327586, 41.069126406446699 ] } },
{ "type": "Feature", "properties": { "poi_id": "P0365", "poi_name": "Office POI 0365", "category": "office", "latitude": 41.034312287133154, "longitude": 29.001782361831697, "attraction_index": 0.8902 }, "geometry": { "type": "Point", "coordinates": [ 29.001782361831697, 41.034312287133154 ] } },
{ "type": "Feature", "properties": { "poi_id": "P0366", "poi_name": "Office POI 0366", "category": "office", "latitude": 41.063186853316601, "longitude": 28.682462156064567, "attraction_index": 0.8255 }, "geometry": { "type": "Point", "coordinates": [ 28.682462156064567, 41.063186853316601 ] } },
{ "type": "Feature", "properties": { "poi_id": "P0367", "poi_name": "Leisure POI 0367", "category": "leisure", "latitude": 40.98460830309876, "longitude": 28.865423315501257, "attraction_index": 0.6329 }, "geometry": { "type": "Point", "coordinates": [ 28.865423315501257, 40.98460830309876 ] } },
{ "type": "Feature", "properties": { "poi_id": "P0368", "poi_name": "Hospital POI 0368", "category": "hospital", "latitude": 41.133369786729553, "longitude": 28.819307731660427, "attraction_index": 0.79 }, "geometry": { "type": "Point", "coordinates": [ 28.819307731660427, 41.133369786729553 ] } },
{ "type": "Feature", "properties": { "poi_id": "P0369", "poi_name": "Mall POI 0369", "category": "mall", "latitude": 41.053075499427457, "longitude": 29.041425863944418, "attraction_index": 0.7827 }, "geometry": { "type": "Point", "coordinates": [ 29.041425863944418, 41.053075499427457 ] } },
{ "type": "Feature", "properties": { "poi_id": "P0370", "poi_name": "Leisure POI 0370", "category": "leisure", "latitude": 41.027268356328072, "longitude": 28.665481151490336, "attraction_index": 0.7517 }, "geometry": { "type": "Point", "coordinates": [ 28.665481151490336, 41.027268356328072 ] } },
{ "type": "Feature", "properties": { "poi_id": "P0371", "poi_name": "University POI 0371", "category": "university", "latitude": 41.052388534675067, "longitude": 28.954627811005913, "attraction_index": 0.8931 }, "geometry": { "type": "Point", "coordinates": [ 28.954627811005913, 41.052388534675067 ] } },
{ "type": "Feature", "properties": { "poi_id": "P0372", "poi_name": "Mall POI 0372", "category": "mall", "latitude": 40.98720109594904, "longitude": 28.623142679100823, "attraction_index": 0.8754 }, "geometry": { "type": "Point", "coordinates": [ 28.623142679100823, 40.98720109594904 ] } },
{ "type": "Feature", "properties": { "poi_id": "P0373", "poi_name": "Transit POI 0373", "category": "transit", "latitude": 41.058846619866742, "longitude": 29.026462204471475, "attraction_index": 0.8273 }, "geometry": { "type": "Point", "coordinates": [ 29.026462204471475, 41.058846619866742 ] } },
{ "type": "Feature", "properties": { "poi_id": "P0374", "poi_name": "Transit POI 0374", "category": "transit", "latitude": 41.073378524028804, "longitude": 28.993179624673765, "attraction_index": 0.8767 }, "geometry": { "type": "Point", "coordinates": [ 28.993179624673765, 41.073378524028804 ] } },
{ "type": "Feature", "properties": { "poi_id": "P0375", "poi_name": "Mall POI 0375", "category": "mall", "latitude": 41.004072174034661, "longitude": 29.111461043068381, "attraction_index": 1.0 }, "geometry": { "type": "Point", "coordinates": [ 29.111461043068381, 41.004072174034661 ] } },
{ "type": "Feature", "properties": { "poi_id": "P0376", "poi_name": "Transit POI 0376", "category": "transit", "latitude": 41.059965436667852, "longitude": 29.008250106724219, "attraction_index": 1.0 }, "geometry": { "type": "Point", "coordinates": [ 29.008250106724219, 41.059965436667852 ] } },
{ "type": "Feature", "properties": { "poi_id": "P0377", "poi_name": "Transit POI 0377", "category": "transit", "latitude": 41.076063015102491, "longitude": 28.970990106129637, "attraction_index": 0.9554 }, "geometry": { "type": "Point", "coordinates": [ 28.970990106129637, 41.076063015102491 ] } },
{ "type": "Feature", "properties": { "poi_id": "P0378", "poi_name": "Transit POI 0378", "category": "transit", "latitude": 40.927675103684599, "longitude": 29.1211139957509, "attraction_index": 0.822 }, "geometry": { "type": "Point", "coordinates": [ 29.1211139957509, 40.927675103684599 ] } },
{ "type": "Feature", "properties": { "poi_id": "P0379", "poi_name": "University POI 0379", "category": "university", "latitude": 41.08656024538309, "longitude": 29.002493053830744, "attraction_index": 0.956 }, "geometry": { "type": "Point", "coordinates": [ 29.002493053830744, 41.08656024538309 ] } },
{ "type": "Feature", "properties": { "poi_id": "P0380", "poi_name": "Transit POI 0380", "category": "transit", "latitude": 40.874790527001338, "longitude": 29.265439758643769, "attraction_index": 0.9479 }, "geometry": { "type": "Point", "coordinates": [ 29.265439758643769, 40.874790527001338 ] } },
{ "type": "Feature", "properties": { "poi_id": "P0381", "poi_name": "Transit POI 0381", "category": "transit", "latitude": 40.912631000792253, "longitude": 29.169959456071496, "attraction_index": 0.7082 }, "geometry": { "type": "Point", "coordinates": [ 29.169959456071496, 40.912631000792253 ] } },
{ "type": "Feature", "properties": { "poi_id": "P0382", "poi_name": "Office POI 0382", "category": "office", "latitude": 40.911442383784745, "longitude": 29.202834236810631, "attraction_index": 0.809 }, "geometry": { "type": "Point", "coordinates": [ 29.202834236810631, 40.911442383784745 ] } },
{ "type": "Feature", "properties": { "poi_id": "P0383", "poi_name": "Office POI 0383", "category": "office", "latitude": 40.979534814040633, "longitude": 29.038277323414242, "attraction_index": 0.9656 }, "geometry": { "type": "Point", "coordinates": [ 29.038277323414242, 40.979534814040633 ] } },
{ "type": "Feature", "properties": { "poi_id": "P0384", "poi_name": "Office POI 0384", "category": "office", "latitude": 41.001570155505178, "longitude": 28.68644582370435, "attraction_index": 0.8545 }, "geometry": { "type": "Point", "coordinates": [ 28.68644582370435, 41.001570155505178 ] } },
{ "type": "Feature", "properties": { "poi_id": "P0385", "poi_name": "Mall POI 0385", "category": "mall", "latitude": 41.010458268737722, "longitude": 28.844643873547831, "attraction_index": 0.8937 }, "geometry": { "type": "Point", "coordinates": [ 28.844643873547831, 41.010458268737722 ] } },
{ "type": "Feature", "properties": { "poi_id": "P0386", "poi_name": "Leisure POI 0386", "category": "leisure", "latitude": 41.021397873319202, "longitude": 29.133092596912476, "attraction_index": 0.7798 }, "geometry": { "type": "Point", "coordinates": [ 29.133092596912476, 41.021397873319202 ] } },
{ "type": "Feature", "properties": { "poi_id": "P0387", "poi_name": "Mall POI 0387", "category": "mall", "latitude": 40.892842498293724, "longitude": 29.161778555349343, "attraction_index": 0.8318 }, "geometry": { "type": "Point", "coordinates": [ 29.161778555349343, 40.892842498293724 ] } },
{ "type": "Feature", "properties": { "poi_id": "P0388", "poi_name": "Office POI 0388", "category": "office", "latitude": 40.984040565838789, "longitude": 28.58827968760589, "attraction_index": 0.8749 }, "geometry": { "type": "Point", "coordinates": [ 28.58827968760589, 40.984040565838789 ] } },
{ "type": "Feature", "properties": { "poi_id": "P0389", "poi_name": "Office POI 0389", "category": "office", "latitude": 41.115454396493604, "longitude": 28.799187723263834, "attraction_index": 0.7989 }, "geometry": { "type": "Point", "coordinates": [ 28.799187723263834, 41.115454396493604 ] } },
{ "type": "Feature", "properties": { "poi_id": "P0390", "poi_name": "Mall POI 0390", "category": "mall", "latitude": 41.039131387725625, "longitude": 28.675198618450796, "attraction_index": 0.887 }, "geometry": { "type": "Point", "coordinates": [ 28.675198618450796, 41.039131387725625 ] } },
{ "type": "Feature", "properties": { "poi_id": "P0391", "poi_name": "Office POI 0391", "category": "office", "latitude": 41.012082331423478, "longitude": 28.938477038069379, "attraction_index": 0.9059 }, "geometry": { "type": "Point", "coordinates": [ 28.938477038069379, 41.012082331423478 ] } },
{ "type": "Feature", "properties": { "poi_id": "P0392", "poi_name": "Leisure POI 0392", "category": "leisure", "latitude": 41.040429279617214, "longitude": 29.160881498911365, "attraction_index": 0.7853 }, "geometry": { "type": "Point", "coordinates": [ 29.160881498911365, 41.040429279617214 ] } },
{ "type": "Feature", "properties": { "poi_id": "P0393", "poi_name": "Leisure POI 0393", "category": "leisure", "latitude": 40.989785439834215, "longitude": 29.032794564882938, "attraction_index": 1.0 }, "geometry": { "type": "Point", "coordinates": [ 29.032794564882938, 40.989785439834215 ] } },
{ "type": "Feature", "properties": { "poi_id": "P0394", "poi_name": "Leisure POI 0394", "category": "leisure", "latitude": 41.020969868690052, "longitude": 28.680053735496976, "attraction_index": 0.7815 }, "geometry": { "type": "Point", "coordinates": [ 28.680053735496976, 41.020969868690052 ] } },
{ "type": "Feature", "properties": { "poi_id": "P0395", "poi_name": "Hospital POI 0395", "category": "hospital", "latitude": 41.055797213695882, "longitude": 28.98609235851394, "attraction_index": 0.9096 }, "geometry": { "type": "Point", "coordinates": [ 28.98609235851394, 41.055797213695882 ] } },
{ "type": "Feature", "properties": { "poi_id": "P0396", "poi_name": "Hospital POI 0396", "category": "hospital", "latitude": 40.991572110199762, "longitude": 28.614753924136469, "attraction_index": 0.8426 }, "geometry": { "type": "Point", "coordinates": [ 28.614753924136469, 40.991572110199762 ] } },
{ "type": "Feature", "properties": { "poi_id": "P0397", "poi_name": "University POI 0397", "category": "university", "latitude": 40.998616088769715, "longitude": 29.135776277454024, "attraction_index": 0.9731 }, "geometry": { "type": "Point", "coordinates": [ 29.135776277454024, 40.998616088769715 ] } },
{ "type": "Feature", "properties": { "poi_id": "P0398", "poi_name": "Leisure POI 0398", "category": "leisure", "latitude": 40.875150652458224, "longitude": 29.282949772090909, "attraction_index": 0.7494 }, "geometry": { "type": "Point", "coordinates": [ 29.282949772090909, 40.875150652458224 ] } },
{ "type": "Feature", "properties": { "poi_id": "P0399", "poi_name": "Transit POI 0399", "category": "transit", "latitude": 41.03819088602387, "longitude": 28.688559536469963, "attraction_index": 0.8514 }, "geometry": { "type": "Point", "coordinates": [ 28.688559536469963, 41.03819088602387 ] } },
{ "type": "Feature", "properties": { "poi_id": "P0400", "poi_name": "Leisure POI 0400", "category": "leisure", "latitude": 41.107563223634443, "longitude": 28.928470231318489, "attraction_index": 0.867 }, "geometry": { "type": "Point", "coordinates": [ 28.928470231318489, 41.107563223634443 ] } },
{ "type": "Feature", "properties": { "poi_id": "P0401", "poi_name": "Hospital POI 0401", "category": "hospital", "latitude": 40.965312254175871, "longitude": 28.841332622412221, "attraction_index": 0.6808 }, "geometry": { "type": "Point", "coordinates": [ 28.841332622412221, 40.965312254175871 ] } },
{ "type": "Feature", "properties": { "poi_id": "P0402", "poi_name": "Hospital POI 0402", "category": "hospital", "latitude": 40.994423713432695, "longitude": 28.921773552038044, "attraction_index": 0.8851 }, "geometry": { "type": "Point", "coordinates": [ 28.921773552038044, 40.994423713432695 ] } },
{ "type": "Feature", "properties": { "poi_id": "P0403", "poi_name": "Leisure POI 0403", "category": "leisure", "latitude": 41.055389338450887, "longitude": 28.992709771331608, "attraction_index": 0.9258 }, "geometry": { "type": "Point", "coordinates": [ 28.992709771331608, 41.055389338450887 ] } },
{ "type": "Feature", "properties": { "poi_id": "P0404", "poi_name": "Office POI 0404", "category": "office", "latitude": 40.916282039244052, "longitude": 29.258846645481608, "attraction_index": 0.7822 }, "geometry": { "type": "Point", "coordinates": [ 29.258846645481608, 40.916282039244052 ] } },
{ "type": "Feature", "properties": { "poi_id": "P0405", "poi_name": "Hospital POI 0405", "category": "hospital", "latitude": 41.006296880811767, "longitude": 29.110991082309145, "attraction_index": 0.9463 }, "geometry": { "type": "Point", "coordinates": [ 29.110991082309145, 41.006296880811767 ] } },
{ "type": "Feature", "properties": { "poi_id": "P0406", "poi_name": "Leisure POI 0406", "category": "leisure", "latitude": 41.097321104592957, "longitude": 28.824831086915967, "attraction_index": 0.9426 }, "geometry": { "type": "Point", "coordinates": [ 28.824831086915967, 41.097321104592957 ] } },
{ "type": "Feature", "properties": { "poi_id": "P0407", "poi_name": "University POI 0407", "category": "university", "latitude": 41.020292880837872, "longitude": 29.175541116295459, "attraction_index": 0.7709 }, "geometry": { "type": "Point", "coordinates": [ 29.175541116295459, 41.020292880837872 ] } },
{ "type": "Feature", "properties": { "poi_id": "P0408", "poi_name": "Hospital POI 0408", "category": "hospital", "latitude": 41.024938451993897, "longitude": 29.115977880753629, "attraction_index": 0.8262 }, "geometry": { "type": "Point", "coordinates": [ 29.115977880753629, 41.024938451993897 ] } },
{ "type": "Feature", "properties": { "poi_id": "P0409", "poi_name": "Transit POI 0409", "category": "transit", "latitude": 41.028758385180467, "longitude": 29.113856331636079, "attraction_index": 0.929 }, "geometry": { "type": "Point", "coordinates": [ 29.113856331636079, 41.028758385180467 ] } },
{ "type": "Feature", "properties": { "poi_id": "P0410", "poi_name": "Office POI 0410", "category": "office", "latitude": 40.991783105752901, "longitude": 29.037170498659023, "attraction_index": 0.9571 }, "geometry": { "type": "Point", "coordinates": [ 29.037170498659023, 40.991783105752901 ] } },
{ "type": "Feature", "properties": { "poi_id": "P0411", "poi_name": "Transit POI 0411", "category": "transit", "latitude": 41.045978183734235, "longitude": 29.007260983860775, "attraction_index": 0.8858 }, "geometry": { "type": "Point", "coordinates": [ 29.007260983860775, 41.045978183734235 ] } },
{ "type": "Feature", "properties": { "poi_id": "P0412", "poi_name": "Mall POI 0412", "category": "mall", "latitude": 40.891245222733396, "longitude": 29.163510030680165, "attraction_index": 0.8429 }, "geometry": { "type": "Point", "coordinates": [ 29.163510030680165, 40.891245222733396 ] } },
{ "type": "Feature", "properties": { "poi_id": "P0413", "poi_name": "Office POI 0413", "category": "office", "latitude": 40.972729527650692, "longitude": 29.126104697594808, "attraction_index": 0.9025 }, "geometry": { "type": "Point", "coordinates": [ 29.126104697594808, 40.972729527650692 ] } },
{ "type": "Feature", "properties": { "poi_id": "P0414", "poi_name": "Office POI 0414", "category": "office", "latitude": 40.878843306814446, "longitude": 29.272495952854939, "attraction_index": 0.8773 }, "geometry": { "type": "Point", "coordinates": [ 29.272495952854939, 40.878843306814446 ] } },
{ "type": "Feature", "properties": { "poi_id": "P0415", "poi_name": "University POI 0415", "category": "university", "latitude": 41.058138053083013, "longitude": 29.026945466702362, "attraction_index": 0.998 }, "geometry": { "type": "Point", "coordinates": [ 29.026945466702362, 41.058138053083013 ] } },
{ "type": "Feature", "properties": { "poi_id": "P0416", "poi_name": "Transit POI 0416", "category": "transit", "latitude": 40.994504658938972, "longitude": 28.652564667056744, "attraction_index": 0.7538 }, "geometry": { "type": "Point", "coordinates": [ 28.652564667056744, 40.994504658938972 ] } },
{ "type": "Feature", "properties": { "poi_id": "P0417", "poi_name": "Transit POI 0417", "category": "transit", "latitude": 41.05753470656196, "longitude": 28.994805580099285, "attraction_index": 0.8239 }, "geometry": { "type": "Point", "coordinates": [ 28.994805580099285, 41.05753470656196 ] } },
{ "type": "Feature", "properties": { "poi_id": "P0418", "poi_name": "Office POI 0418", "category": "office", "latitude": 40.98901788142436, "longitude": 28.91526296535671, "attraction_index": 1.0 }, "geometry": { "type": "Point", "coordinates": [ 28.91526296535671, 40.98901788142436 ] } },
{ "type": "Feature", "properties": { "poi_id": "P0419", "poi_name": "University POI 0419", "category": "university", "latitude": 41.025842497070485, "longitude": 28.872012667576023, "attraction_index": 0.8601 }, "geometry": { "type": "Point", "coordinates": [ 28.872012667576023, 41.025842497070485 ] } },
{ "type": "Feature", "properties": { "poi_id": "P0420", "poi_name": "Leisure POI 0420", "category": "leisure", "latitude": 40.998244626943432, "longitude": 28.835511843433135, "attraction_index": 0.7287 }, "geometry": { "type": "Point", "coordinates": [ 28.835511843433135, 40.998244626943432 ] } },
{ "type": "Feature", "properties": { "poi_id": "P0421", "poi_name": "Transit POI 0421", "category": "transit", "latitude": 40.952235130269891, "longitude": 29.159197450737967, "attraction_index": 0.858 }, "geometry": { "type": "Point", "coordinates": [ 29.159197450737967, 40.952235130269891 ] } },
{ "type": "Feature", "properties": { "poi_id": "P0422", "poi_name": "University POI 0422", "category": "university", "latitude": 41.108615031034596, "longitude": 28.993932519060436, "attraction_index": 0.8755 }, "geometry": { "type": "Point", "coordinates": [ 28.993932519060436, 41.108615031034596 ] } },
{ "type": "Feature", "properties": { "poi_id": "P0423", "poi_name": "Office POI 0423", "category": "office", "latitude": 41.009609442295385, "longitude": 28.966522834365389, "attraction_index": 0.9118 }, "geometry": { "type": "Point", "coordinates": [ 28.966522834365389, 41.009609442295385 ] } },
{ "type": "Feature", "properties": { "poi_id": "P0424", "poi_name": "Leisure POI 0424", "category": "leisure", "latitude": 41.058006606571816, "longitude": 29.034723990388802, "attraction_index": 0.8732 }, "geometry": { "type": "Point", "coordinates": [ 29.034723990388802, 41.058006606571816 ] } },
{ "type": "Feature", "properties": { "poi_id": "P0425", "poi_name": "Leisure POI 0425", "category": "leisure", "latitude": 41.041847330307313, "longitude": 28.978195197146682, "attraction_index": 1.0 }, "geometry": { "type": "Point", "coordinates": [ 28.978195197146682, 41.041847330307313 ] } },
{ "type": "Feature", "properties": { "poi_id": "P0426", "poi_name": "Office POI 0426", "category": "office", "latitude": 41.060379301217203, "longitude": 29.016867003216245, "attraction_index": 0.7952 }, "geometry": { "type": "Point", "coordinates": [ 29.016867003216245, 41.060379301217203 ] } },
{ "type": "Feature", "properties": { "poi_id": "P0427", "poi_name": "Office POI 0427", "category": "office", "latitude": 41.009079597074702, "longitude": 29.038031381557236, "attraction_index": 1.0 }, "geometry": { "type": "Point", "coordinates": [ 29.038031381557236, 41.009079597074702 ] } },
{ "type": "Feature", "properties": { "poi_id": "P0428", "poi_name": "Office POI 0428", "category": "office", "latitude": 41.031641861298496, "longitude": 29.130965472416179, "attraction_index": 1.0 }, "geometry": { "type": "Point", "coordinates": [ 29.130965472416179, 41.031641861298496 ] } },
{ "type": "Feature", "properties": { "poi_id": "P0429", "poi_name": "Leisure POI 0429", "category": "leisure", "latitude": 40.98896593762916, "longitude": 29.139698253584147, "attraction_index": 0.996 }, "geometry": { "type": "Point", "coordinates": [ 29.139698253584147, 40.98896593762916 ] } },
{ "type": "Feature", "properties": { "poi_id": "P0430", "poi_name": "Mall POI 0430", "category": "mall", "latitude": 41.029364403096288, "longitude": 28.664532735891072, "attraction_index": 0.8106 }, "geometry": { "type": "Point", "coordinates": [ 28.664532735891072, 41.029364403096288 ] } },
{ "type": "Feature", "properties": { "poi_id": "P0431", "poi_name": "Transit POI 0431", "category": "transit", "latitude": 41.028628781110129, "longitude": 28.979184387012307, "attraction_index": 0.8063 }, "geometry": { "type": "Point", "coordinates": [ 28.979184387012307, 41.028628781110129 ] } },
{ "type": "Feature", "properties": { "poi_id": "P0432", "poi_name": "Mall POI 0432", "category": "mall", "latitude": 40.989179655340337, "longitude": 28.841600955794782, "attraction_index": 0.983 }, "geometry": { "type": "Point", "coordinates": [ 28.841600955794782, 40.989179655340337 ] } },
{ "type": "Feature", "properties": { "poi_id": "P0433", "poi_name": "Transit POI 0433", "category": "transit", "latitude": 41.0291235435798, "longitude": 29.012045993159276, "attraction_index": 0.7602 }, "geometry": { "type": "Point", "coordinates": [ 29.012045993159276, 41.0291235435798 ] } },
{ "type": "Feature", "properties": { "poi_id": "P0434", "poi_name": "Transit POI 0434", "category": "transit", "latitude": 41.024371685340725, "longitude": 29.128063605427148, "attraction_index": 0.8154 }, "geometry": { "type": "Point", "coordinates": [ 29.128063605427148, 41.024371685340725 ] } },
{ "type": "Feature", "properties": { "poi_id": "P0435", "poi_name": "Leisure POI 0435", "category": "leisure", "latitude": 41.04976794618841, "longitude": 28.994474113216196, "attraction_index": 0.8878 }, "geometry": { "type": "Point", "coordinates": [ 28.994474113216196, 41.04976794618841 ] } },
{ "type": "Feature", "properties": { "poi_id": "P0436", "poi_name": "Transit POI 0436", "category": "transit", "latitude": 41.086918290136104, "longitude": 28.981444829916779, "attraction_index": 1.0 }, "geometry": { "type": "Point", "coordinates": [ 28.981444829916779, 41.086918290136104 ] } },
{ "type": "Feature", "properties": { "poi_id": "P0437", "poi_name": "Transit POI 0437", "category": "transit", "latitude": 41.013903731120536, "longitude": 29.248434868520327, "attraction_index": 0.8698 }, "geometry": { "type": "Point", "coordinates": [ 29.248434868520327, 41.013903731120536 ] } },
{ "type": "Feature", "properties": { "poi_id": "P0438", "poi_name": "Leisure POI 0438", "category": "leisure", "latitude": 40.870604659617264, "longitude": 29.177641080843589, "attraction_index": 0.8106 }, "geometry": { "type": "Point", "coordinates": [ 29.177641080843589, 40.870604659617264 ] } },
{ "type": "Feature", "properties": { "poi_id": "P0439", "poi_name": "Leisure POI 0439", "category": "leisure", "latitude": 40.966588030320551, "longitude": 28.876494504521862, "attraction_index": 0.9031 }, "geometry": { "type": "Point", "coordinates": [ 28.876494504521862, 40.966588030320551 ] } },
{ "type": "Feature", "properties": { "poi_id": "P0440", "poi_name": "Leisure POI 0440", "category": "leisure", "latitude": 40.884011841192681, "longitude": 29.256954551887162, "attraction_index": 0.8579 }, "geometry": { "type": "Point", "coordinates": [ 29.256954551887162, 40.884011841192681 ] } },
{ "type": "Feature", "properties": { "poi_id": "P0441", "poi_name": "Mall POI 0441", "category": "mall", "latitude": 40.99893083965452, "longitude": 29.242385169737037, "attraction_index": 0.7649 }, "geometry": { "type": "Point", "coordinates": [ 29.242385169737037, 40.99893083965452 ] } },
{ "type": "Feature", "properties": { "poi_id": "P0442", "poi_name": "Office POI 0442", "category": "office", "latitude": 40.972932324785006, "longitude": 28.848138007190698, "attraction_index": 0.935 }, "geometry": { "type": "Point", "coordinates": [ 28.848138007190698, 40.972932324785006 ] } },
{ "type": "Feature", "properties": { "poi_id": "P0443", "poi_name": "Transit POI 0443", "category": "transit", "latitude": 41.06410136118739, "longitude": 28.965143796109064, "attraction_index": 1.0 }, "geometry": { "type": "Point", "coordinates": [ 28.965143796109064, 41.06410136118739 ] } },
{ "type": "Feature", "properties": { "poi_id": "P0444", "poi_name": "Transit POI 0444", "category": "transit", "latitude": 41.001259807141658, "longitude": 29.134152263510732, "attraction_index": 0.9151 }, "geometry": { "type": "Point", "coordinates": [ 29.134152263510732, 41.001259807141658 ] } },
{ "type": "Feature", "properties": { "poi_id": "P0445", "poi_name": "Transit POI 0445", "category": "transit", "latitude": 41.081645970560906, "longitude": 28.962830745597294, "attraction_index": 0.8434 }, "geometry": { "type": "Point", "coordinates": [ 28.962830745597294, 41.081645970560906 ] } },
{ "type": "Feature", "properties": { "poi_id": "P0446", "poi_name": "Office POI 0446", "category": "office", "latitude": 41.108093904726083, "longitude": 28.766887485718566, "attraction_index": 0.7356 }, "geometry": { "type": "Point", "coordinates": [ 28.766887485718566, 41.108093904726083 ] } },
{ "type": "Feature", "properties": { "poi_id": "P0447", "poi_name": "Office POI 0447", "category": "office", "latitude": 41.001802779725978, "longitude": 29.139321410760644, "attraction_index": 0.8596 }, "geometry": { "type": "Point", "coordinates": [ 29.139321410760644, 41.001802779725978 ] } },
{ "type": "Feature", "properties": { "poi_id": "P0448", "poi_name": "Transit POI 0448", "category": "transit", "latitude": 40.899668755366513, "longitude": 29.169924789357378, "attraction_index": 0.7968 }, "geometry": { "type": "Point", "coordinates": [ 29.169924789357378, 40.899668755366513 ] } },
{ "type": "Feature", "properties": { "poi_id": "P0449", "poi_name": "Leisure POI 0449", "category": "leisure", "latitude": 41.064675519761323, "longitude": 28.965837373870219, "attraction_index": 0.8561 }, "geometry": { "type": "Point", "coordinates": [ 28.965837373870219, 41.064675519761323 ] } },
{ "type": "Feature", "properties": { "poi_id": "P0450", "poi_name": "Transit POI 0450", "category": "transit", "latitude": 41.062510262527212, "longitude": 28.994838728374855, "attraction_index": 1.0 }, "geometry": { "type": "Point", "coordinates": [ 28.994838728374855, 41.062510262527212 ] } },
{ "type": "Feature", "properties": { "poi_id": "P0451", "poi_name": "Transit POI 0451", "category": "transit", "latitude": 41.022899397452093, "longitude": 29.042410309013576, "attraction_index": 0.8459 }, "geometry": { "type": "Point", "coordinates": [ 29.042410309013576, 41.022899397452093 ] } },
{ "type": "Feature", "properties": { "poi_id": "P0452", "poi_name": "Leisure POI 0452", "category": "leisure", "latitude": 40.924919558673928, "longitude": 29.135433672933118, "attraction_index": 0.9139 }, "geometry": { "type": "Point", "coordinates": [ 29.135433672933118, 40.924919558673928 ] } },
{ "type": "Feature", "properties": { "poi_id": "P0453", "poi_name": "Transit POI 0453", "category": "transit", "latitude": 41.084833594512766, "longitude": 29.002451204199225, "attraction_index": 0.9887 }, "geometry": { "type": "Point", "coordinates": [ 29.002451204199225, 41.084833594512766 ] } },
{ "type": "Feature", "properties": { "poi_id": "P0454", "poi_name": "Transit POI 0454", "category": "transit", "latitude": 40.886246188671258, "longitude": 29.159769265033958, "attraction_index": 0.8461 }, "geometry": { "type": "Point", "coordinates": [ 29.159769265033958, 40.886246188671258 ] } },
{ "type": "Feature", "properties": { "poi_id": "P0455", "poi_name": "Office POI 0455", "category": "office", "latitude": 40.915663805870992, "longitude": 29.162315564779899, "attraction_index": 0.9449 }, "geometry": { "type": "Point", "coordinates": [ 29.162315564779899, 40.915663805870992 ] } },
{ "type": "Feature", "properties": { "poi_id": "P0456", "poi_name": "Hospital POI 0456", "category": "hospital", "latitude": 41.077410259400459, "longitude": 29.002473374141989, "attraction_index": 0.9703 }, "geometry": { "type": "Point", "coordinates": [ 29.002473374141989, 41.077410259400459 ] } },
{ "type": "Feature", "properties": { "poi_id": "P0457", "poi_name": "Transit POI 0457", "category": "transit", "latitude": 41.06226520062755, "longitude": 28.985187149532287, "attraction_index": 0.9384 }, "geometry": { "type": "Point", "coordinates": [ 28.985187149532287, 41.06226520062755 ] } },
{ "type": "Feature", "properties": { "poi_id": "P0458", "poi_name": "Office POI 0458", "category": "office", "latitude": 41.005119150800304, "longitude": 29.02279666053311, "attraction_index": 0.9427 }, "geometry": { "type": "Point", "coordinates": [ 29.02279666053311, 41.005119150800304 ] } },
{ "type": "Feature", "properties": { "poi_id": "P0459", "poi_name": "University POI 0459", "category": "university", "latitude": 40.993270695843492, "longitude": 29.259857117473441, "attraction_index": 0.7291 }, "geometry": { "type": "Point", "coordinates": [ 29.259857117473441, 40.993270695843492 ] } },
{ "type": "Feature", "properties": { "poi_id": "P0460", "poi_name": "Leisure POI 0460", "category": "leisure", "latitude": 41.031611670112966, "longitude": 29.218752516577048, "attraction_index": 0.7642 }, "geometry": { "type": "Point", "coordinates": [ 29.218752516577048, 41.031611670112966 ] } },
{ "type": "Feature", "properties": { "poi_id": "P0461", "poi_name": "Transit POI 0461", "category": "transit", "latitude": 40.870446151685769, "longitude": 29.277141337223767, "attraction_index": 0.8444 }, "geometry": { "type": "Point", "coordinates": [ 29.277141337223767, 40.870446151685769 ] } },
{ "type": "Feature", "properties": { "poi_id": "P0462", "poi_name": "Office POI 0462", "category": "office", "latitude": 41.08731515599252, "longitude": 28.949391640036104, "attraction_index": 0.8408 }, "geometry": { "type": "Point", "coordinates": [ 28.949391640036104, 41.08731515599252 ] } },
{ "type": "Feature", "properties": { "poi_id": "P0463", "poi_name": "Transit POI 0463", "category": "transit", "latitude": 40.981148452525197, "longitude": 29.032660616450585, "attraction_index": 0.9865 }, "geometry": { "type": "Point", "coordinates": [ 29.032660616450585, 40.981148452525197 ] } },
{ "type": "Feature", "properties": { "poi_id": "P0464", "poi_name": "Transit POI 0464", "category": "transit", "latitude": 41.081407800494119, "longitude": 29.010072527591127, "attraction_index": 0.8993 }, "geometry": { "type": "Point", "coordinates": [ 29.010072527591127, 41.081407800494119 ] } },
{ "type": "Feature", "properties": { "poi_id": "P0465", "poi_name": "Leisure POI 0465", "category": "leisure", "latitude": 41.066634216110202, "longitude": 29.028982672184988, "attraction_index": 0.7742 }, "geometry": { "type": "Point", "coordinates": [ 29.028982672184988, 41.066634216110202 ] } },
{ "type": "Feature", "properties": { "poi_id": "P0466", "poi_name": "Transit POI 0466", "category": "transit", "latitude": 40.990849441906285, "longitude": 29.00837939819267, "attraction_index": 0.8456 }, "geometry": { "type": "Point", "coordinates": [ 29.00837939819267, 40.990849441906285 ] } },
{ "type": "Feature", "properties": { "poi_id": "P0467", "poi_name": "Office POI 0467", "category": "office", "latitude": 41.087630943502624, "longitude": 28.986835150983126, "attraction_index": 0.8609 }, "geometry": { "type": "Point", "coordinates": [ 28.986835150983126, 41.087630943502624 ] } },
{ "type": "Feature", "properties": { "poi_id": "P0468", "poi_name": "Leisure POI 0468", "category": "leisure", "latitude": 40.944811539324874, "longitude": 29.165608064565735, "attraction_index": 0.81 }, "geometry": { "type": "Point", "coordinates": [ 29.165608064565735, 40.944811539324874 ] } },
{ "type": "Feature", "properties": { "poi_id": "P0469", "poi_name": "Office POI 0469", "category": "office", "latitude": 41.050736136161134, "longitude": 29.012182286445128, "attraction_index": 0.9036 }, "geometry": { "type": "Point", "coordinates": [ 29.012182286445128, 41.050736136161134 ] } },
{ "type": "Feature", "properties": { "poi_id": "P0470", "poi_name": "Office POI 0470", "category": "office", "latitude": 41.039825867153432, "longitude": 29.006859575157545, "attraction_index": 0.8748 }, "geometry": { "type": "Point", "coordinates": [ 29.006859575157545, 41.039825867153432 ] } },
{ "type": "Feature", "properties": { "poi_id": "P0471", "poi_name": "Transit POI 0471", "category": "transit", "latitude": 41.040438212327693, "longitude": 29.008942934705246, "attraction_index": 0.8921 }, "geometry": { "type": "Point", "coordinates": [ 29.008942934705246, 41.040438212327693 ] } },
{ "type": "Feature", "properties": { "poi_id": "P0472", "poi_name": "Hospital POI 0472", "category": "hospital", "latitude": 40.991499072612399, "longitude": 29.110323882900971, "attraction_index": 0.8137 }, "geometry": { "type": "Point", "coordinates": [ 29.110323882900971, 40.991499072612399 ] } },
{ "type": "Feature", "properties": { "poi_id": "P0473", "poi_name": "Transit POI 0473", "category": "transit", "latitude": 41.048758881935683, "longitude": 28.680300483687397, "attraction_index": 0.966 }, "geometry": { "type": "Point", "coordinates": [ 28.680300483687397, 41.048758881935683 ] } },
{ "type": "Feature", "properties": { "poi_id": "P0474", "poi_name": "University POI 0474", "category": "university", "latitude": 41.014962179410588, "longitude": 29.11838356294934, "attraction_index": 0.919 }, "geometry": { "type": "Point", "coordinates": [ 29.11838356294934, 41.014962179410588 ] } },
{ "type": "Feature", "properties": { "poi_id": "P0475", "poi_name": "University POI 0475", "category": "university", "latitude": 41.130994354928042, "longitude": 28.808913163641414, "attraction_index": 0.7143 }, "geometry": { "type": "Point", "coordinates": [ 28.808913163641414, 41.130994354928042 ] } },
{ "type": "Feature", "properties": { "poi_id": "P0476", "poi_name": "Hospital POI 0476", "category": "hospital", "latitude": 40.947833330387752, "longitude": 29.113796400287679, "attraction_index": 0.9336 }, "geometry": { "type": "Point", "coordinates": [ 29.113796400287679, 40.947833330387752 ] } },
{ "type": "Feature", "properties": { "poi_id": "P0477", "poi_name": "University POI 0477", "category": "university", "latitude": 41.024020495117988, "longitude": 29.220850979613836, "attraction_index": 0.707 }, "geometry": { "type": "Point", "coordinates": [ 29.220850979613836, 41.024020495117988 ] } },
{ "type": "Feature", "properties": { "poi_id": "P0478", "poi_name": "Office POI 0478", "category": "office", "latitude": 41.011066932199974, "longitude": 29.216279826474231, "attraction_index": 0.7375 }, "geometry": { "type": "Point", "coordinates": [ 29.216279826474231, 41.011066932199974 ] } },
{ "type": "Feature", "properties": { "poi_id": "P0479", "poi_name": "Office POI 0479", "category": "office", "latitude": 40.922022014567737, "longitude": 29.136234475139133, "attraction_index": 0.8477 }, "geometry": { "type": "Point", "coordinates": [ 29.136234475139133, 40.922022014567737 ] } },
{ "type": "Feature", "properties": { "poi_id": "P0480", "poi_name": "Transit POI 0480", "category": "transit", "latitude": 41.046746565486849, "longitude": 29.012354986847456, "attraction_index": 0.8846 }, "geometry": { "type": "Point", "coordinates": [ 29.012354986847456, 41.046746565486849 ] } },
{ "type": "Feature", "properties": { "poi_id": "P0481", "poi_name": "Office POI 0481", "category": "office", "latitude": 41.121092651034409, "longitude": 28.796896056066721, "attraction_index": 0.794 }, "geometry": { "type": "Point", "coordinates": [ 28.796896056066721, 41.121092651034409 ] } },
{ "type": "Feature", "properties": { "poi_id": "P0482", "poi_name": "University POI 0482", "category": "university", "latitude": 40.99953742107045, "longitude": 28.97716332175418, "attraction_index": 0.784 }, "geometry": { "type": "Point", "coordinates": [ 28.97716332175418, 40.99953742107045 ] } },
{ "type": "Feature", "properties": { "poi_id": "P0483", "poi_name": "Hospital POI 0483", "category": "hospital", "latitude": 40.987288685421937, "longitude": 28.871326075418118, "attraction_index": 0.9394 }, "geometry": { "type": "Point", "coordinates": [ 28.871326075418118, 40.987288685421937 ] } },
{ "type": "Feature", "properties": { "poi_id": "P0484", "poi_name": "Hospital POI 0484", "category": "hospital", "latitude": 40.878244045310751, "longitude": 29.181085489507804, "attraction_index": 0.8684 }, "geometry": { "type": "Point", "coordinates": [ 29.181085489507804, 40.878244045310751 ] } },
{ "type": "Feature", "properties": { "poi_id": "P0485", "poi_name": "Transit POI 0485", "category": "transit", "latitude": 41.057797702182448, "longitude": 29.020125122841492, "attraction_index": 0.9259 }, "geometry": { "type": "Point", "coordinates": [ 29.020125122841492, 41.057797702182448 ] } },
{ "type": "Feature", "properties": { "poi_id": "P0486", "poi_name": "Hospital POI 0486", "category": "hospital", "latitude": 41.058664914448208, "longitude": 28.996979366220341, "attraction_index": 0.8893 }, "geometry": { "type": "Point", "coordinates": [ 28.996979366220341, 41.058664914448208 ] } },
{ "type": "Feature", "properties": { "poi_id": "P0487", "poi_name": "Transit POI 0487", "category": "transit", "latitude": 40.889436880282041, "longitude": 29.172776818713139, "attraction_index": 0.7903 }, "geometry": { "type": "Point", "coordinates": [ 29.172776818713139, 40.889436880282041 ] } },
{ "type": "Feature", "properties": { "poi_id": "P0488", "poi_name": "Transit POI 0488", "category": "transit", "latitude": 41.02381487089427, "longitude": 29.020413534870052, "attraction_index": 0.9977 }, "geometry": { "type": "Point", "coordinates": [ 29.020413534870052, 41.02381487089427 ] } },
{ "type": "Feature", "properties": { "poi_id": "P0489", "poi_name": "Leisure POI 0489", "category": "leisure", "latitude": 41.063166256350982, "longitude": 28.994277002370058, "attraction_index": 0.9637 }, "geometry": { "type": "Point", "coordinates": [ 28.994277002370058, 41.063166256350982 ] } },
{ "type": "Feature", "properties": { "poi_id": "P0490", "poi_name": "Hospital POI 0490", "category": "hospital", "latitude": 40.991343084531785, "longitude": 29.129825055183836, "attraction_index": 0.9642 }, "geometry": { "type": "Point", "coordinates": [ 29.129825055183836, 40.991343084531785 ] } },
{ "type": "Feature", "properties": { "poi_id": "P0491", "poi_name": "Transit POI 0491", "category": "transit", "latitude": 41.046245593632364, "longitude": 28.972990197577317, "attraction_index": 0.9053 }, "geometry": { "type": "Point", "coordinates": [ 28.972990197577317, 41.046245593632364 ] } },
{ "type": "Feature", "properties": { "poi_id": "P0492", "poi_name": "Leisure POI 0492", "category": "leisure", "latitude": 41.095191673566703, "longitude": 29.032585735545002, "attraction_index": 0.9016 }, "geometry": { "type": "Point", "coordinates": [ 29.032585735545002, 41.095191673566703 ] } },
{ "type": "Feature", "properties": { "poi_id": "P0493", "poi_name": "Office POI 0493", "category": "office", "latitude": 41.079237066854034, "longitude": 28.9690523840437, "attraction_index": 0.8179 }, "geometry": { "type": "Point", "coordinates": [ 28.9690523840437, 41.079237066854034 ] } },
{ "type": "Feature", "properties": { "poi_id": "P0494", "poi_name": "University POI 0494", "category": "university", "latitude": 40.971843519847759, "longitude": 28.891478316164033, "attraction_index": 0.7078 }, "geometry": { "type": "Point", "coordinates": [ 28.891478316164033, 40.971843519847759 ] } },
{ "type": "Feature", "properties": { "poi_id": "P0495", "poi_name": "Office POI 0495", "category": "office", "latitude": 41.02951743704724, "longitude": 28.682498145098293, "attraction_index": 0.8686 }, "geometry": { "type": "Point", "coordinates": [ 28.682498145098293, 41.02951743704724 ] } },
{ "type": "Feature", "properties": { "poi_id": "P0496", "poi_name": "Office POI 0496", "category": "office", "latitude": 40.979947075004517, "longitude": 29.042636758026411, "attraction_index": 0.8518 }, "geometry": { "type": "Point", "coordinates": [ 29.042636758026411, 40.979947075004517 ] } },
{ "type": "Feature", "properties": { "poi_id": "P0497", "poi_name": "Transit POI 0497", "category": "transit", "latitude": 41.034813577559802, "longitude": 29.024931276835908, "attraction_index": 0.871 }, "geometry": { "type": "Point", "coordinates": [ 29.024931276835908, 41.034813577559802 ] } },
{ "type": "Feature", "properties": { "poi_id": "P0498", "poi_name": "Office POI 0498", "category": "office", "latitude": 40.861438346492243, "longitude": 29.1634302636851, "attraction_index": 0.9122 }, "geometry": { "type": "Point", "coordinates": [ 29.1634302636851, 40.861438346492243 ] } },
{ "type": "Feature", "properties": { "poi_id": "P0499", "poi_name": "Leisure POI 0499", "category": "leisure", "latitude": 41.037054100975318, "longitude": 29.106763894799492, "attraction_index": 0.8316 }, "geometry": { "type": "Point", "coordinates": [ 29.106763894799492, 41.037054100975318 ] } },
{ "type": "Feature", "properties": { "poi_id": "P0500", "poi_name": "Office POI 0500", "category": "office", "latitude": 40.997380854507654, "longitude": 29.132748166453268, "attraction_index": 0.9358 }, "geometry": { "type": "Point", "coordinates": [ 29.132748166453268, 40.997380854507654 ] } },
{ "type": "Feature", "properties": { "poi_id": "P0501", "poi_name": "Office POI 0501", "category": "office", "latitude": 40.954224122928046, "longitude": 28.836075242318891, "attraction_index": 0.902 }, "geometry": { "type": "Point", "coordinates": [ 28.836075242318891, 40.954224122928046 ] } },
{ "type": "Feature", "properties": { "poi_id": "P0502", "poi_name": "Transit POI 0502", "category": "transit", "latitude": 41.004112040004259, "longitude": 28.852597098085443, "attraction_index": 0.8007 }, "geometry": { "type": "Point", "coordinates": [ 28.852597098085443, 41.004112040004259 ] } },
{ "type": "Feature", "properties": { "poi_id": "P0503", "poi_name": "Mall POI 0503", "category": "mall", "latitude": 40.994460673898438, "longitude": 28.83111803701302, "attraction_index": 0.8765 }, "geometry": { "type": "Point", "coordinates": [ 28.83111803701302, 40.994460673898438 ] } },
{ "type": "Feature", "properties": { "poi_id": "P0504", "poi_name": "Leisure POI 0504", "category": "leisure", "latitude": 41.029113205141968, "longitude": 28.932280807186103, "attraction_index": 0.9936 }, "geometry": { "type": "Point", "coordinates": [ 28.932280807186103, 41.029113205141968 ] } },
{ "type": "Feature", "properties": { "poi_id": "P0505", "poi_name": "Office POI 0505", "category": "office", "latitude": 41.025688700792593, "longitude": 28.646719877932608, "attraction_index": 0.9647 }, "geometry": { "type": "Point", "coordinates": [ 28.646719877932608, 41.025688700792593 ] } },
{ "type": "Feature", "properties": { "poi_id": "P0506", "poi_name": "Leisure POI 0506", "category": "leisure", "latitude": 41.04725961465126, "longitude": 29.00660305279321, "attraction_index": 0.9122 }, "geometry": { "type": "Point", "coordinates": [ 29.00660305279321, 41.04725961465126 ] } },
{ "type": "Feature", "properties": { "poi_id": "P0507", "poi_name": "Office POI 0507", "category": "office", "latitude": 41.036047698756725, "longitude": 28.640205701341824, "attraction_index": 0.7229 }, "geometry": { "type": "Point", "coordinates": [ 28.640205701341824, 41.036047698756725 ] } },
{ "type": "Feature", "properties": { "poi_id": "P0508", "poi_name": "Transit POI 0508", "category": "transit", "latitude": 40.99306934545826, "longitude": 29.039319476505092, "attraction_index": 1.0 }, "geometry": { "type": "Point", "coordinates": [ 29.039319476505092, 40.99306934545826 ] } },
{ "type": "Feature", "properties": { "poi_id": "P0509", "poi_name": "Transit POI 0509", "category": "transit", "latitude": 41.012176666820309, "longitude": 29.134116437775393, "attraction_index": 0.9365 }, "geometry": { "type": "Point", "coordinates": [ 29.134116437775393, 41.012176666820309 ] } },
{ "type": "Feature", "properties": { "poi_id": "P0510", "poi_name": "Office POI 0510", "category": "office", "latitude": 41.054717989270067, "longitude": 29.024880842658799, "attraction_index": 0.9759 }, "geometry": { "type": "Point", "coordinates": [ 29.024880842658799, 41.054717989270067 ] } },
{ "type": "Feature", "properties": { "poi_id": "P0511", "poi_name": "Transit POI 0511", "category": "transit", "latitude": 41.075528427647917, "longitude": 28.955970141368809, "attraction_index": 0.7393 }, "geometry": { "type": "Point", "coordinates": [ 28.955970141368809, 41.075528427647917 ] } },
{ "type": "Feature", "properties": { "poi_id": "P0512", "poi_name": "Leisure POI 0512", "category": "leisure", "latitude": 40.971544055644429, "longitude": 28.846707096099379, "attraction_index": 0.9124 }, "geometry": { "type": "Point", "coordinates": [ 28.846707096099379, 40.971544055644429 ] } },
{ "type": "Feature", "properties": { "poi_id": "P0513", "poi_name": "Leisure POI 0513", "category": "leisure", "latitude": 41.058254197209976, "longitude": 29.118163412664924, "attraction_index": 1.0 }, "geometry": { "type": "Point", "coordinates": [ 29.118163412664924, 41.058254197209976 ] } },
{ "type": "Feature", "properties": { "poi_id": "P0514", "poi_name": "Leisure POI 0514", "category": "leisure", "latitude": 41.026417693454881, "longitude": 29.041872253416248, "attraction_index": 1.0 }, "geometry": { "type": "Point", "coordinates": [ 29.041872253416248, 41.026417693454881 ] } },
{ "type": "Feature", "properties": { "poi_id": "P0515", "poi_name": "Transit POI 0515", "category": "transit", "latitude": 40.970966785799604, "longitude": 28.871322865821796, "attraction_index": 0.9873 }, "geometry": { "type": "Point", "coordinates": [ 28.871322865821796, 40.970966785799604 ] } },
{ "type": "Feature", "properties": { "poi_id": "P0516", "poi_name": "Transit POI 0516", "category": "transit", "latitude": 41.08959788310073, "longitude": 28.953045540564009, "attraction_index": 0.7705 }, "geometry": { "type": "Point", "coordinates": [ 28.953045540564009, 41.08959788310073 ] } },
{ "type": "Feature", "properties": { "poi_id": "P0517", "poi_name": "Office POI 0517", "category": "office", "latitude": 40.862033638542876, "longitude": 29.284361031929041, "attraction_index": 0.7976 }, "geometry": { "type": "Point", "coordinates": [ 29.284361031929041, 40.862033638542876 ] } },
{ "type": "Feature", "properties": { "poi_id": "P0518", "poi_name": "Transit POI 0518", "category": "transit", "latitude": 40.99350455446892, "longitude": 28.641371118340672, "attraction_index": 0.7798 }, "geometry": { "type": "Point", "coordinates": [ 28.641371118340672, 40.99350455446892 ] } },
{ "type": "Feature", "properties": { "poi_id": "P0519", "poi_name": "Leisure POI 0519", "category": "leisure", "latitude": 41.078475700867173, "longitude": 28.778224875512286, "attraction_index": 0.9639 }, "geometry": { "type": "Point", "coordinates": [ 28.778224875512286, 41.078475700867173 ] } },
{ "type": "Feature", "properties": { "poi_id": "P0520", "poi_name": "Transit POI 0520", "category": "transit", "latitude": 41.044717295007935, "longitude": 28.979240864097974, "attraction_index": 0.8199 }, "geometry": { "type": "Point", "coordinates": [ 28.979240864097974, 41.044717295007935 ] } },
{ "type": "Feature", "properties": { "poi_id": "P0521", "poi_name": "Transit POI 0521", "category": "transit", "latitude": 41.010895762369067, "longitude": 28.629683071327545, "attraction_index": 0.811 }, "geometry": { "type": "Point", "coordinates": [ 28.629683071327545, 41.010895762369067 ] } },
{ "type": "Feature", "properties": { "poi_id": "P0522", "poi_name": "Transit POI 0522", "category": "transit", "latitude": 41.033243850577819, "longitude": 29.009944165092989, "attraction_index": 1.0 }, "geometry": { "type": "Point", "coordinates": [ 29.009944165092989, 41.033243850577819 ] } },
{ "type": "Feature", "properties": { "poi_id": "P0523", "poi_name": "Leisure POI 0523", "category": "leisure", "latitude": 41.041039088179531, "longitude": 28.99623379430199, "attraction_index": 0.8253 }, "geometry": { "type": "Point", "coordinates": [ 28.99623379430199, 41.041039088179531 ] } },
{ "type": "Feature", "properties": { "poi_id": "P0524", "poi_name": "Office POI 0524", "category": "office", "latitude": 41.111981112252955, "longitude": 28.816814934078288, "attraction_index": 0.7865 }, "geometry": { "type": "Point", "coordinates": [ 28.816814934078288, 41.111981112252955 ] } },
{ "type": "Feature", "properties": { "poi_id": "P0525", "poi_name": "Transit POI 0525", "category": "transit", "latitude": 41.004744688231739, "longitude": 29.119320093617045, "attraction_index": 0.7191 }, "geometry": { "type": "Point", "coordinates": [ 29.119320093617045, 41.004744688231739 ] } },
{ "type": "Feature", "properties": { "poi_id": "P0526", "poi_name": "Transit POI 0526", "category": "transit", "latitude": 41.003316337795589, "longitude": 29.122632585257968, "attraction_index": 0.8299 }, "geometry": { "type": "Point", "coordinates": [ 29.122632585257968, 41.003316337795589 ] } },
{ "type": "Feature", "properties": { "poi_id": "P0527", "poi_name": "Office POI 0527", "category": "office", "latitude": 41.049203085348623, "longitude": 28.997577891200358, "attraction_index": 0.8554 }, "geometry": { "type": "Point", "coordinates": [ 28.997577891200358, 41.049203085348623 ] } },
{ "type": "Feature", "properties": { "poi_id": "P0528", "poi_name": "Office POI 0528", "category": "office", "latitude": 41.05456347269471, "longitude": 29.022784587200483, "attraction_index": 0.9124 }, "geometry": { "type": "Point", "coordinates": [ 29.022784587200483, 41.05456347269471 ] } },
{ "type": "Feature", "properties": { "poi_id": "P0529", "poi_name": "University POI 0529", "category": "university", "latitude": 40.980012762580564, "longitude": 28.883988717425094, "attraction_index": 0.9312 }, "geometry": { "type": "Point", "coordinates": [ 28.883988717425094, 40.980012762580564 ] } },
{ "type": "Feature", "properties": { "poi_id": "P0530", "poi_name": "Transit POI 0530", "category": "transit", "latitude": 40.979733469645502, "longitude": 29.021663771218403, "attraction_index": 0.8514 }, "geometry": { "type": "Point", "coordinates": [ 29.021663771218403, 40.979733469645502 ] } },
{ "type": "Feature", "properties": { "poi_id": "P0531", "poi_name": "Leisure POI 0531", "category": "leisure", "latitude": 41.044860573553649, "longitude": 28.684676050374726, "attraction_index": 1.0 }, "geometry": { "type": "Point", "coordinates": [ 28.684676050374726, 41.044860573553649 ] } },
{ "type": "Feature", "properties": { "poi_id": "P0532", "poi_name": "Leisure POI 0532", "category": "leisure", "latitude": 41.052088216697541, "longitude": 28.985379898089896, "attraction_index": 0.9675 }, "geometry": { "type": "Point", "coordinates": [ 28.985379898089896, 41.052088216697541 ] } },
{ "type": "Feature", "properties": { "poi_id": "P0533", "poi_name": "Office POI 0533", "category": "office", "latitude": 40.986181310453588, "longitude": 28.887785706803001, "attraction_index": 0.9788 }, "geometry": { "type": "Point", "coordinates": [ 28.887785706803001, 40.986181310453588 ] } },
{ "type": "Feature", "properties": { "poi_id": "P0534", "poi_name": "Transit POI 0534", "category": "transit", "latitude": 40.942495664014523, "longitude": 29.160377949267936, "attraction_index": 0.7517 }, "geometry": { "type": "Point", "coordinates": [ 29.160377949267936, 40.942495664014523 ] } },
{ "type": "Feature", "properties": { "poi_id": "P0535", "poi_name": "Hospital POI 0535", "category": "hospital", "latitude": 40.866786818713464, "longitude": 29.298664858138718, "attraction_index": 0.9196 }, "geometry": { "type": "Point", "coordinates": [ 29.298664858138718, 40.866786818713464 ] } },
{ "type": "Feature", "properties": { "poi_id": "P0536", "poi_name": "Transit POI 0536", "category": "transit", "latitude": 40.996558627572497, "longitude": 28.649691779620433, "attraction_index": 0.822 }, "geometry": { "type": "Point", "coordinates": [ 28.649691779620433, 40.996558627572497 ] } },
{ "type": "Feature", "properties": { "poi_id": "P0537", "poi_name": "Hospital POI 0537", "category": "hospital", "latitude": 41.004673808117985, "longitude": 29.033141571255701, "attraction_index": 0.8653 }, "geometry": { "type": "Point", "coordinates": [ 29.033141571255701, 41.004673808117985 ] } },
{ "type": "Feature", "properties": { "poi_id": "P0538", "poi_name": "Transit POI 0538", "category": "transit", "latitude": 40.980309563153071, "longitude": 28.860505963843305, "attraction_index": 0.9618 }, "geometry": { "type": "Point", "coordinates": [ 28.860505963843305, 40.980309563153071 ] } },
{ "type": "Feature", "properties": { "poi_id": "P0539", "poi_name": "Office POI 0539", "category": "office", "latitude": 41.034128315049834, "longitude": 28.990696006122246, "attraction_index": 0.9843 }, "geometry": { "type": "Point", "coordinates": [ 28.990696006122246, 41.034128315049834 ] } },
{ "type": "Feature", "properties": { "poi_id": "P0540", "poi_name": "Transit POI 0540", "category": "transit", "latitude": 40.89469494080565, "longitude": 29.185916737809098, "attraction_index": 0.9392 }, "geometry": { "type": "Point", "coordinates": [ 29.185916737809098, 40.89469494080565 ] } },
{ "type": "Feature", "properties": { "poi_id": "P0541", "poi_name": "Transit POI 0541", "category": "transit", "latitude": 41.097440496233084, "longitude": 28.793762869488177, "attraction_index": 0.9309 }, "geometry": { "type": "Point", "coordinates": [ 28.793762869488177, 41.097440496233084 ] } },
{ "type": "Feature", "properties": { "poi_id": "P0542", "poi_name": "Mall POI 0542", "category": "mall", "latitude": 40.982605908075477, "longitude": 29.028923664400754, "attraction_index": 0.9692 }, "geometry": { "type": "Point", "coordinates": [ 29.028923664400754, 40.982605908075477 ] } },
{ "type": "Feature", "properties": { "poi_id": "P0543", "poi_name": "Leisure POI 0543", "category": "leisure", "latitude": 41.063688956498041, "longitude": 28.957250368333092, "attraction_index": 1.0 }, "geometry": { "type": "Point", "coordinates": [ 28.957250368333092, 41.063688956498041 ] } },
{ "type": "Feature", "properties": { "poi_id": "P0544", "poi_name": "Leisure POI 0544", "category": "leisure", "latitude": 41.038501358952011, "longitude": 28.987135701060126, "attraction_index": 0.9262 }, "geometry": { "type": "Point", "coordinates": [ 28.987135701060126, 41.038501358952011 ] } },
{ "type": "Feature", "properties": { "poi_id": "P0545", "poi_name": "Hospital POI 0545", "category": "hospital", "latitude": 41.005995345369122, "longitude": 29.088028333212769, "attraction_index": 1.0 }, "geometry": { "type": "Point", "coordinates": [ 29.088028333212769, 41.005995345369122 ] } },
{ "type": "Feature", "properties": { "poi_id": "P0546", "poi_name": "Leisure POI 0546", "category": "leisure", "latitude": 40.979441994286958, "longitude": 29.023160555292574, "attraction_index": 0.9779 }, "geometry": { "type": "Point", "coordinates": [ 29.023160555292574, 40.979441994286958 ] } },
{ "type": "Feature", "properties": { "poi_id": "P0547", "poi_name": "Leisure POI 0547", "category": "leisure", "latitude": 41.051484381067674, "longitude": 28.923660690533868, "attraction_index": 0.8972 }, "geometry": { "type": "Point", "coordinates": [ 28.923660690533868, 41.051484381067674 ] } },
{ "type": "Feature", "properties": { "poi_id": "P0548", "poi_name": "Mall POI 0548", "category": "mall", "latitude": 40.940782627710931, "longitude": 29.1526482048411, "attraction_index": 0.8328 }, "geometry": { "type": "Point", "coordinates": [ 29.1526482048411, 40.940782627710931 ] } },
{ "type": "Feature", "properties": { "poi_id": "P0549", "poi_name": "Transit POI 0549", "category": "transit", "latitude": 41.003188540924093, "longitude": 28.641698120123785, "attraction_index": 0.7419 }, "geometry": { "type": "Point", "coordinates": [ 28.641698120123785, 41.003188540924093 ] } },
{ "type": "Feature", "properties": { "poi_id": "P0550", "poi_name": "Hospital POI 0550", "category": "hospital", "latitude": 40.998494279227224, "longitude": 28.866292835190777, "attraction_index": 0.9278 }, "geometry": { "type": "Point", "coordinates": [ 28.866292835190777, 40.998494279227224 ] } },
{ "type": "Feature", "properties": { "poi_id": "P0551", "poi_name": "University POI 0551", "category": "university", "latitude": 40.967072858879426, "longitude": 29.238784604029174, "attraction_index": 0.9106 }, "geometry": { "type": "Point", "coordinates": [ 29.238784604029174, 40.967072858879426 ] } },
{ "type": "Feature", "properties": { "poi_id": "P0552", "poi_name": "Office POI 0552", "category": "office", "latitude": 40.882208063483432, "longitude": 29.26467880423257, "attraction_index": 0.8384 }, "geometry": { "type": "Point", "coordinates": [ 29.26467880423257, 40.882208063483432 ] } },
{ "type": "Feature", "properties": { "poi_id": "P0553", "poi_name": "Leisure POI 0553", "category": "leisure", "latitude": 41.012952168575424, "longitude": 28.997730970079427, "attraction_index": 1.0 }, "geometry": { "type": "Point", "coordinates": [ 28.997730970079427, 41.012952168575424 ] } },
{ "type": "Feature", "properties": { "poi_id": "P0554", "poi_name": "University POI 0554", "category": "university", "latitude": 40.996253070161806, "longitude": 29.001517571048801, "attraction_index": 0.9218 }, "geometry": { "type": "Point", "coordinates": [ 29.001517571048801, 40.996253070161806 ] } },
{ "type": "Feature", "properties": { "poi_id": "P0555", "poi_name": "University POI 0555", "category": "university", "latitude": 40.975867788287871, "longitude": 28.861678935032824, "attraction_index": 0.977 }, "geometry": { "type": "Point", "coordinates": [ 28.861678935032824, 40.975867788287871 ] } },
{ "type": "Feature", "properties": { "poi_id": "P0556", "poi_name": "Office POI 0556", "category": "office", "latitude": 40.96697635631007, "longitude": 28.867428583415446, "attraction_index": 1.0 }, "geometry": { "type": "Point", "coordinates": [ 28.867428583415446, 40.96697635631007 ] } },
{ "type": "Feature", "properties": { "poi_id": "P0557", "poi_name": "Leisure POI 0557", "category": "leisure", "latitude": 41.044293866736474, "longitude": 29.035768801750439, "attraction_index": 0.9456 }, "geometry": { "type": "Point", "coordinates": [ 29.035768801750439, 41.044293866736474 ] } },
{ "type": "Feature", "properties": { "poi_id": "P0558", "poi_name": "Transit POI 0558", "category": "transit", "latitude": 41.017851477274469, "longitude": 29.023232254159133, "attraction_index": 0.7981 }, "geometry": { "type": "Point", "coordinates": [ 29.023232254159133, 41.017851477274469 ] } },
{ "type": "Feature", "properties": { "poi_id": "P0559", "poi_name": "Leisure POI 0559", "category": "leisure", "latitude": 41.087722618049831, "longitude": 28.768791166869804, "attraction_index": 0.7571 }, "geometry": { "type": "Point", "coordinates": [ 28.768791166869804, 41.087722618049831 ] } },
{ "type": "Feature", "properties": { "poi_id": "P0560", "poi_name": "Hospital POI 0560", "category": "hospital", "latitude": 40.930652795592856, "longitude": 29.158663325737923, "attraction_index": 0.8609 }, "geometry": { "type": "Point", "coordinates": [ 29.158663325737923, 40.930652795592856 ] } },
{ "type": "Feature", "properties": { "poi_id": "P0561", "poi_name": "Transit POI 0561", "category": "transit", "latitude": 40.963347058105327, "longitude": 28.851960235105967, "attraction_index": 0.8919 }, "geometry": { "type": "Point", "coordinates": [ 28.851960235105967, 40.963347058105327 ] } },
{ "type": "Feature", "properties": { "poi_id": "P0562", "poi_name": "Leisure POI 0562", "category": "leisure", "latitude": 41.094558971535555, "longitude": 29.03414979590001, "attraction_index": 0.8981 }, "geometry": { "type": "Point", "coordinates": [ 29.03414979590001, 41.094558971535555 ] } },
{ "type": "Feature", "properties": { "poi_id": "P0563", "poi_name": "University POI 0563", "category": "university", "latitude": 41.012151650822048, "longitude": 28.997104605434838, "attraction_index": 1.0 }, "geometry": { "type": "Point", "coordinates": [ 28.997104605434838, 41.012151650822048 ] } },
{ "type": "Feature", "properties": { "poi_id": "P0564", "poi_name": "Transit POI 0564", "category": "transit", "latitude": 41.047121788630967, "longitude": 29.010591732820206, "attraction_index": 0.8623 }, "geometry": { "type": "Point", "coordinates": [ 29.010591732820206, 41.047121788630967 ] } },
{ "type": "Feature", "properties": { "poi_id": "P0565", "poi_name": "Transit POI 0565", "category": "transit", "latitude": 41.032257974148315, "longitude": 28.978887538051307, "attraction_index": 0.8507 }, "geometry": { "type": "Point", "coordinates": [ 28.978887538051307, 41.032257974148315 ] } },
{ "type": "Feature", "properties": { "poi_id": "P0566", "poi_name": "University POI 0566", "category": "university", "latitude": 40.886795220102009, "longitude": 29.27782327860999, "attraction_index": 0.85 }, "geometry": { "type": "Point", "coordinates": [ 29.27782327860999, 40.886795220102009 ] } },
{ "type": "Feature", "properties": { "poi_id": "P0567", "poi_name": "Transit POI 0567", "category": "transit", "latitude": 41.111121219360825, "longitude": 28.816893379904709, "attraction_index": 0.7395 }, "geometry": { "type": "Point", "coordinates": [ 28.816893379904709, 41.111121219360825 ] } },
{ "type": "Feature", "properties": { "poi_id": "P0568", "poi_name": "Leisure POI 0568", "category": "leisure", "latitude": 40.984090655634368, "longitude": 28.694274307286459, "attraction_index": 0.8669 }, "geometry": { "type": "Point", "coordinates": [ 28.694274307286459, 40.984090655634368 ] } },
{ "type": "Feature", "properties": { "poi_id": "P0569", "poi_name": "Transit POI 0569", "category": "transit", "latitude": 41.007926816817431, "longitude": 29.121744782860333, "attraction_index": 0.9318 }, "geometry": { "type": "Point", "coordinates": [ 29.121744782860333, 41.007926816817431 ] } },
{ "type": "Feature", "properties": { "poi_id": "P0570", "poi_name": "Transit POI 0570", "category": "transit", "latitude": 41.003987253448422, "longitude": 29.128301949729813, "attraction_index": 0.937 }, "geometry": { "type": "Point", "coordinates": [ 29.128301949729813, 41.003987253448422 ] } },
{ "type": "Feature", "properties": { "poi_id": "P0571", "poi_name": "Office POI 0571", "category": "office", "latitude": 40.87996858620199, "longitude": 29.172614016421281, "attraction_index": 0.6576 }, "geometry": { "type": "Point", "coordinates": [ 29.172614016421281, 40.87996858620199 ] } },
{ "type": "Feature", "properties": { "poi_id": "P0572", "poi_name": "Transit POI 0572", "category": "transit", "latitude": 40.990075561406805, "longitude": 28.886599109102928, "attraction_index": 0.9284 }, "geometry": { "type": "Point", "coordinates": [ 28.886599109102928, 40.990075561406805 ] } },
{ "type": "Feature", "properties": { "poi_id": "P0573", "poi_name": "Transit POI 0573", "category": "transit", "latitude": 40.989585080164751, "longitude": 29.106191925577267, "attraction_index": 0.9957 }, "geometry": { "type": "Point", "coordinates": [ 29.106191925577267, 40.989585080164751 ] } },
{ "type": "Feature", "properties": { "poi_id": "P0574", "poi_name": "Mall POI 0574", "category": "mall", "latitude": 41.090349804927037, "longitude": 29.022883286193757, "attraction_index": 0.9547 }, "geometry": { "type": "Point", "coordinates": [ 29.022883286193757, 41.090349804927037 ] } },
{ "type": "Feature", "properties": { "poi_id": "P0575", "poi_name": "Transit POI 0575", "category": "transit", "latitude": 41.053036529992227, "longitude": 29.001324032176161, "attraction_index": 1.0 }, "geometry": { "type": "Point", "coordinates": [ 29.001324032176161, 41.053036529992227 ] } },
{ "type": "Feature", "properties": { "poi_id": "P0576", "poi_name": "Office POI 0576", "category": "office", "latitude": 41.001052146481463, "longitude": 29.04795251951715, "attraction_index": 0.8234 }, "geometry": { "type": "Point", "coordinates": [ 29.04795251951715, 41.001052146481463 ] } },
{ "type": "Feature", "properties": { "poi_id": "P0577", "poi_name": "Leisure POI 0577", "category": "leisure", "latitude": 41.007722225985631, "longitude": 29.016365997254024, "attraction_index": 0.8156 }, "geometry": { "type": "Point", "coordinates": [ 29.016365997254024, 41.007722225985631 ] } },
{ "type": "Feature", "properties": { "poi_id": "P0578", "poi_name": "Leisure POI 0578", "category": "leisure", "latitude": 40.909914569975179, "longitude": 29.205259863049882, "attraction_index": 0.7585 }, "geometry": { "type": "Point", "coordinates": [ 29.205259863049882, 40.909914569975179 ] } },
{ "type": "Feature", "properties": { "poi_id": "P0579", "poi_name": "Office POI 0579", "category": "office", "latitude": 41.006921970649998, "longitude": 28.66346555906927, "attraction_index": 0.9157 }, "geometry": { "type": "Point", "coordinates": [ 28.66346555906927, 41.006921970649998 ] } },
{ "type": "Feature", "properties": { "poi_id": "P0580", "poi_name": "Office POI 0580", "category": "office", "latitude": 41.080548836554037, "longitude": 28.986627153460351, "attraction_index": 0.9208 }, "geometry": { "type": "Point", "coordinates": [ 28.986627153460351, 41.080548836554037 ] } },
{ "type": "Feature", "properties": { "poi_id": "P0581", "poi_name": "Leisure POI 0581", "category": "leisure", "latitude": 40.998483502494487, "longitude": 29.130895955178921, "attraction_index": 0.9429 }, "geometry": { "type": "Point", "coordinates": [ 29.130895955178921, 40.998483502494487 ] } },
{ "type": "Feature", "properties": { "poi_id": "P0582", "poi_name": "Office POI 0582", "category": "office", "latitude": 41.007645792629745, "longitude": 29.015400376431089, "attraction_index": 0.8185 }, "geometry": { "type": "Point", "coordinates": [ 29.015400376431089, 41.007645792629745 ] } },
{ "type": "Feature", "properties": { "poi_id": "P0583", "poi_name": "Leisure POI 0583", "category": "leisure", "latitude": 40.989183207930552, "longitude": 28.860042381006437, "attraction_index": 0.8204 }, "geometry": { "type": "Point", "coordinates": [ 28.860042381006437, 40.989183207930552 ] } },
{ "type": "Feature", "properties": { "poi_id": "P0584", "poi_name": "Leisure POI 0584", "category": "leisure", "latitude": 41.003655163020937, "longitude": 28.980813583092662, "attraction_index": 0.8786 }, "geometry": { "type": "Point", "coordinates": [ 28.980813583092662, 41.003655163020937 ] } },
{ "type": "Feature", "properties": { "poi_id": "P0585", "poi_name": "Office POI 0585", "category": "office", "latitude": 41.063595983714357, "longitude": 28.9146244363486, "attraction_index": 0.9334 }, "geometry": { "type": "Point", "coordinates": [ 28.9146244363486, 41.063595983714357 ] } },
{ "type": "Feature", "properties": { "poi_id": "P0586", "poi_name": "Transit POI 0586", "category": "transit", "latitude": 41.0727875792617, "longitude": 28.961827127021767, "attraction_index": 0.8812 }, "geometry": { "type": "Point", "coordinates": [ 28.961827127021767, 41.0727875792617 ] } },
{ "type": "Feature", "properties": { "poi_id": "P0587", "poi_name": "Transit POI 0587", "category": "transit", "latitude": 40.994941457681115, "longitude": 29.007240740173735, "attraction_index": 0.9072 }, "geometry": { "type": "Point", "coordinates": [ 29.007240740173735, 40.994941457681115 ] } },
{ "type": "Feature", "properties": { "poi_id": "P0588", "poi_name": "Transit POI 0588", "category": "transit", "latitude": 40.983673086692711, "longitude": 28.866014226944877, "attraction_index": 0.7931 }, "geometry": { "type": "Point", "coordinates": [ 28.866014226944877, 40.983673086692711 ] } },
{ "type": "Feature", "properties": { "poi_id": "P0589", "poi_name": "Transit POI 0589", "category": "transit", "latitude": 41.046407712025719, "longitude": 29.021436352642247, "attraction_index": 0.9426 }, "geometry": { "type": "Point", "coordinates": [ 29.021436352642247, 41.046407712025719 ] } },
{ "type": "Feature", "properties": { "poi_id": "P0590", "poi_name": "Transit POI 0590", "category": "transit", "latitude": 41.104912863726391, "longitude": 28.811841069121293, "attraction_index": 0.7035 }, "geometry": { "type": "Point", "coordinates": [ 28.811841069121293, 41.104912863726391 ] } },
{ "type": "Feature", "properties": { "poi_id": "P0591", "poi_name": "Mall POI 0591", "category": "mall", "latitude": 40.985423107998912, "longitude": 29.029445271376673, "attraction_index": 0.9755 }, "geometry": { "type": "Point", "coordinates": [ 29.029445271376673, 40.985423107998912 ] } },
{ "type": "Feature", "properties": { "poi_id": "P0592", "poi_name": "Leisure POI 0592", "category": "leisure", "latitude": 41.017337737041707, "longitude": 29.037312714796123, "attraction_index": 0.9224 }, "geometry": { "type": "Point", "coordinates": [ 29.037312714796123, 41.017337737041707 ] } },
{ "type": "Feature", "properties": { "poi_id": "P0593", "poi_name": "Mall POI 0593", "category": "mall", "latitude": 41.055019823041903, "longitude": 29.013421598162541, "attraction_index": 0.8621 }, "geometry": { "type": "Point", "coordinates": [ 29.013421598162541, 41.055019823041903 ] } },
{ "type": "Feature", "properties": { "poi_id": "P0594", "poi_name": "Office POI 0594", "category": "office", "latitude": 40.974718598009567, "longitude": 29.138231835416516, "attraction_index": 0.72 }, "geometry": { "type": "Point", "coordinates": [ 29.138231835416516, 40.974718598009567 ] } },
{ "type": "Feature", "properties": { "poi_id": "P0595", "poi_name": "Office POI 0595", "category": "office", "latitude": 41.024934963109963, "longitude": 29.137894586526038, "attraction_index": 0.8976 }, "geometry": { "type": "Point", "coordinates": [ 29.137894586526038, 41.024934963109963 ] } },
{ "type": "Feature", "properties": { "poi_id": "P0596", "poi_name": "Transit POI 0596", "category": "transit", "latitude": 41.098894161086214, "longitude": 28.962037076133619, "attraction_index": 0.9113 }, "geometry": { "type": "Point", "coordinates": [ 28.962037076133619, 41.098894161086214 ] } },
{ "type": "Feature", "properties": { "poi_id": "P0597", "poi_name": "Mall POI 0597", "category": "mall", "latitude": 41.051495070686698, "longitude": 29.00221612258904, "attraction_index": 0.9172 }, "geometry": { "type": "Point", "coordinates": [ 29.00221612258904, 41.051495070686698 ] } },
{ "type": "Feature", "properties": { "poi_id": "P0598", "poi_name": "Leisure POI 0598", "category": "leisure", "latitude": 41.035779922385927, "longitude": 29.008907944112796, "attraction_index": 0.8708 }, "geometry": { "type": "Point", "coordinates": [ 29.008907944112796, 41.035779922385927 ] } },
{ "type": "Feature", "properties": { "poi_id": "P0599", "poi_name": "Hospital POI 0599", "category": "hospital", "latitude": 41.018886314908663, "longitude": 29.034144421049362, "attraction_index": 0.9253 }, "geometry": { "type": "Point", "coordinates": [ 29.034144421049362, 41.018886314908663 ] } },
{ "type": "Feature", "properties": { "poi_id": "P0600", "poi_name": "Hospital POI 0600", "category": "hospital", "latitude": 40.880922791014825, "longitude": 29.241694414052802, "attraction_index": 0.8527 }, "geometry": { "type": "Point", "coordinates": [ 29.241694414052802, 40.880922791014825 ] } },
{ "type": "Feature", "properties": { "poi_id": "P0601", "poi_name": "Office POI 0601", "category": "office", "latitude": 40.881237795069275, "longitude": 29.158977607473602, "attraction_index": 0.8275 }, "geometry": { "type": "Point", "coordinates": [ 29.158977607473602, 40.881237795069275 ] } },
{ "type": "Feature", "properties": { "poi_id": "P0602", "poi_name": "Mall POI 0602", "category": "mall", "latitude": 40.866990083503801, "longitude": 29.276295261345002, "attraction_index": 0.8572 }, "geometry": { "type": "Point", "coordinates": [ 29.276295261345002, 40.866990083503801 ] } },
{ "type": "Feature", "properties": { "poi_id": "P0603", "poi_name": "University POI 0603", "category": "university", "latitude": 40.988459101718831, "longitude": 28.862511565521, "attraction_index": 0.8955 }, "geometry": { "type": "Point", "coordinates": [ 28.862511565521, 40.988459101718831 ] } },
{ "type": "Feature", "properties": { "poi_id": "P0604", "poi_name": "Leisure POI 0604", "category": "leisure", "latitude": 41.091065983077669, "longitude": 28.809003978750471, "attraction_index": 0.7763 }, "geometry": { "type": "Point", "coordinates": [ 28.809003978750471, 41.091065983077669 ] } },
{ "type": "Feature", "properties": { "poi_id": "P0605", "poi_name": "Office POI 0605", "category": "office", "latitude": 41.021921771363388, "longitude": 28.634746177426678, "attraction_index": 0.9392 }, "geometry": { "type": "Point", "coordinates": [ 28.634746177426678, 41.021921771363388 ] } },
{ "type": "Feature", "properties": { "poi_id": "P0606", "poi_name": "Mall POI 0606", "category": "mall", "latitude": 40.991751445260057, "longitude": 29.20641634605397, "attraction_index": 0.7643 }, "geometry": { "type": "Point", "coordinates": [ 29.20641634605397, 40.991751445260057 ] } },
{ "type": "Feature", "properties": { "poi_id": "P0607", "poi_name": "Hospital POI 0607", "category": "hospital", "latitude": 40.89438171414966, "longitude": 29.223179837005272, "attraction_index": 0.761 }, "geometry": { "type": "Point", "coordinates": [ 29.223179837005272, 40.89438171414966 ] } },
{ "type": "Feature", "properties": { "poi_id": "P0608", "poi_name": "Office POI 0608", "category": "office", "latitude": 41.015788923406824, "longitude": 28.680002696134526, "attraction_index": 0.8518 }, "geometry": { "type": "Point", "coordinates": [ 28.680002696134526, 41.015788923406824 ] } },
{ "type": "Feature", "properties": { "poi_id": "P0609", "poi_name": "Leisure POI 0609", "category": "leisure", "latitude": 40.89274129516216, "longitude": 29.225239241222404, "attraction_index": 0.6878 }, "geometry": { "type": "Point", "coordinates": [ 29.225239241222404, 40.89274129516216 ] } },
{ "type": "Feature", "properties": { "poi_id": "P0610", "poi_name": "Leisure POI 0610", "category": "leisure", "latitude": 40.941410947535147, "longitude": 29.133877129404333, "attraction_index": 0.8597 }, "geometry": { "type": "Point", "coordinates": [ 29.133877129404333, 40.941410947535147 ] } },
{ "type": "Feature", "properties": { "poi_id": "P0611", "poi_name": "Office POI 0611", "category": "office", "latitude": 41.043182124219996, "longitude": 28.699825254574865, "attraction_index": 0.8504 }, "geometry": { "type": "Point", "coordinates": [ 28.699825254574865, 41.043182124219996 ] } },
{ "type": "Feature", "properties": { "poi_id": "P0612", "poi_name": "Hospital POI 0612", "category": "hospital", "latitude": 41.057860153063025, "longitude": 28.983803710863448, "attraction_index": 0.8389 }, "geometry": { "type": "Point", "coordinates": [ 28.983803710863448, 41.057860153063025 ] } },
{ "type": "Feature", "properties": { "poi_id": "P0613", "poi_name": "Leisure POI 0613", "category": "leisure", "latitude": 40.997236668379486, "longitude": 29.012029092363843, "attraction_index": 0.8238 }, "geometry": { "type": "Point", "coordinates": [ 29.012029092363843, 40.997236668379486 ] } },
{ "type": "Feature", "properties": { "poi_id": "P0614", "poi_name": "Office POI 0614", "category": "office", "latitude": 41.116172761212816, "longitude": 28.828983781991678, "attraction_index": 0.7819 }, "geometry": { "type": "Point", "coordinates": [ 28.828983781991678, 41.116172761212816 ] } },
{ "type": "Feature", "properties": { "poi_id": "P0615", "poi_name": "Leisure POI 0615", "category": "leisure", "latitude": 40.891634072136732, "longitude": 29.154382020006476, "attraction_index": 0.9935 }, "geometry": { "type": "Point", "coordinates": [ 29.154382020006476, 40.891634072136732 ] } },
{ "type": "Feature", "properties": { "poi_id": "P0616", "poi_name": "Office POI 0616", "category": "office", "latitude": 40.87927850377033, "longitude": 29.199018451093398, "attraction_index": 0.7276 }, "geometry": { "type": "Point", "coordinates": [ 29.199018451093398, 40.87927850377033 ] } },
{ "type": "Feature", "properties": { "poi_id": "P0617", "poi_name": "Office POI 0617", "category": "office", "latitude": 41.093635699912426, "longitude": 28.79422471108888, "attraction_index": 0.6586 }, "geometry": { "type": "Point", "coordinates": [ 28.79422471108888, 41.093635699912426 ] } },
{ "type": "Feature", "properties": { "poi_id": "P0618", "poi_name": "Mall POI 0618", "category": "mall", "latitude": 41.015841256634793, "longitude": 29.130471491138568, "attraction_index": 0.8917 }, "geometry": { "type": "Point", "coordinates": [ 29.130471491138568, 41.015841256634793 ] } },
{ "type": "Feature", "properties": { "poi_id": "P0619", "poi_name": "Transit POI 0619", "category": "transit", "latitude": 40.97820784453593, "longitude": 28.879339959566636, "attraction_index": 0.9581 }, "geometry": { "type": "Point", "coordinates": [ 28.879339959566636, 40.97820784453593 ] } },
{ "type": "Feature", "properties": { "poi_id": "P0620", "poi_name": "University POI 0620", "category": "university", "latitude": 41.081456555272034, "longitude": 29.000677276607327, "attraction_index": 1.0 }, "geometry": { "type": "Point", "coordinates": [ 29.000677276607327, 41.081456555272034 ] } },
{ "type": "Feature", "properties": { "poi_id": "P0621", "poi_name": "Transit POI 0621", "category": "transit", "latitude": 41.032877334787671, "longitude": 28.699998829279124, "attraction_index": 0.8424 }, "geometry": { "type": "Point", "coordinates": [ 28.699998829279124, 41.032877334787671 ] } },
{ "type": "Feature", "properties": { "poi_id": "P0622", "poi_name": "Office POI 0622", "category": "office", "latitude": 41.120590660573612, "longitude": 28.813602552876464, "attraction_index": 0.6946 }, "geometry": { "type": "Point", "coordinates": [ 28.813602552876464, 41.120590660573612 ] } },
{ "type": "Feature", "properties": { "poi_id": "P0623", "poi_name": "Leisure POI 0623", "category": "leisure", "latitude": 41.018146412041752, "longitude": 28.860993259232135, "attraction_index": 0.8094 }, "geometry": { "type": "Point", "coordinates": [ 28.860993259232135, 41.018146412041752 ] } },
{ "type": "Feature", "properties": { "poi_id": "P0624", "poi_name": "Leisure POI 0624", "category": "leisure", "latitude": 40.910446656572901, "longitude": 29.154872882397267, "attraction_index": 0.7778 }, "geometry": { "type": "Point", "coordinates": [ 29.154872882397267, 40.910446656572901 ] } },
{ "type": "Feature", "properties": { "poi_id": "P0625", "poi_name": "Transit POI 0625", "category": "transit", "latitude": 40.992215793016946, "longitude": 29.142694251848795, "attraction_index": 0.9187 }, "geometry": { "type": "Point", "coordinates": [ 29.142694251848795, 40.992215793016946 ] } },
{ "type": "Feature", "properties": { "poi_id": "P0626", "poi_name": "Office POI 0626", "category": "office", "latitude": 41.020755647890169, "longitude": 28.613438206902643, "attraction_index": 0.8947 }, "geometry": { "type": "Point", "coordinates": [ 28.613438206902643, 41.020755647890169 ] } },
{ "type": "Feature", "properties": { "poi_id": "P0627", "poi_name": "Leisure POI 0627", "category": "leisure", "latitude": 40.971477794875589, "longitude": 29.02362968234678, "attraction_index": 0.821 }, "geometry": { "type": "Point", "coordinates": [ 29.02362968234678, 40.971477794875589 ] } },
{ "type": "Feature", "properties": { "poi_id": "P0628", "poi_name": "Transit POI 0628", "category": "transit", "latitude": 40.93701214671087, "longitude": 29.161743085663968, "attraction_index": 0.9151 }, "geometry": { "type": "Point", "coordinates": [ 29.161743085663968, 40.93701214671087 ] } },
{ "type": "Feature", "properties": { "poi_id": "P0629", "poi_name": "Leisure POI 0629", "category": "leisure", "latitude": 40.968849010368999, "longitude": 29.124417475889608, "attraction_index": 0.8267 }, "geometry": { "type": "Point", "coordinates": [ 29.124417475889608, 40.968849010368999 ] } },
{ "type": "Feature", "properties": { "poi_id": "P0630", "poi_name": "University POI 0630", "category": "university", "latitude": 41.038538982417286, "longitude": 29.010793718380182, "attraction_index": 0.9544 }, "geometry": { "type": "Point", "coordinates": [ 29.010793718380182, 41.038538982417286 ] } },
{ "type": "Feature", "properties": { "poi_id": "P0631", "poi_name": "Leisure POI 0631", "category": "leisure", "latitude": 40.980972525853907, "longitude": 28.892280788452304, "attraction_index": 0.8788 }, "geometry": { "type": "Point", "coordinates": [ 28.892280788452304, 40.980972525853907 ] } },
{ "type": "Feature", "properties": { "poi_id": "P0632", "poi_name": "Office POI 0632", "category": "office", "latitude": 41.143567841149235, "longitude": 28.838084546286105, "attraction_index": 0.7894 }, "geometry": { "type": "Point", "coordinates": [ 28.838084546286105, 41.143567841149235 ] } },
{ "type": "Feature", "properties": { "poi_id": "P0633", "poi_name": "Mall POI 0633", "category": "mall", "latitude": 40.987043947402967, "longitude": 29.028227997246017, "attraction_index": 0.9718 }, "geometry": { "type": "Point", "coordinates": [ 29.028227997246017, 40.987043947402967 ] } },
{ "type": "Feature", "properties": { "poi_id": "P0634", "poi_name": "Leisure POI 0634", "category": "leisure", "latitude": 41.003439504754034, "longitude": 29.145781307462958, "attraction_index": 0.8128 }, "geometry": { "type": "Point", "coordinates": [ 29.145781307462958, 41.003439504754034 ] } },
{ "type": "Feature", "properties": { "poi_id": "P0635", "poi_name": "Transit POI 0635", "category": "transit", "latitude": 41.040075877335092, "longitude": 28.985836674093367, "attraction_index": 1.0 }, "geometry": { "type": "Point", "coordinates": [ 28.985836674093367, 41.040075877335092 ] } },
{ "type": "Feature", "properties": { "poi_id": "P0636", "poi_name": "Leisure POI 0636", "category": "leisure", "latitude": 41.056242820900941, "longitude": 29.053735950721556, "attraction_index": 0.9108 }, "geometry": { "type": "Point", "coordinates": [ 29.053735950721556, 41.056242820900941 ] } },
{ "type": "Feature", "properties": { "poi_id": "P0637", "poi_name": "Hospital POI 0637", "category": "hospital", "latitude": 40.893090437111589, "longitude": 29.186616602066774, "attraction_index": 0.8458 }, "geometry": { "type": "Point", "coordinates": [ 29.186616602066774, 40.893090437111589 ] } },
{ "type": "Feature", "properties": { "poi_id": "P0638", "poi_name": "Transit POI 0638", "category": "transit", "latitude": 41.112272940077055, "longitude": 28.797316324457451, "attraction_index": 0.7282 }, "geometry": { "type": "Point", "coordinates": [ 28.797316324457451, 41.112272940077055 ] } },
{ "type": "Feature", "properties": { "poi_id": "P0639", "poi_name": "Transit POI 0639", "category": "transit", "latitude": 41.042260116305442, "longitude": 28.999547659271553, "attraction_index": 0.8749 }, "geometry": { "type": "Point", "coordinates": [ 28.999547659271553, 41.042260116305442 ] } },
{ "type": "Feature", "properties": { "poi_id": "P0640", "poi_name": "Hospital POI 0640", "category": "hospital", "latitude": 40.901338281625264, "longitude": 29.197196317283773, "attraction_index": 0.8215 }, "geometry": { "type": "Point", "coordinates": [ 29.197196317283773, 40.901338281625264 ] } },
{ "type": "Feature", "properties": { "poi_id": "P0641", "poi_name": "University POI 0641", "category": "university", "latitude": 40.910533492583625, "longitude": 29.213202403545107, "attraction_index": 0.9242 }, "geometry": { "type": "Point", "coordinates": [ 29.213202403545107, 40.910533492583625 ] } },
{ "type": "Feature", "properties": { "poi_id": "P0642", "poi_name": "Leisure POI 0642", "category": "leisure", "latitude": 41.027499697383043, "longitude": 29.029535148759219, "attraction_index": 0.6803 }, "geometry": { "type": "Point", "coordinates": [ 29.029535148759219, 41.027499697383043 ] } },
{ "type": "Feature", "properties": { "poi_id": "P0643", "poi_name": "Leisure POI 0643", "category": "leisure", "latitude": 41.0529806409386, "longitude": 29.040782706764681, "attraction_index": 0.9128 }, "geometry": { "type": "Point", "coordinates": [ 29.040782706764681, 41.0529806409386 ] } },
{ "type": "Feature", "properties": { "poi_id": "P0644", "poi_name": "Leisure POI 0644", "category": "leisure", "latitude": 41.0303793075879, "longitude": 29.131520994951373, "attraction_index": 0.8853 }, "geometry": { "type": "Point", "coordinates": [ 29.131520994951373, 41.0303793075879 ] } },
{ "type": "Feature", "properties": { "poi_id": "P0645", "poi_name": "Office POI 0645", "category": "office", "latitude": 40.988891074284872, "longitude": 28.861164531142371, "attraction_index": 0.8787 }, "geometry": { "type": "Point", "coordinates": [ 28.861164531142371, 40.988891074284872 ] } },
{ "type": "Feature", "properties": { "poi_id": "P0646", "poi_name": "Office POI 0646", "category": "office", "latitude": 41.037985391199562, "longitude": 28.995760787626597, "attraction_index": 0.8879 }, "geometry": { "type": "Point", "coordinates": [ 28.995760787626597, 41.037985391199562 ] } },
{ "type": "Feature", "properties": { "poi_id": "P0647", "poi_name": "Mall POI 0647", "category": "mall", "latitude": 40.98790972921028, "longitude": 28.657478198589168, "attraction_index": 0.8553 }, "geometry": { "type": "Point", "coordinates": [ 28.657478198589168, 40.98790972921028 ] } },
{ "type": "Feature", "properties": { "poi_id": "P0648", "poi_name": "University POI 0648", "category": "university", "latitude": 41.082181146936669, "longitude": 28.987597917026729, "attraction_index": 1.0 }, "geometry": { "type": "Point", "coordinates": [ 28.987597917026729, 41.082181146936669 ] } },
{ "type": "Feature", "properties": { "poi_id": "P0649", "poi_name": "Transit POI 0649", "category": "transit", "latitude": 41.067006836382724, "longitude": 29.023674481138112, "attraction_index": 0.8646 }, "geometry": { "type": "Point", "coordinates": [ 29.023674481138112, 41.067006836382724 ] } },
{ "type": "Feature", "properties": { "poi_id": "P0650", "poi_name": "Office POI 0650", "category": "office", "latitude": 40.964052374036086, "longitude": 28.898501653692215, "attraction_index": 0.9195 }, "geometry": { "type": "Point", "coordinates": [ 28.898501653692215, 40.964052374036086 ] } },
{ "type": "Feature", "properties": { "poi_id": "P0651", "poi_name": "Leisure POI 0651", "category": "leisure", "latitude": 40.981715188513725, "longitude": 28.890265531596423, "attraction_index": 0.8823 }, "geometry": { "type": "Point", "coordinates": [ 28.890265531596423, 40.981715188513725 ] } },
{ "type": "Feature", "properties": { "poi_id": "P0652", "poi_name": "Transit POI 0652", "category": "transit", "latitude": 41.000254112094666, "longitude": 29.232885025061346, "attraction_index": 0.7164 }, "geometry": { "type": "Point", "coordinates": [ 29.232885025061346, 41.000254112094666 ] } },
{ "type": "Feature", "properties": { "poi_id": "P0653", "poi_name": "Transit POI 0653", "category": "transit", "latitude": 41.103172097805079, "longitude": 28.802731132734202, "attraction_index": 0.8139 }, "geometry": { "type": "Point", "coordinates": [ 28.802731132734202, 41.103172097805079 ] } },
{ "type": "Feature", "properties": { "poi_id": "P0654", "poi_name": "Leisure POI 0654", "category": "leisure", "latitude": 41.003564612133374, "longitude": 29.120677517200413, "attraction_index": 0.9695 }, "geometry": { "type": "Point", "coordinates": [ 29.120677517200413, 41.003564612133374 ] } },
{ "type": "Feature", "properties": { "poi_id": "P0655", "poi_name": "Leisure POI 0655", "category": "leisure", "latitude": 41.099198378403578, "longitude": 28.809965544963561, "attraction_index": 0.7124 }, "geometry": { "type": "Point", "coordinates": [ 28.809965544963561, 41.099198378403578 ] } },
{ "type": "Feature", "properties": { "poi_id": "P0656", "poi_name": "Office POI 0656", "category": "office", "latitude": 41.017924712585, "longitude": 28.996725858581627, "attraction_index": 0.8418 }, "geometry": { "type": "Point", "coordinates": [ 28.996725858581627, 41.017924712585 ] } },
{ "type": "Feature", "properties": { "poi_id": "P0657", "poi_name": "Transit POI 0657", "category": "transit", "latitude": 41.031516387542204, "longitude": 28.966906317988862, "attraction_index": 0.935 }, "geometry": { "type": "Point", "coordinates": [ 28.966906317988862, 41.031516387542204 ] } },
{ "type": "Feature", "properties": { "poi_id": "P0658", "poi_name": "Leisure POI 0658", "category": "leisure", "latitude": 41.005016467248801, "longitude": 28.987972414740351, "attraction_index": 1.0 }, "geometry": { "type": "Point", "coordinates": [ 28.987972414740351, 41.005016467248801 ] } },
{ "type": "Feature", "properties": { "poi_id": "P0659", "poi_name": "Transit POI 0659", "category": "transit", "latitude": 41.033480098723643, "longitude": 28.970210100042021, "attraction_index": 0.9875 }, "geometry": { "type": "Point", "coordinates": [ 28.970210100042021, 41.033480098723643 ] } },
{ "type": "Feature", "properties": { "poi_id": "P0660", "poi_name": "Leisure POI 0660", "category": "leisure", "latitude": 40.949847231319673, "longitude": 28.901961564815224, "attraction_index": 1.0 }, "geometry": { "type": "Point", "coordinates": [ 28.901961564815224, 40.949847231319673 ] } },
{ "type": "Feature", "properties": { "poi_id": "P0661", "poi_name": "Office POI 0661", "category": "office", "latitude": 40.995150927618681, "longitude": 29.044461154262944, "attraction_index": 0.8773 }, "geometry": { "type": "Point", "coordinates": [ 29.044461154262944, 40.995150927618681 ] } },
{ "type": "Feature", "properties": { "poi_id": "P0662", "poi_name": "Hospital POI 0662", "category": "hospital", "latitude": 41.092384554282404, "longitude": 28.933205400903166, "attraction_index": 0.962 }, "geometry": { "type": "Point", "coordinates": [ 28.933205400903166, 41.092384554282404 ] } },
{ "type": "Feature", "properties": { "poi_id": "P0663", "poi_name": "Transit POI 0663", "category": "transit", "latitude": 41.014553837092812, "longitude": 29.007637584039809, "attraction_index": 0.8275 }, "geometry": { "type": "Point", "coordinates": [ 29.007637584039809, 41.014553837092812 ] } },
{ "type": "Feature", "properties": { "poi_id": "P0664", "poi_name": "Transit POI 0664", "category": "transit", "latitude": 41.085259743234289, "longitude": 28.975300781434782, "attraction_index": 0.8786 }, "geometry": { "type": "Point", "coordinates": [ 28.975300781434782, 41.085259743234289 ] } },
{ "type": "Feature", "properties": { "poi_id": "P0665", "poi_name": "Leisure POI 0665", "category": "leisure", "latitude": 40.966156882807951, "longitude": 29.217611337612997, "attraction_index": 0.7322 }, "geometry": { "type": "Point", "coordinates": [ 29.217611337612997, 40.966156882807951 ] } },
{ "type": "Feature", "properties": { "poi_id": "P0666", "poi_name": "Transit POI 0666", "category": "transit", "latitude": 41.030914310485898, "longitude": 29.001053238155571, "attraction_index": 0.8601 }, "geometry": { "type": "Point", "coordinates": [ 29.001053238155571, 41.030914310485898 ] } },
{ "type": "Feature", "properties": { "poi_id": "P0667", "poi_name": "Office POI 0667", "category": "office", "latitude": 40.988213430889473, "longitude": 29.232824425802526, "attraction_index": 0.9307 }, "geometry": { "type": "Point", "coordinates": [ 29.232824425802526, 40.988213430889473 ] } },
{ "type": "Feature", "properties": { "poi_id": "P0668", "poi_name": "Leisure POI 0668", "category": "leisure", "latitude": 40.983159510520856, "longitude": 29.00160565269492, "attraction_index": 1.0 }, "geometry": { "type": "Point", "coordinates": [ 29.00160565269492, 40.983159510520856 ] } },
{ "type": "Feature", "properties": { "poi_id": "P0669", "poi_name": "Transit POI 0669", "category": "transit", "latitude": 41.025123747471163, "longitude": 28.841290706966024, "attraction_index": 0.8679 }, "geometry": { "type": "Point", "coordinates": [ 28.841290706966024, 41.025123747471163 ] } },
{ "type": "Feature", "properties": { "poi_id": "P0670", "poi_name": "Transit POI 0670", "category": "transit", "latitude": 40.874090965139082, "longitude": 29.278129863000107, "attraction_index": 0.9277 }, "geometry": { "type": "Point", "coordinates": [ 29.278129863000107, 40.874090965139082 ] } },
{ "type": "Feature", "properties": { "poi_id": "P0671", "poi_name": "Office POI 0671", "category": "office", "latitude": 40.952028638102476, "longitude": 29.162236473648711, "attraction_index": 0.8716 }, "geometry": { "type": "Point", "coordinates": [ 29.162236473648711, 40.952028638102476 ] } },
{ "type": "Feature", "properties": { "poi_id": "P0672", "poi_name": "Office POI 0672", "category": "office", "latitude": 40.884405994521956, "longitude": 29.270012979757048, "attraction_index": 0.8341 }, "geometry": { "type": "Point", "coordinates": [ 29.270012979757048, 40.884405994521956 ] } },
{ "type": "Feature", "properties": { "poi_id": "P0673", "poi_name": "Leisure POI 0673", "category": "leisure", "latitude": 41.06309723839297, "longitude": 29.029522951829449, "attraction_index": 0.9356 }, "geometry": { "type": "Point", "coordinates": [ 29.029522951829449, 41.06309723839297 ] } },
{ "type": "Feature", "properties": { "poi_id": "P0674", "poi_name": "Office POI 0674", "category": "office", "latitude": 41.020106644718147, "longitude": 28.967821650200563, "attraction_index": 0.8641 }, "geometry": { "type": "Point", "coordinates": [ 28.967821650200563, 41.020106644718147 ] } },
{ "type": "Feature", "properties": { "poi_id": "P0675", "poi_name": "Hospital POI 0675", "category": "hospital", "latitude": 41.066694280625526, "longitude": 28.697132553199506, "attraction_index": 0.935 }, "geometry": { "type": "Point", "coordinates": [ 28.697132553199506, 41.066694280625526 ] } },
{ "type": "Feature", "properties": { "poi_id": "P0676", "poi_name": "University POI 0676", "category": "university", "latitude": 41.053549729326591, "longitude": 29.014997781661211, "attraction_index": 0.9038 }, "geometry": { "type": "Point", "coordinates": [ 29.014997781661211, 41.053549729326591 ] } },
{ "type": "Feature", "properties": { "poi_id": "P0677", "poi_name": "Leisure POI 0677", "category": "leisure", "latitude": 41.117645518394525, "longitude": 28.787519323950246, "attraction_index": 0.7243 }, "geometry": { "type": "Point", "coordinates": [ 28.787519323950246, 41.117645518394525 ] } },
{ "type": "Feature", "properties": { "poi_id": "P0678", "poi_name": "Leisure POI 0678", "category": "leisure", "latitude": 41.038762104048168, "longitude": 28.997690841737015, "attraction_index": 0.8959 }, "geometry": { "type": "Point", "coordinates": [ 28.997690841737015, 41.038762104048168 ] } },
{ "type": "Feature", "properties": { "poi_id": "P0679", "poi_name": "Office POI 0679", "category": "office", "latitude": 40.888692512667639, "longitude": 29.166671845230937, "attraction_index": 0.8192 }, "geometry": { "type": "Point", "coordinates": [ 29.166671845230937, 40.888692512667639 ] } },
{ "type": "Feature", "properties": { "poi_id": "P0680", "poi_name": "Transit POI 0680", "category": "transit", "latitude": 40.874742927260904, "longitude": 29.263930991815865, "attraction_index": 0.823 }, "geometry": { "type": "Point", "coordinates": [ 29.263930991815865, 40.874742927260904 ] } },
{ "type": "Feature", "properties": { "poi_id": "P0681", "poi_name": "Leisure POI 0681", "category": "leisure", "latitude": 40.985756658613489, "longitude": 28.838279799529996, "attraction_index": 1.0 }, "geometry": { "type": "Point", "coordinates": [ 28.838279799529996, 40.985756658613489 ] } },
{ "type": "Feature", "properties": { "poi_id": "P0682", "poi_name": "University POI 0682", "category": "university", "latitude": 40.973010586549087, "longitude": 29.220798920764082, "attraction_index": 0.8121 }, "geometry": { "type": "Point", "coordinates": [ 29.220798920764082, 40.973010586549087 ] } },
{ "type": "Feature", "properties": { "poi_id": "P0683", "poi_name": "Transit POI 0683", "category": "transit", "latitude": 41.010676308222344, "longitude": 29.025861893334561, "attraction_index": 0.865 }, "geometry": { "type": "Point", "coordinates": [ 29.025861893334561, 41.010676308222344 ] } },
{ "type": "Feature", "properties": { "poi_id": "P0684", "poi_name": "University POI 0684", "category": "university", "latitude": 40.895372983537357, "longitude": 29.198312697817236, "attraction_index": 0.7187 }, "geometry": { "type": "Point", "coordinates": [ 29.198312697817236, 40.895372983537357 ] } },
{ "type": "Feature", "properties": { "poi_id": "P0685", "poi_name": "Office POI 0685", "category": "office", "latitude": 41.027974303829275, "longitude": 28.977514588567168, "attraction_index": 0.9079 }, "geometry": { "type": "Point", "coordinates": [ 28.977514588567168, 41.027974303829275 ] } },
{ "type": "Feature", "properties": { "poi_id": "P0686", "poi_name": "Office POI 0686", "category": "office", "latitude": 40.998747792309338, "longitude": 29.218964512680479, "attraction_index": 0.6966 }, "geometry": { "type": "Point", "coordinates": [ 29.218964512680479, 40.998747792309338 ] } },
{ "type": "Feature", "properties": { "poi_id": "P0687", "poi_name": "Leisure POI 0687", "category": "leisure", "latitude": 41.009792219226732, "longitude": 28.91101507345504, "attraction_index": 0.8794 }, "geometry": { "type": "Point", "coordinates": [ 28.91101507345504, 41.009792219226732 ] } },
{ "type": "Feature", "properties": { "poi_id": "P0688", "poi_name": "Office POI 0688", "category": "office", "latitude": 40.905361303694256, "longitude": 29.304787416359162, "attraction_index": 0.6797 }, "geometry": { "type": "Point", "coordinates": [ 29.304787416359162, 40.905361303694256 ] } },
{ "type": "Feature", "properties": { "poi_id": "P0689", "poi_name": "Office POI 0689", "category": "office", "latitude": 41.050142165498329, "longitude": 28.995762874463228, "attraction_index": 1.0 }, "geometry": { "type": "Point", "coordinates": [ 28.995762874463228, 41.050142165498329 ] } },
{ "type": "Feature", "properties": { "poi_id": "P0690", "poi_name": "Transit POI 0690", "category": "transit", "latitude": 41.008294817627153, "longitude": 28.630922864931758, "attraction_index": 0.8309 }, "geometry": { "type": "Point", "coordinates": [ 28.630922864931758, 41.008294817627153 ] } },
{ "type": "Feature", "properties": { "poi_id": "P0691", "poi_name": "Leisure POI 0691", "category": "leisure", "latitude": 40.986592312960425, "longitude": 28.863387935018679, "attraction_index": 0.9132 }, "geometry": { "type": "Point", "coordinates": [ 28.863387935018679, 40.986592312960425 ] } },
{ "type": "Feature", "properties": { "poi_id": "P0692", "poi_name": "Leisure POI 0692", "category": "leisure", "latitude": 41.004353744745259, "longitude": 28.855271172209111, "attraction_index": 0.8891 }, "geometry": { "type": "Point", "coordinates": [ 28.855271172209111, 41.004353744745259 ] } },
{ "type": "Feature", "properties": { "poi_id": "P0693", "poi_name": "Transit POI 0693", "category": "transit", "latitude": 41.040615267198596, "longitude": 28.668174703218057, "attraction_index": 0.9238 }, "geometry": { "type": "Point", "coordinates": [ 28.668174703218057, 41.040615267198596 ] } },
{ "type": "Feature", "properties": { "poi_id": "P0694", "poi_name": "Transit POI 0694", "category": "transit", "latitude": 41.037713961694848, "longitude": 28.67057544583977, "attraction_index": 0.8494 }, "geometry": { "type": "Point", "coordinates": [ 28.67057544583977, 41.037713961694848 ] } },
{ "type": "Feature", "properties": { "poi_id": "P0695", "poi_name": "Hospital POI 0695", "category": "hospital", "latitude": 40.986554572520191, "longitude": 29.043668280136266, "attraction_index": 1.0 }, "geometry": { "type": "Point", "coordinates": [ 29.043668280136266, 40.986554572520191 ] } },
{ "type": "Feature", "properties": { "poi_id": "P0696", "poi_name": "Office POI 0696", "category": "office", "latitude": 40.869232048872838, "longitude": 29.236051966701098, "attraction_index": 0.7268 }, "geometry": { "type": "Point", "coordinates": [ 29.236051966701098, 40.869232048872838 ] } },
{ "type": "Feature", "properties": { "poi_id": "P0697", "poi_name": "Transit POI 0697", "category": "transit", "latitude": 41.090879648315607, "longitude": 29.008074078273051, "attraction_index": 0.9049 }, "geometry": { "type": "Point", "coordinates": [ 29.008074078273051, 41.090879648315607 ] } },
{ "type": "Feature", "properties": { "poi_id": "P0698", "poi_name": "Office POI 0698", "category": "office", "latitude": 41.007519378206275, "longitude": 29.2543318083965, "attraction_index": 0.8374 }, "geometry": { "type": "Point", "coordinates": [ 29.2543318083965, 41.007519378206275 ] } },
{ "type": "Feature", "properties": { "poi_id": "P0699", "poi_name": "University POI 0699", "category": "university", "latitude": 40.929318296311457, "longitude": 29.152300327098491, "attraction_index": 0.9041 }, "geometry": { "type": "Point", "coordinates": [ 29.152300327098491, 40.929318296311457 ] } },
{ "type": "Feature", "properties": { "poi_id": "P0700", "poi_name": "Transit POI 0700", "category": "transit", "latitude": 40.879238860635311, "longitude": 29.27435212948464, "attraction_index": 0.8527 }, "geometry": { "type": "Point", "coordinates": [ 29.27435212948464, 40.879238860635311 ] } },
{ "type": "Feature", "properties": { "poi_id": "P0701", "poi_name": "Leisure POI 0701", "category": "leisure", "latitude": 41.025904393170528, "longitude": 28.683734654338526, "attraction_index": 0.9896 }, "geometry": { "type": "Point", "coordinates": [ 28.683734654338526, 41.025904393170528 ] } },
{ "type": "Feature", "properties": { "poi_id": "P0702", "poi_name": "Transit POI 0702", "category": "transit", "latitude": 40.897921416447758, "longitude": 29.175122366878433, "attraction_index": 0.685 }, "geometry": { "type": "Point", "coordinates": [ 29.175122366878433, 40.897921416447758 ] } },
{ "type": "Feature", "properties": { "poi_id": "P0703", "poi_name": "Leisure POI 0703", "category": "leisure", "latitude": 41.094937874900971, "longitude": 28.99282115542821, "attraction_index": 0.9488 }, "geometry": { "type": "Point", "coordinates": [ 28.99282115542821, 41.094937874900971 ] } },
{ "type": "Feature", "properties": { "poi_id": "P0704", "poi_name": "Transit POI 0704", "category": "transit", "latitude": 41.08300137637319, "longitude": 29.003637603077376, "attraction_index": 0.9412 }, "geometry": { "type": "Point", "coordinates": [ 29.003637603077376, 41.08300137637319 ] } },
{ "type": "Feature", "properties": { "poi_id": "P0705", "poi_name": "Transit POI 0705", "category": "transit", "latitude": 41.003918229198057, "longitude": 29.115005753071532, "attraction_index": 0.8867 }, "geometry": { "type": "Point", "coordinates": [ 29.115005753071532, 41.003918229198057 ] } },
{ "type": "Feature", "properties": { "poi_id": "P0706", "poi_name": "Office POI 0706", "category": "office", "latitude": 40.991858321458153, "longitude": 29.010252112454555, "attraction_index": 0.9676 }, "geometry": { "type": "Point", "coordinates": [ 29.010252112454555, 40.991858321458153 ] } },
{ "type": "Feature", "properties": { "poi_id": "P0707", "poi_name": "Transit POI 0707", "category": "transit", "latitude": 40.874262830533311, "longitude": 29.275609017913752, "attraction_index": 0.6856 }, "geometry": { "type": "Point", "coordinates": [ 29.275609017913752, 40.874262830533311 ] } },
{ "type": "Feature", "properties": { "poi_id": "P0708", "poi_name": "Office POI 0708", "category": "office", "latitude": 41.021930803677428, "longitude": 29.118494595254283, "attraction_index": 0.7657 }, "geometry": { "type": "Point", "coordinates": [ 29.118494595254283, 41.021930803677428 ] } },
{ "type": "Feature", "properties": { "poi_id": "P0709", "poi_name": "Leisure POI 0709", "category": "leisure", "latitude": 41.069994620457116, "longitude": 28.923422069719383, "attraction_index": 0.9406 }, "geometry": { "type": "Point", "coordinates": [ 28.923422069719383, 41.069994620457116 ] } },
{ "type": "Feature", "properties": { "poi_id": "P0710", "poi_name": "Leisure POI 0710", "category": "leisure", "latitude": 40.938103179439238, "longitude": 29.154260197935194, "attraction_index": 0.9273 }, "geometry": { "type": "Point", "coordinates": [ 29.154260197935194, 40.938103179439238 ] } },
{ "type": "Feature", "properties": { "poi_id": "P0711", "poi_name": "Hospital POI 0711", "category": "hospital", "latitude": 41.065373402406173, "longitude": 28.994494278272729, "attraction_index": 1.0 }, "geometry": { "type": "Point", "coordinates": [ 28.994494278272729, 41.065373402406173 ] } },
{ "type": "Feature", "properties": { "poi_id": "P0712", "poi_name": "Transit POI 0712", "category": "transit", "latitude": 41.060188950119226, "longitude": 28.977962505268888, "attraction_index": 0.9735 }, "geometry": { "type": "Point", "coordinates": [ 28.977962505268888, 41.060188950119226 ] } },
{ "type": "Feature", "properties": { "poi_id": "P0713", "poi_name": "Office POI 0713", "category": "office", "latitude": 41.113324396849613, "longitude": 28.805036598834331, "attraction_index": 0.6915 }, "geometry": { "type": "Point", "coordinates": [ 28.805036598834331, 41.113324396849613 ] } },
{ "type": "Feature", "properties": { "poi_id": "P0714", "poi_name": "Leisure POI 0714", "category": "leisure", "latitude": 41.034376342829454, "longitude": 29.268082876878044, "attraction_index": 0.7235 }, "geometry": { "type": "Point", "coordinates": [ 29.268082876878044, 41.034376342829454 ] } },
{ "type": "Feature", "properties": { "poi_id": "P0715", "poi_name": "Leisure POI 0715", "category": "leisure", "latitude": 41.058086036331225, "longitude": 28.974688267172294, "attraction_index": 1.0 }, "geometry": { "type": "Point", "coordinates": [ 28.974688267172294, 41.058086036331225 ] } },
{ "type": "Feature", "properties": { "poi_id": "P0716", "poi_name": "Office POI 0716", "category": "office", "latitude": 41.063444099591649, "longitude": 28.660353234342612, "attraction_index": 0.8198 }, "geometry": { "type": "Point", "coordinates": [ 28.660353234342612, 41.063444099591649 ] } },
{ "type": "Feature", "properties": { "poi_id": "P0717", "poi_name": "Mall POI 0717", "category": "mall", "latitude": 41.013430918323849, "longitude": 29.127813288806934, "attraction_index": 0.8786 }, "geometry": { "type": "Point", "coordinates": [ 29.127813288806934, 41.013430918323849 ] } },
{ "type": "Feature", "properties": { "poi_id": "P0718", "poi_name": "Office POI 0718", "category": "office", "latitude": 41.052742949121111, "longitude": 29.016261211493656, "attraction_index": 0.7487 }, "geometry": { "type": "Point", "coordinates": [ 29.016261211493656, 41.052742949121111 ] } },
{ "type": "Feature", "properties": { "poi_id": "P0719", "poi_name": "Leisure POI 0719", "category": "leisure", "latitude": 41.001048414233168, "longitude": 29.063461336210349, "attraction_index": 1.0 }, "geometry": { "type": "Point", "coordinates": [ 29.063461336210349, 41.001048414233168 ] } },
{ "type": "Feature", "properties": { "poi_id": "P0720", "poi_name": "Transit POI 0720", "category": "transit", "latitude": 41.02503179395147, "longitude": 29.001086247053287, "attraction_index": 0.9083 }, "geometry": { "type": "Point", "coordinates": [ 29.001086247053287, 41.02503179395147 ] } }
]
}
