{
"type": "FeatureCollection",
"name": "candidate_isochrones",
"crs": { "type": "name", "properties": { "name": "urn:ogc:def:crs:OGC:1.3:CRS84" } },
"features": [
{ "type": "Feature", "properties": { "candidate_id": "C01", "source_h3_cell": "881ec91ad1fffff", "mode": "drive", "minutes": 5, "accessible_population": 120198, "accessible_demand": 146388.752, "reachable_cells": 18 }, "geometry": { "type": "Polygon", "coordinates": [ [ [ 28.853065917610554, 40.988487786715687 ], [ 28.849099376271493, 40.99258215547426 ], [ 28.842389038212559, 40.99215971903034 ], [ 28.838421739497992, 40.996253674112694 ], [ 28.841165084323695, 41.000770207547276 ], [ 28.837197333668165, 41.004863890685066 ], [ 28.839940889932588, 41.009380125202362 ], [ 28.846652554822764, 41.009802507734335 ], [ 28.849396680545031, 41.014318274353023 ], [ 28.845428783462836, 41.018411827267734 ], [ 28.848173120777595, 41.022927294682077 ], [ 28.854885713057353, 41.023349040306385 ], [ 28.857630619896309, 41.027864039507385 ], [ 28.864343475617083, 41.02828517502109 ], [ 28.868310760619501, 41.024191338494724 ], [ 28.875023215534327, 41.024611891070279 ], [ 28.878989742137158, 41.02051764069595 ], [ 28.885701795827128, 41.020937610491586 ], [ 28.889667563896133, 41.016842946515233 ], [ 28.886921585052161, 41.012328454392417 ], [ 28.890886901411424, 41.008233518639891 ], [ 28.888141134581005, 41.003718727274446 ], [ 28.892105999327896, 40.999623519930964 ], [ 28.889360444483227, 40.995108429481434 ], [ 28.882650381668551, 40.99468837719624 ], [ 28.879905395537733, 40.990172818617211 ], [ 28.873195594977151, 40.989752156609441 ], [ 28.870451177620303, 40.985236130087081 ], [ 28.863741639659004, 40.984814858475495 ], [ 28.859775855830001, 40.988909640664431 ], [ 28.853065917610554, 40.988487786715687 ] ] ] } },
{ "type": "Feature", "properties": { "candidate_id": "C01", "source_h3_cell": "881ec91ad1fffff", "mode": "drive", "minutes": 10, "accessible_population": 405561, "accessible_demand": 491940.29, "reachable_cells": 61 }, "geometry": { "type": "Polygon", "coordinates": [ [ [ 28.840869829637747, 40.979031529202409 ], [ 28.834160418540371, 40.978608456390496 ], [ 28.830193266422668, 40.98270254124774 ], [ 28.823483456374415, 40.982278885928658 ], [ 28.819515547398591, 40.986372556982026 ], [ 28.822257753381894, 40.990890025397348 ], [ 28.818289392412183, 40.99498342451303 ], [ 28.821031809581978, 40.999500594268255 ], [ 28.817062996520974, 41.003593721260906 ], [ 28.819805624904792, 41.00811059219734 ], [ 28.81583635965508, 41.012203446881664 ], [ 28.818579199280485, 41.016720018840694 ], [ 28.814609481744586, 41.02081260103148 ], [ 28.817352532639148, 41.02532887385459 ], [ 28.82406565970712, 41.025752395845352 ], [ 28.826809280557356, 41.030268200757227 ], [ 28.833522672301548, 41.030691112744265 ], [ 28.836266863047875, 41.03520644955853 ], [ 28.842980519123014, 41.035628751422706 ], [ 28.845725279705757, 41.040143619953085 ], [ 28.852439199766415, 41.040565311575385 ], [ 28.855184530125765, 41.045079711635729 ], [ 28.861898713826399, 41.045500792897272 ], [ 28.865866903037869, 41.041407501205939 ], [ 28.872580685880838, 41.041827999225731 ], [ 28.876548116444081, 41.037734293322821 ], [ 28.883261498010246, 41.038154208259087 ], [ 28.887228169790919, 41.034060088390504 ], [ 28.893941149661313, 41.03447942040156 ], [ 28.897907062525281, 41.030384886813337 ], [ 28.904619640281187, 41.030803636057641 ], [ 28.908584794094548, 41.026708688995818 ], [ 28.905837677499779, 41.022195134203855 ], [ 28.909802379657535, 41.018099915359272 ], [ 28.907055475328335, 41.01358606106789 ], [ 28.911019725927851, 41.00949057062568 ], [ 28.908273033836338, 41.004976416993316 ], [ 28.912236832974962, 41.000880655138729 ], [ 28.909490353093211, 40.996366202323891 ], [ 28.913453700868256, 40.992270169242218 ], [ 28.91070743316839, 40.98775541740352 ], [ 28.903998173901787, 40.987336529292079 ], [ 28.901252474543373, 40.982821309208795 ], [ 28.894543476642394, 40.98240181138793 ], [ 28.891798345685775, 40.977886123246179 ], [ 28.885089609495715, 40.977466015834416 ], [ 28.882345047001124, 40.972949859820346 ], [ 28.875636572867144, 40.972529142936317 ], [ 28.872892578894682, 40.968012519236211 ], [ 28.866184367161793, 40.967591192998697 ], [ 28.86221948642677, 40.971686517792826 ], [ 28.855510874487294, 40.971264609521825 ], [ 28.851545236490196, 40.975359521249523 ], [ 28.844836224762478, 40.974937030787018 ], [ 28.840869829637747, 40.979031529202409 ] ] ] } },
{ "type": "Feature", "properties": { "candidate_id": "C01", "source_h3_cell": "881ec91ad1fffff", "mode": "drive", "minutes": 15, "accessible_population": 842518, "accessible_demand": 1020189.403, "reachable_cells": 127 }, "geometry": { "type": "Polygon", "coordinates": [ [ [ 28.815258252339984, 40.968724819749134 ], [ 28.811290490584238, 40.972818620435881 ], [ 28.804581209925423, 40.972393746719071 ], [ 28.800612691829215, 40.976487133474521 ], [ 28.803353758732321, 40.981005536124044 ], [ 28.799384788589631, 40.985098650948792 ], [ 28.802126066426982, 40.989616755195584 ], [ 28.79815664414043, 40.993709597904221 ], [ 28.800898132939498, 40.99822740358946 ], [ 28.796928258411643, 41.002319973996627 ], [ 28.79966995819991, 41.006837480961636 ], [ 28.795699631333317, 41.010929778882016 ], [ 28.798441542138246, 41.015446986968151 ], [ 28.794470762835424, 41.019539012216548 ], [ 28.797212884684498, 41.02405592126523 ], [ 28.793241652847939, 41.028147673656456 ], [ 28.79598398576864, 41.032664283509241 ], [ 28.802697909732299, 41.03308897250529 ], [ 28.805440812980088, 41.037605114562915 ], [ 28.812155002510107, 41.038029193543672 ], [ 28.814898476025629, 41.042544867619682 ], [ 28.821612930776855, 41.04296833646579 ], [ 28.824356974500645, 41.047483542373797 ], [ 28.831071694127772, 41.047906400965992 ], [ 28.833816308000234, 41.052421138519733 ], [ 28.840531292157795, 41.052843386738921 ], [ 28.843276476119254, 41.057357655752192 ], [ 28.849991724461653, 41.057779293479406 ], [ 28.852737478452287, 41.062293093766151 ], [ 28.859452990633812, 41.062714120882525 ], [ 28.863422084444313, 41.058621374766098 ], [ 28.870137195716513, 41.059041818337128 ], [ 28.874105530630061, 41.054948657645653 ], [ 28.880820240573488, 41.055368517829585 ], [ 28.884787816455638, 41.051274942808924 ], [ 28.891502124651048, 41.051694219764038 ], [ 28.895468941367525, 41.047600230660159 ], [ 28.902182847395959, 41.04801892454492 ], [ 28.906148904812721, 41.043924521603849 ], [ 28.912862408255371, 41.0443426325768 ], [ 28.916827706238596, 41.040247816044641 ], [ 28.92354080667695, 41.040665344264468 ], [ 28.927505345093014, 41.036570114387402 ], [ 28.924757090989367, 41.032057497669527 ], [ 28.928721177804317, 41.027961996003192 ], [ 28.925973136218239, 41.023449079529279 ], [ 28.929936771529448, 41.019353306258779 ], [ 28.92718894243297, 41.014840090187157 ], [ 28.931152126337786, 41.010744045497624 ], [ 28.928404509702926, 41.006230529986716 ], [ 28.932367242298639, 41.002134214063382 ], [ 28.92961983809742, 40.997620399271675 ], [ 28.933582119481333, 40.993523812299827 ], [ 28.930834927685797, 40.989009698385885 ], [ 28.934796757955144, 40.984912840550898 ], [ 28.932049778537344, 40.980398427673364 ], [ 28.925341324489871, 40.979980703101305 ], [ 28.922594913040818, 40.975465821864383 ], [ 28.915886719470894, 40.975047487596527 ], [ 28.91314087605118, 40.970532138186201 ], [ 28.906432943304171, 40.970113194340826 ], [ 28.90368766797425, 40.965597376943151 ], [ 28.896979996395402, 40.965177823638669 ], [ 28.894235289215597, 40.960661538439822 ], [ 28.887527879150017, 40.960241375794773 ], [ 28.884783740180573, 40.955724622981002 ], [ 28.878076591973226, 40.955303851114081 ], [ 28.875333021274244, 40.950786630871761 ], [ 28.868626135269956, 40.950365249901758 ], [ 28.864662157239867, 40.954461116558875 ], [ 28.857954871080576, 40.954039153859078 ], [ 28.853990136036295, 40.95813460781384 ], [ 28.847282450140064, 40.957712063226218 ], [ 28.843316958215901, 40.961807104232683 ], [ 28.836608873001026, 40.96138397759934 ], [ 28.832642624331505, 40.965478605411676 ], [ 28.825934140216507, 40.965054896574792 ], [ 28.821967134936386, 40.969149110947185 ], [ 28.815258252339984, 40.968724819749134 ] ] ] } },
{ "type": "Feature", "properties": { "candidate_id": "C01", "source_h3_cell": "881ec91ad1fffff", "mode": "walk", "minutes": 5, "accessible_population": 6640, "accessible_demand": 8079.708, "reachable_cells": 1 }, "geometry": { "type": "Polygon", "coordinates": [ [ [ 28.860075748322039, 41.010646080127657 ], [ 28.857331264892629, 41.006130482419564 ], [ 28.861297952204893, 41.00203624357745 ], [ 28.868008816894687, 41.002457460669802 ], [ 28.87075365774686, 41.006972889379455 ], [ 28.866787276563677, 41.011067270000424 ], [ 28.860075748322039, 41.010646080127657 ] ] ] } },
{ "type": "Feature", "properties": { "candidate_id": "C01", "source_h3_cell": "881ec91ad1fffff", "mode": "walk", "minutes": 10, "accessible_population": 6640, "accessible_demand": 8079.708, "reachable_cells": 1 }, "geometry": { "type": "Polygon", "coordinates": [ [ [ 28.860075748322039, 41.010646080127657 ], [ 28.857331264892629, 41.006130482419564 ], [ 28.861297952204893, 41.00203624357745 ], [ 28.868008816894687, 41.002457460669802 ], [ 28.87075365774686, 41.006972889379455 ], [ 28.866787276563677, 41.011067270000424 ], [ 28.860075748322039, 41.010646080127657 ] ] ] } },
{ "type": "Feature", "properties": { "candidate_id": "C01", "source_h3_cell": "881ec91ad1fffff", "mode": "walk", "minutes": 15, "accessible_population": 47008, "accessible_demand": 57341.564, "reachable_cells": 7 }, "geometry": { "type": "Polygon", "coordinates": [ [ [ 28.862519915960668, 40.993425836245393 ], [ 28.85855368043871, 40.997520346853612 ], [ 28.851843078891786, 40.997098520025993 ], [ 28.847876085735731, 41.001192617021893 ], [ 28.850619999893194, 41.005708682686404 ], [ 28.846652554822764, 41.009802507734335 ], [ 28.849396680545031, 41.014318274353023 ], [ 28.856108609122082, 41.014740047018421 ], [ 28.858853304242402, 41.019255345552203 ], [ 28.86556549616104, 41.01967650823206 ], [ 28.869532329205136, 41.01558239956583 ], [ 28.876244120343678, 41.016002979459373 ], [ 28.880210195112443, 41.011908457126992 ], [ 28.877464785234302, 41.007393496617695 ], [ 28.881430408266397, 41.003298702512488 ], [ 28.87868521027579, 40.998783442889021 ], [ 28.871974746314322, 40.998362808279367 ], [ 28.869230117223687, 40.99384708058404 ], [ 28.862519915960668, 40.993425836245393 ] ] ] } },
{ "type": "Feature", "properties": { "candidate_id": "C02", "source_h3_cell": "881ec9ceb1fffff", "mode": "drive", "minutes": 5, "accessible_population": 99483, "accessible_demand": 109666.573, "reachable_cells": 16 }, "geometry": { "type": "Polygon", "coordinates": [ [ [ 28.63285798919069, 40.965731526986247 ], [ 28.628880263785032, 40.969820032896351 ], [ 28.622169192472896, 40.969384456192245 ], [ 28.618190714175633, 40.973472545215529 ], [ 28.62092360664834, 40.977996354285281 ], [ 28.616944674872119, 40.98208416958775 ], [ 28.619677776276031, 40.986607680984925 ], [ 28.615698390923207, 40.990695222381163 ], [ 28.618431701285122, 40.995218435946796 ], [ 28.625144760127107, 40.995653940885724 ], [ 28.627878642623774, 41.000176689254992 ], [ 28.634591973832386, 41.000611585597824 ], [ 28.637326428406524, 41.00513386858276 ], [ 28.644040031638564, 41.005568156207843 ], [ 28.64801851738121, 41.001480184988473 ], [ 28.654731729353479, 41.001913888045507 ], [ 28.658709461176965, 40.997825499763934 ], [ 28.655974281522155, 40.993303551576055 ], [ 28.659951559965869, 40.989214889559335 ], [ 28.6572165897216, 40.984692643342157 ], [ 28.661193414883165, 40.980603707775622 ], [ 28.658458654022485, 40.976081163688043 ], [ 28.662435025999478, 40.971991954757115 ], [ 28.659700474495466, 40.967469112958128 ], [ 28.652989913037093, 40.967035312551523 ], [ 28.650255932862986, 40.962512005637002 ], [ 28.643545642576481, 40.96207759701776 ], [ 28.639568670200962, 40.966166519570187 ], [ 28.63285798919069, 40.965731526986247 ] ] ] } },
{ "type": "Feature", "properties": { "candidate_id": "C02", "source_h3_cell": "881ec9ceb1fffff", "mode": "drive", "minutes": 10, "accessible_population": 328230, "accessible_demand": 361024.881, "reachable_cells": 56 }, "geometry": { "type": "Polygon", "coordinates": [ [ [ 28.620682059129837, 40.956247583112685 ], [ 28.613971922380813, 40.955811374461213 ], [ 28.609993598240205, 40.959899593602046 ], [ 28.60328307207843, 40.959462800823452 ], [ 28.599303995568167, 40.963550602952324 ], [ 28.60203574410636, 40.968075341334618 ], [ 28.598056214068031, 40.972162869749994 ], [ 28.600788171284282, 40.976687310717757 ], [ 28.596808187620294, 40.980774565234157 ], [ 28.59954035354129, 40.985298708628321 ], [ 28.595559916153967, 40.989385689060327 ], [ 28.59829229080642, 40.993909534721887 ], [ 28.594311399598105, 40.997996240884149 ], [ 28.597043983008721, 41.00251978865419 ], [ 28.603757821322244, 41.00295646320987 ], [ 28.606490977235211, 41.007479545901894 ], [ 28.613205088805671, 41.007915611854486 ], [ 28.615938817163912, 41.012438229280455 ], [ 28.622653201648195, 41.012873686508101 ], [ 28.625387502394545, 41.017395838480049 ], [ 28.632102159449396, 41.017830686860982 ], [ 28.634837032526562, 41.022352373191048 ], [ 28.641551961808602, 41.022786612603653 ], [ 28.645531354849002, 41.018699189773741 ], [ 28.652245892825569, 41.019132844314811 ], [ 28.656224531701586, 41.015045004059239 ], [ 28.662938677950276, 41.015478073884395 ], [ 28.666916562523568, 41.01138981644776 ], [ 28.673630316622162, 41.011822301712755 ], [ 28.677607446754624, 41.007733627339718 ], [ 28.674871123854071, 41.003212610719643 ], [ 28.678847800656875, 40.999123662604454 ], [ 28.676111687419912, 40.994602347697445 ], [ 28.680087910990679, 40.99051312602537 ], [ 28.677352007390283, 40.985991512990232 ], [ 28.681327777826603, 40.981902017946602 ], [ 28.678592083835767, 40.977380106942206 ], [ 28.682567401235186, 40.973290338712431 ], [ 28.679831916826888, 40.96876812989774 ], [ 28.683806781286982, 40.964678088667263 ], [ 28.681071506434208, 40.960155582201324 ], [ 28.674361728576926, 40.959722949249453 ], [ 28.67162702468595, 40.955199977550279 ], [ 28.664917517111672, 40.954766736393658 ], [ 28.662183384240201, 40.950243299649131 ], [ 28.655474147291937, 40.949809450409141 ], [ 28.6527405854976, 40.945285548807206 ], [ 28.646031619518197, 40.944851091605344 ], [ 28.642055553318755, 40.948940560315371 ], [ 28.635346196661157, 40.948505519452368 ], [ 28.631369377676162, 40.952594571883857 ], [ 28.624659630761951, 40.952158947204282 ], [ 28.620682059129837, 40.956247583112685 ] ] ] } },
{ "type": "Feature", "properties": { "candidate_id": "C02", "source_h3_cell": "881ec9ceb1fffff", "mode": "drive", "minutes": 15, "accessible_population": 677296, "accessible_demand": 745538.725, "reachable_cells": 123 }, "geometry": { "type": "Polygon", "coordinates": [ [ [ 28.595089232891727, 40.945886932564129 ], [ 28.591110311158182, 40.949974864670686 ], [ 28.584400331516861, 40.949536856306018 ], [ 28.580420657935832, 40.95362437127573 ], [ 28.583151262311745, 40.958150038217255 ], [ 28.579171135153953, 40.962237279480917 ], [ 28.581901947954748, 40.966762649266144 ], [ 28.577921367122556, 40.970849616638183 ], [ 28.58065238837483, 40.975374689107916 ], [ 28.576671353770603, 40.979461382402846 ], [ 28.579402583501025, 40.983986157397986 ], [ 28.575421095027057, 40.988072576430383 ], [ 28.578152533262241, 40.992597053791918 ], [ 28.574170590820852, 40.996683198376417 ], [ 28.576902237587447, 41.001207377945384 ], [ 28.572919841080878, 41.005293247896702 ], [ 28.575651696405512, 41.009817129514261 ], [ 28.582366312498671, 41.010254974306896 ], [ 28.585098740692946, 41.014778390965041 ], [ 28.591813630933661, 41.015215627148109 ], [ 28.594546631940773, 41.019738578658696 ], [ 28.60126179598603, 41.020175206110075 ], [ 28.603995369749001, 41.024697692285038 ], [ 28.610710807255664, 41.025133710882749 ], [ 28.613444953717433, 41.02965573153412 ], [ 28.620160664342212, 41.030091141156305 ], [ 28.622895383445595, 41.034612696096225 ], [ 28.629611366845069, 41.035047496621168 ], [ 28.632346658532757, 41.039568585661854 ], [ 28.639062914363354, 41.040002776967974 ], [ 28.64304321509243, 41.03591590326792 ], [ 28.649759079571918, 41.036349509398995 ], [ 28.65373862589129, 41.032262217909988 ], [ 28.660454098596972, 41.032695239021628 ], [ 28.664432890368172, 41.028607529988214 ], [ 28.671147970877538, 41.029039966236184 ], [ 28.675126007962319, 41.024951839902954 ], [ 28.68184069585314, 41.025383691443132 ], [ 28.685817978113469, 41.021295148054783 ], [ 28.692532272963671, 41.021726415043155 ], [ 28.696508800261721, 41.017637454844447 ], [ 28.693771334346902, 41.013117370542375 ], [ 28.69774740836576, 41.009028136594623 ], [ 28.695010152367562, 41.004507753748157 ], [ 28.698985773204825, 41.000418246236542 ], [ 28.705698348322169, 41.000848978756849 ], [ 28.709673214305525, 40.996759055043213 ], [ 28.70693580701862, 40.992238541638088 ], [ 28.710910220040958, 40.988148344727648 ], [ 28.70817302271578, 40.983627533125642 ], [ 28.712146982874614, 40.979537063203779 ], [ 28.70940999548403, 40.975015953563755 ], [ 28.702699408837194, 40.9745851459531 ], [ 28.699962992234514, 40.970063570516828 ], [ 28.703936801321191, 40.965972970603033 ], [ 28.701200594499685, 40.961451097416635 ], [ 28.705173950892487, 40.95736022486593 ], [ 28.702437953825051, 40.95283805408851 ], [ 28.695728961253355, 40.952406587967722 ], [ 28.692993534779301, 40.947883951839614 ], [ 28.686284811602089, 40.947451877522418 ], [ 28.68354995577937, 40.942928776231398 ], [ 28.676841502339727, 40.942496093838926 ], [ 28.674107217226201, 40.93797252757286 ], [ 28.667399033867106, 40.93753923722641 ], [ 28.664665319520481, 40.933015206173238 ], [ 28.657957406584757, 40.932581307994219 ], [ 28.65522426306266, 40.928056812341978 ], [ 28.648516620892995, 40.927622306451937 ], [ 28.644541460479683, 40.931712320576843 ], [ 28.637833427677403, 40.931277231329275 ], [ 28.63385751472304, 40.935366829539539 ], [ 28.627149091709438, 40.934931156778994 ], [ 28.623172426352312, 40.939020338830041 ], [ 28.616463613548923, 40.938584082401164 ], [ 28.612486195927541, 40.942672848048467 ], [ 28.60577699375612, 40.942236007796069 ], [ 28.601798824009194, 40.946324356795166 ], [ 28.595089232891727, 40.945886932564129 ] ] ] } },
{ "type": "Feature", "properties": { "candidate_id": "C02", "source_h3_cell": "881ec9ceb1fffff", "mode": "walk", "minutes": 5, "accessible_population": 6617, "accessible_demand": 7308.941, "reachable_cells": 1 }, "geometry": { "type": "Polygon", "coordinates": [ [ [ 28.639814846739366, 40.987913074587688 ], [ 28.637080810560793, 40.983390195583006 ], [ 28.641058689502611, 40.979301819930342 ], [ 28.647770304593884, 40.979736180072607 ], [ 28.650504703255315, 40.984258891663231 ], [ 28.646527124419709, 40.988347410531119 ], [ 28.639814846739366, 40.987913074587688 ] ] ] } },
{ "type": "Feature", "properties": { "candidate_id": "C02", "source_h3_cell": "881ec9ceb1fffff", "mode": "walk", "minutes": 10, "accessible_population": 6617, "accessible_demand": 7308.941, "reachable_cells": 1 }, "geometry": { "type": "Polygon", "coordinates": [ [ [ 28.639814846739366, 40.987913074587688 ], [ 28.637080810560793, 40.983390195583006 ], [ 28.641058689502611, 40.979301819930342 ], [ 28.647770304593884, 40.979736180072607 ], [ 28.650504703255315, 40.984258891663231 ], [ 28.646527124419709, 40.988347410531119 ], [ 28.639814846739366, 40.987913074587688 ] ] ] } },
{ "type": "Feature", "properties": { "candidate_id": "C02", "source_h3_cell": "881ec9ceb1fffff", "mode": "walk", "minutes": 15, "accessible_population": 45137, "accessible_demand": 49742.115, "reachable_cells": 7 }, "geometry": { "type": "Polygon", "coordinates": [ [ [ 28.642302288091415, 40.970689993958878 ], [ 28.638324862481529, 40.97477864315416 ], [ 28.631613519108353, 40.974343674670124 ], [ 28.627635340345996, 40.978431907041241 ], [ 28.630368804700279, 40.98295525117247 ], [ 28.626390172483632, 40.987043209819156 ], [ 28.629123845895691, 40.991566256148857 ], [ 28.635836514368005, 40.992001176512325 ], [ 28.638570759730932, 40.996523757586559 ], [ 28.645283700124843, 40.996958069357582 ], [ 28.649261732365161, 40.992869824221302 ], [ 28.655974281522155, 40.993303551576055 ], [ 28.659951559965869, 40.989214889559335 ], [ 28.6572165897216, 40.984692643342157 ], [ 28.661193414883165, 40.980603707775622 ], [ 28.658458654022485, 40.976081163688043 ], [ 28.651747430122395, 40.975647387658498 ], [ 28.649013240718084, 40.971124378326408 ], [ 28.642302288091415, 40.970689993958878 ] ] ] } },
{ "type": "Feature", "properties": { "candidate_id": "C03", "source_h3_cell": "881ec91b57fffff", "mode": "drive", "minutes": 5, "accessible_population": 118989, "accessible_demand": 133086.496, "reachable_cells": 18 }, "geometry": { "type": "Polygon", "coordinates": [ [ [ 28.713383502876891, 40.970925210815871 ], [ 28.70940999548403, 40.975015953563755 ], [ 28.702699408837194, 40.9745851459531 ], [ 28.698725146959163, 40.978675473044461 ], [ 28.701461773370085, 40.983196750571608 ], [ 28.69748705860319, 40.987286804655099 ], [ 28.700223894849447, 40.991807784114172 ], [ 28.696248727096137, 40.995897565004391 ], [ 28.698985773204825, 41.000418246236542 ], [ 28.705698348322169, 41.000848978756849 ], [ 28.708435965597925, 41.005369193806295 ], [ 28.715148809927776, 41.005799317261825 ], [ 28.717886998312409, 41.010319065941196 ], [ 28.724600111510817, 41.010748580211299 ], [ 28.728574373097313, 41.006658371050762 ], [ 28.735287091569202, 41.007087301394222 ], [ 28.739260597644311, 41.002996676403072 ], [ 28.745972920968761, 41.003425022976494 ], [ 28.749945671395739, 40.99933398239984 ], [ 28.74720640143666, 40.994814737818679 ], [ 28.751178699200025, 40.990723424401907 ], [ 28.74843963965364, 40.98620388142642 ], [ 28.752411484850878, 40.982112295354874 ], [ 28.749672635689912, 40.977592454143874 ], [ 28.742962301297329, 40.977164030817733 ], [ 28.740224022438237, 40.972643723318704 ], [ 28.733513955722515, 40.972214691192399 ], [ 28.729541505191015, 40.976305992055991 ], [ 28.722831043844664, 40.975876376610231 ], [ 28.720093695758173, 40.971355434946005 ], [ 28.713383502876891, 40.970925210815871 ] ] ] } },
{ "type": "Feature", "properties": { "candidate_id": "C03", "source_h3_cell": "881ec91b57fffff", "mode": "drive", "minutes": 10, "accessible_population": 394377, "accessible_demand": 443149.87, "reachable_cells": 60 }, "geometry": { "type": "Polygon", "coordinates": [ [ [ 28.701200594499685, 40.961451097416635 ], [ 28.694490939579243, 40.961019656280101 ], [ 28.690516829084121, 40.965110113293129 ], [ 28.683806781286982, 40.964678088667263 ], [ 28.679831916826888, 40.96876812989774 ], [ 28.682567401235186, 40.973290338712431 ], [ 28.678592083835767, 40.977380106942206 ], [ 28.681327777826603, 40.981902017946602 ], [ 28.677352007390283, 40.985991512990232 ], [ 28.680087910990679, 40.99051312602537 ], [ 28.676111687419912, 40.994602347697445 ], [ 28.678847800656875, 40.999123662604454 ], [ 28.685560499188284, 40.999555588165229 ], [ 28.688297183834852, 41.004076437135701 ], [ 28.684320808281146, 41.008165528200429 ], [ 28.687057702717819, 41.012686078755223 ], [ 28.693771334346902, 41.013117370542375 ], [ 28.696508800261721, 41.017637454844447 ], [ 28.703222701649512, 41.018068137437119 ], [ 28.705960738984412, 41.022587755299092 ], [ 28.71267490978688, 41.023017828576521 ], [ 28.715413518483619, 41.027536979811153 ], [ 28.722127958356623, 41.027966443652723 ], [ 28.726103126055978, 41.023876781455279 ], [ 28.732817171154604, 41.024305661066663 ], [ 28.736791583096135, 41.020215582675064 ], [ 28.743505232999169, 41.020643878212844 ], [ 28.747478889046004, 41.016553383872193 ], [ 28.754192143332478, 41.016981095493051 ], [ 28.758165043347947, 41.012890185448512 ], [ 28.764877901597103, 41.01331731330928 ], [ 28.7688500454448, 41.009225987806062 ], [ 28.766109634552961, 41.004707676877281 ], [ 28.77008132578872, 41.000616078527052 ], [ 28.767341125562155, 40.996097468946573 ], [ 28.771312364283489, 40.992005597934593 ], [ 28.768572374694855, 40.987486689861129 ], [ 28.772543160999234, 40.983394546372736 ], [ 28.769803382021177, 40.978875339965086 ], [ 28.773773716006055, 40.974782924185696 ], [ 28.771034147611207, 40.970263419602716 ], [ 28.764324604629401, 40.969836162435591 ], [ 28.761585606166619, 40.965316191447911 ], [ 28.754876329972991, 40.964888325490548 ], [ 28.752137901501026, 40.96036788828534 ], [ 28.745428892439445, 40.959939413658034 ], [ 28.742691034016961, 40.95541851042254 ], [ 28.735982292431206, 40.954989427245657 ], [ 28.733245004116707, 40.950468058167282 ], [ 28.726536530350387, 40.950038366561337 ], [ 28.722564682573516, 40.954130069452368 ], [ 28.715855814668711, 40.953699794825916 ], [ 28.711883212515399, 40.957791082669303 ], [ 28.705173950892487, 40.95736022486593 ], [ 28.701200594499685, 40.961451097416635 ] ] ] } },
{ "type": "Feature", "properties": { "candidate_id": "C03", "source_h3_cell": "881ec91b57fffff", "mode": "drive", "minutes": 15, "accessible_population": 797930, "accessible_demand": 898396.441, "reachable_cells": 125 }, "geometry": { "type": "Polygon", "coordinates": [ [ [ 28.664917517111672, 40.954766736393658 ], [ 28.660942051211176, 40.958856491496931 ], [ 28.663676393385447, 40.963379630848259 ], [ 28.659700474495466, 40.967469112958128 ], [ 28.662435025999478, 40.971991954757115 ], [ 28.658458654022485, 40.976081163688043 ], [ 28.661193414883165, 40.980603707775622 ], [ 28.6572165897216, 40.984692643342157 ], [ 28.659951559965869, 40.989214889559335 ], [ 28.655974281522155, 40.993303551576055 ], [ 28.658709461176965, 40.997825499763934 ], [ 28.665422281467297, 40.998258618408585 ], [ 28.668158032773864, 41.002780100906371 ], [ 28.66418060165298, 41.006868632266894 ], [ 28.666916562523568, 41.01138981644776 ], [ 28.662938677950276, 41.015478073884395 ], [ 28.665674848411914, 41.019998959589635 ], [ 28.67238926565355, 41.020431420332855 ], [ 28.675126007962319, 41.024951839902954 ], [ 28.68184069585314, 41.025383691443132 ], [ 28.684578009951213, 41.029903644690627 ], [ 28.691292968147295, 41.030334886906743 ], [ 28.694030853976663, 41.034854373644258 ], [ 28.700746082133957, 41.035285006415485 ], [ 28.703484539636538, 41.039804026455741 ], [ 28.710200037410885, 41.040234049661322 ], [ 28.712939066528445, 41.044752602817155 ], [ 28.71965483357549, 41.045182016336526 ], [ 28.723630907778272, 41.041092901842482 ], [ 28.730346280003097, 41.041521730828123 ], [ 28.734321598201504, 41.037432199776546 ], [ 28.741036575182608, 41.037860444385018 ], [ 28.74501113723964, 41.033770497020967 ], [ 28.751725718555768, 41.03419815740898 ], [ 28.755699524334656, 41.030107793977542 ], [ 28.76241370956479, 41.030534870301885 ], [ 28.766386758928959, 41.026444091048269 ], [ 28.773100547652277, 41.026870583465893 ], [ 28.777072840465401, 41.022779388635321 ], [ 28.783786232261317, 41.023205297303278 ], [ 28.787757768387245, 41.019113687141093 ], [ 28.785016216798173, 41.014596310612298 ], [ 28.788987300364209, 41.01050442759631 ], [ 28.786245959692991, 41.00598675215862 ], [ 28.790216590796664, 41.001894596474017 ], [ 28.787475461015859, 40.997376622286026 ], [ 28.791445639754617, 40.99328419411809 ], [ 28.788704720836815, 40.988765921338498 ], [ 28.792674447308137, 40.984673220872544 ], [ 28.78993373922588, 40.980154649660115 ], [ 28.793903013527149, 40.976061677081546 ], [ 28.791162516253024, 40.971542807595128 ], [ 28.795131338481664, 40.967449563089403 ], [ 28.79239105198824, 40.962930395487923 ], [ 28.785682302096479, 40.962504303851944 ], [ 28.782942585165028, 40.957984669729335 ], [ 28.776234101173067, 40.957557969313541 ], [ 28.773494953862595, 40.953037868856867 ], [ 28.766786736114433, 40.952610559781291 ], [ 28.764048158483796, 40.948089993177724 ], [ 28.757340207323271, 40.947662075562519 ], [ 28.754602199431233, 40.943141042999315 ], [ 28.747894515202091, 40.942712516964768 ], [ 28.74515707710728, 40.938191018629283 ], [ 28.73844966015308, 40.937761884295853 ], [ 28.735712791914011, 40.933239920375534 ], [ 28.72900564257823, 40.932810177863743 ], [ 28.725034699405491, 40.936902424743792 ], [ 28.718327155978976, 40.936472099515115 ], [ 28.714355458675509, 40.940563931711509 ], [ 28.707647521578384, 40.940133023609562 ], [ 28.703675070281008, 40.944224440877214 ], [ 28.696966739933568, 40.943792949745728 ], [ 28.692993534779301, 40.947883951839614 ], [ 28.686284811602089, 40.947451877522418 ], [ 28.682310852728214, 40.951542464197608 ], [ 28.675601737141974, 40.951109806538653 ], [ 28.67162702468595, 40.955199977550279 ], [ 28.664917517111672, 40.954766736393658 ] ] ] } },
{ "type": "Feature", "properties": { "candidate_id": "C03", "source_h3_cell": "881ec91b57fffff", "mode": "walk", "minutes": 5, "accessible_population": 6452, "accessible_demand": 7146.299, "reachable_cells": 1 }, "geometry": { "type": "Polygon", "coordinates": [ [ [ 28.72035950657839, 40.993098863956902 ], [ 28.717621738397156, 40.988578518467456 ], [ 28.721595396551301, 40.984487905781776 ], [ 28.728306520673616, 40.984917495893825 ], [ 28.731044649465282, 40.989437673378994 ], [ 28.72707129360132, 40.99352842876177 ], [ 28.72035950657839, 40.993098863956902 ] ] ] } },
{ "type": "Feature", "properties": { "candidate_id": "C03", "source_h3_cell": "881ec91b57fffff", "mode": "walk", "minutes": 10, "accessible_population": 6452, "accessible_demand": 7146.299, "reachable_cells": 1 }, "geometry": { "type": "Polygon", "coordinates": [ [ [ 28.72035950657839, 40.993098863956902 ], [ 28.717621738397156, 40.988578518467456 ], [ 28.721595396551301, 40.984487905781776 ], [ 28.728306520673616, 40.984917495893825 ], [ 28.731044649465282, 40.989437673378994 ], [ 28.72707129360132, 40.99352842876177 ], [ 28.72035950657839, 40.993098863956902 ] ] ] } },
{ "type": "Feature", "properties": { "candidate_id": "C03", "source_h3_cell": "881ec91b57fffff", "mode": "walk", "minutes": 15, "accessible_population": 45694, "accessible_demand": 50760.596, "reachable_cells": 7 }, "geometry": { "type": "Polygon", "coordinates": [ [ [ 28.722831043844664, 40.975876376610231 ], [ 28.718857838431038, 40.979967262125491 ], [ 28.712146982874614, 40.979537063203779 ], [ 28.70817302271578, 40.983627533125642 ], [ 28.710910220040958, 40.988148344727648 ], [ 28.70693580701862, 40.992238541638088 ], [ 28.709673214305525, 40.996759055043213 ], [ 28.716385395586197, 40.99718920362762 ], [ 28.719123373855545, 41.0017092507914 ], [ 28.725835823903843, 41.002138790315605 ], [ 28.729809632580299, 40.998048307951315 ], [ 28.736521687926029, 40.998477263700678 ], [ 28.740494741214263, 40.994386365687582 ], [ 28.737756041809618, 40.989866654560799 ], [ 28.741728642408518, 40.985775483711073 ], [ 28.738990153290288, 40.981255474318729 ], [ 28.732279423822597, 40.980826467677936 ], [ 28.729541505191015, 40.976305992055991 ], [ 28.722831043844664, 40.975876376610231 ] ] ] } },
{ "type": "Feature", "properties": { "candidate_id": "C04", "source_h3_cell": "881ec9c5e3fffff", "mode": "drive", "minutes": 5, "accessible_population": 106300, "accessible_demand": 116725.594, "reachable_cells": 16 }, "geometry": { "type": "Polygon", "coordinates": [ [ [ 28.665674848411914, 41.019998959589635 ], [ 28.661696510288518, 41.024086942917215 ], [ 28.654981700873677, 41.023653897462083 ], [ 28.651002608324852, 41.027741463426885 ], [ 28.65373862589129, 41.032262217909988 ], [ 28.660454098596972, 41.032695239021628 ], [ 28.663190688321642, 41.03721552729985 ], [ 28.659211442804892, 41.041302961854086 ], [ 28.661948242201557, 41.045822951181059 ], [ 28.657968542841505, 41.049910111071135 ], [ 28.66070555193717, 41.054429801288478 ], [ 28.667422622998352, 41.054862164209915 ], [ 28.670160204447971, 41.059381387777897 ], [ 28.676877546564615, 41.059813140995495 ], [ 28.680856643410657, 41.055725695180463 ], [ 28.68757359239325, 41.056156863239259 ], [ 28.691551933785057, 41.052068999887283 ], [ 28.698268489211227, 41.052499582943327 ], [ 28.702246075010905, 41.048411302299172 ], [ 28.699507407383781, 41.043892581407427 ], [ 28.703484539636538, 41.039804026455741 ], [ 28.700746082133957, 41.035285006415485 ], [ 28.694030853976663, 41.034854373644258 ], [ 28.691292968147295, 41.030334886906743 ], [ 28.695269948822226, 41.026246200642213 ], [ 28.692532272963671, 41.021726415043155 ], [ 28.685817978113469, 41.021295148054783 ], [ 28.683080873859627, 41.016774896074345 ], [ 28.676366849213327, 41.016343019887159 ], [ 28.67238926565355, 41.020431420332855 ], [ 28.665674848411914, 41.019998959589635 ] ] ] } },
{ "type": "Feature", "properties": { "candidate_id": "C04", "source_h3_cell": "881ec9c5e3fffff", "mode": "drive", "minutes": 10, "accessible_population": 338452, "accessible_demand": 371840.808, "reachable_cells": 51 }, "geometry": { "type": "Polygon", "coordinates": [ [ [ 28.653488933144853, 41.010523652406413 ], [ 28.646775058232745, 41.010089973620602 ], [ 28.642796118890082, 41.014177670737837 ], [ 28.636081852695344, 41.013743407232219 ], [ 28.632102159449396, 41.017830686860982 ], [ 28.634837032526562, 41.022352373191048 ], [ 28.641551961808602, 41.022786612603653 ], [ 28.644287407159158, 41.027307833104082 ], [ 28.640307560323318, 41.031394981461581 ], [ 28.64304321509243, 41.03591590326792 ], [ 28.639062914363354, 41.040002776967974 ], [ 28.641798778577943, 41.044523399921772 ], [ 28.637818023857861, 41.048609998779405 ], [ 28.640554097544847, 41.053130322722218 ], [ 28.647271289026136, 41.053563880549355 ], [ 28.650007935309286, 41.058083738089174 ], [ 28.64602702709157, 41.062170205041021 ], [ 28.648763883000882, 41.06668976328308 ], [ 28.655482010117556, 41.067122687286087 ], [ 28.658219438692246, 41.071641778809308 ], [ 28.664937837412086, 41.0720740929792 ], [ 28.667675838594349, 41.076592717596291 ], [ 28.674394508573059, 41.077024421812041 ], [ 28.678374513298689, 41.072937525892875 ], [ 28.685092790096693, 41.073368644646337 ], [ 28.689072039121928, 41.069281330827131 ], [ 28.695789922316564, 41.069711864274382 ], [ 28.699768415503403, 41.065624132799833 ], [ 28.706485904672217, 41.066054081097079 ], [ 28.710463641882924, 41.061965932211947 ], [ 28.707724192235794, 41.057447977768334 ], [ 28.711701475827237, 41.053359554387569 ], [ 28.718417906648682, 41.053788942785722 ], [ 28.722394434249708, 41.049700102420843 ], [ 28.71965483357549, 41.045182016336526 ], [ 28.723630907778272, 41.041092901842482 ], [ 28.72089151745465, 41.036574516511067 ], [ 28.714176414057064, 41.036145077843898 ], [ 28.711437595163506, 41.031626225569468 ], [ 28.715413518483619, 41.027536979811153 ], [ 28.71267490978688, 41.023017828576521 ], [ 28.705960738984412, 41.022587755299092 ], [ 28.703222701649512, 41.018068137437119 ], [ 28.696508800261721, 41.017637454844447 ], [ 28.693771334346902, 41.013117370542375 ], [ 28.69774740836576, 41.009028136594623 ], [ 28.695010152367562, 41.004507753748157 ], [ 28.688297183834852, 41.004076437135701 ], [ 28.685560499188284, 40.999555588165229 ], [ 28.678847800656875, 40.999123662604454 ], [ 28.674871123854071, 41.003212610719643 ], [ 28.668158032773864, 41.002780100906371 ], [ 28.66418060165298, 41.006868632266894 ], [ 28.65746711844578, 41.006435538045245 ], [ 28.653488933144853, 41.010523652406413 ] ] ] } },
{ "type": "Feature", "properties": { "candidate_id": "C04", "source_h3_cell": "881ec9c5e3fffff", "mode": "drive", "minutes": 15, "accessible_population": 782730, "accessible_demand": 859894.378, "reachable_cells": 121 }, "geometry": { "type": "Polygon", "coordinates": [ [ [ 28.627878642623774, 41.000176689254992 ], [ 28.623899103205581, 41.004264099896744 ], [ 28.617185381604703, 41.003828618826674 ], [ 28.613205088805671, 41.007915611854486 ], [ 28.615938817163912, 41.012438229280455 ], [ 28.611958070495199, 41.0165249478462 ], [ 28.614692007891811, 41.021047266964203 ], [ 28.610710807255664, 41.025133710882749 ], [ 28.613444953717433, 41.02965573153412 ], [ 28.609463299016078, 41.03374190062037 ], [ 28.612197654569801, 41.038263622646561 ], [ 28.618914028451751, 41.038699008505731 ], [ 28.621648956773903, 41.043220264691818 ], [ 28.617667147641686, 41.047306302080656 ], [ 28.610950110377917, 41.046870939958005 ], [ 28.606967547252676, 41.050956558824723 ], [ 28.609702321070728, 41.055477683125119 ], [ 28.605719303586746, 41.059563026604721 ], [ 28.608454286577185, 41.064083851804682 ], [ 28.615172650978685, 41.064519166533763 ], [ 28.61790820711823, 41.069039525508032 ], [ 28.624626844703165, 41.069474230639024 ], [ 28.62736297393451, 41.073994123200016 ], [ 28.634081884358995, 41.074428218611374 ], [ 28.636818586624702, 41.078947644571578 ], [ 28.643537769544643, 41.079381130141911 ], [ 28.646275044787192, 41.083900089313943 ], [ 28.652994499858398, 41.084332964922005 ], [ 28.655732348020095, 41.088851457118523 ], [ 28.662452074898226, 41.089283722643202 ], [ 28.66519049592134, 41.093801747677006 ], [ 28.671910494261898, 41.094233402997318 ], [ 28.675891407258572, 41.090147057712777 ], [ 28.682611012371833, 41.090578127267349 ], [ 28.686591169421852, 41.086491363719766 ], [ 28.693310380884832, 41.086921847664676 ], [ 28.697289781850085, 41.082834666098726 ], [ 28.704008599240062, 41.083264564590159 ], [ 28.707987243982657, 41.079176965250582 ], [ 28.714705666877116, 41.079606278444842 ], [ 28.718683555259396, 41.075518261576441 ], [ 28.725401583236042, 41.075946989629976 ], [ 28.729378715120536, 41.071858555477611 ], [ 28.736096347757346, 41.072286698546968 ], [ 28.740072723006801, 41.068197847355613 ], [ 28.737331768763671, 41.063680995637235 ], [ 28.730614800228306, 41.063252827223067 ], [ 28.727874417551448, 41.05873550793099 ], [ 28.731850642397436, 41.054646524959338 ], [ 28.738566946956379, 41.055074718744983 ], [ 28.742542415414192, 41.050985319097535 ], [ 28.739801882405885, 41.046467868213199 ], [ 28.74377689761447, 41.042378194614969 ], [ 28.741036575182608, 41.037860444385018 ], [ 28.74501113723964, 41.033770497020967 ], [ 28.742271025356931, 41.02925244760376 ], [ 28.73555671197731, 41.028824177543932 ], [ 28.732817171154604, 41.024305661066663 ], [ 28.736791583096135, 41.020215582675064 ], [ 28.734052252668835, 41.015696767297484 ], [ 28.727338870945999, 41.015267862333353 ], [ 28.724600111510817, 41.010748580211299 ], [ 28.717886998312409, 41.010319065941196 ], [ 28.715148809927776, 41.005799317261825 ], [ 28.719123373855545, 41.0017092507914 ], [ 28.716385395586197, 40.99718920362762 ], [ 28.709673214305525, 40.996759055043213 ], [ 28.70693580701862, 40.992238541638088 ], [ 28.700223894849447, 40.991807784114172 ], [ 28.69748705860319, 40.987286804655099 ], [ 28.690775415889242, 40.986855438312489 ], [ 28.688039150741698, 40.982333992986959 ], [ 28.681327777826603, 40.981902017946602 ], [ 28.677352007390283, 40.985991512990232 ], [ 28.670640241972926, 40.985558954000936 ], [ 28.666663717463944, 40.989648032653463 ], [ 28.659951559965869, 40.989214889559335 ], [ 28.655974281522155, 40.993303551576055 ], [ 28.649261732365161, 40.992869824221302 ], [ 28.645283700124843, 40.996958069357582 ], [ 28.638570759730932, 40.996523757586559 ], [ 28.634591973832386, 41.000611585597824 ], [ 28.627878642623774, 41.000176689254992 ] ] ] } },
{ "type": "Feature", "properties": { "candidate_id": "C04", "source_h3_cell": "881ec9c5e3fffff", "mode": "walk", "minutes": 5, "accessible_population": 6603, "accessible_demand": 7247.912, "reachable_cells": 1 }, "geometry": { "type": "Polygon", "coordinates": [ [ [ 28.672643594048637, 41.042167760964958 ], [ 28.669906432223488, 41.0376479390791 ], [ 28.673884922930984, 41.033560087043405 ], [ 28.680600274191054, 41.033991913963099 ], [ 28.683337798160412, 41.03851156831913 ], [ 28.679359608802738, 41.042599563290722 ], [ 28.672643594048637, 41.042167760964958 ] ] ] } },
{ "type": "Feature", "properties": { "candidate_id": "C04", "source_h3_cell": "881ec9c5e3fffff", "mode": "walk", "minutes": 10, "accessible_population": 6603, "accessible_demand": 7247.912, "reachable_cells": 1 }, "geometry": { "type": "Polygon", "coordinates": [ [ [ 28.672643594048637, 41.042167760964958 ], [ 28.669906432223488, 41.0376479390791 ], [ 28.673884922930984, 41.033560087043405 ], [ 28.680600274191054, 41.033991913963099 ], [ 28.683337798160412, 41.03851156831913 ], [ 28.679359608802738, 41.042599563290722 ], [ 28.672643594048637, 41.042167760964958 ] ] ] } },
{ "type": "Feature", "properties": { "candidate_id": "C04", "source_h3_cell": "881ec9c5e3fffff", "mode": "walk", "minutes": 15, "accessible_population": 46124, "accessible_demand": 50508.72, "reachable_cells": 7 }, "geometry": { "type": "Polygon", "coordinates": [ [ [ 28.675126007962319, 41.024951839902954 ], [ 28.671147970877538, 41.029039966236184 ], [ 28.664432890368172, 41.028607529988214 ], [ 28.660454098596972, 41.032695239021628 ], [ 28.663190688321642, 41.03721552729985 ], [ 28.659211442804892, 41.041302961854086 ], [ 28.661948242201557, 41.045822951181059 ], [ 28.668664649620688, 41.046255338518115 ], [ 28.671402021244543, 41.050774861324214 ], [ 28.678118699617478, 41.051206639082601 ], [ 28.682097342670467, 41.047118918596844 ], [ 28.68881362793271, 41.04755011134818 ], [ 28.692791515654466, 41.043461973507078 ], [ 28.690053419827176, 41.03894278578958 ], [ 28.694030853976663, 41.034854373644258 ], [ 28.691292968147295, 41.030334886906743 ], [ 28.684578009951213, 41.029903644690627 ], [ 28.68184069585314, 41.025383691443132 ], [ 28.675126007962319, 41.024951839902954 ] ] ] } },
{ "type": "Feature", "properties": { "candidate_id": "C05", "source_h3_cell": "881ec910cbfffff", "mode": "drive", "minutes": 5, "accessible_population": 125206, "accessible_demand": 156218.982, "reachable_cells": 19 }, "geometry": { "type": "Polygon", "coordinates": [ [ [ 28.964143833719213, 41.064886236798905 ], [ 28.960180077934854, 41.068981759507835 ], [ 28.953465271620626, 41.068566703195245 ], [ 28.949500755111739, 41.072661812635609 ], [ 28.952251353878271, 41.077172119480387 ], [ 28.948286385558347, 41.081266956567411 ], [ 28.95103719733283, 41.085776962639663 ], [ 28.947071777104362, 41.089871527188635 ], [ 28.949822801914902, 41.094381232330562 ], [ 28.956539602980175, 41.094796203475333 ], [ 28.959291196901791, 41.09930543810578 ], [ 28.966008257796986, 41.099719797590879 ], [ 28.96876042076849, 41.104228561524813 ], [ 28.97547774114642, 41.104642309232958 ], [ 28.979442233235787, 41.100547321614116 ], [ 28.98615914741119, 41.100960486165093 ], [ 28.990122877751499, 41.096865085108568 ], [ 28.996839385306277, 41.097277666661945 ], [ 29.000802353765039, 41.093181852414276 ], [ 28.998049124928002, 41.088673597444249 ], [ 29.002011641812185, 41.084577511013002 ], [ 28.99925862655715, 41.080068954946668 ], [ 29.003220691964199, 41.075972596516507 ], [ 29.000467890262843, 41.071463739511607 ], [ 28.993753377884524, 41.071051071130391 ], [ 28.991001144418352, 41.066541743513433 ], [ 28.984286890337199, 41.066128463745329 ], [ 28.981535225167761, 41.061618665701246 ], [ 28.974821229730779, 41.061204774663359 ], [ 28.970858234803764, 41.06530071039446 ], [ 28.964143833719213, 41.064886236798905 ] ] ] } },
{ "type": "Feature", "properties": { "candidate_id": "C05", "source_h3_cell": "881ec910cbfffff", "mode": "drive", "minutes": 10, "accessible_population": 404027, "accessible_demand": 505255.777, "reachable_cells": 61 }, "geometry": { "type": "Polygon", "coordinates": [ [ [ 28.951928777794294, 41.055449806210667 ], [ 28.945214895928711, 41.055034110412393 ], [ 28.941250522408072, 41.059129350853603 ], [ 28.934536236203083, 41.058713072323521 ], [ 28.93057110247414, 41.062807899366952 ], [ 28.933320563340015, 41.067319146167591 ], [ 28.929354977745035, 41.071413700863808 ], [ 28.932104651366579, 41.075924647147829 ], [ 28.928138613808063, 41.080018929312033 ], [ 28.930888500213317, 41.084529574921568 ], [ 28.92692201059376, 41.088623584369039 ], [ 28.929672109810731, 41.093133929146262 ], [ 28.925705168032586, 41.097227665692373 ], [ 28.92845548008934, 41.101737709479551 ], [ 28.935173090521261, 41.102153847446772 ], [ 28.937923972063626, 41.106663420837052 ], [ 28.944641843216957, 41.107078947129793 ], [ 28.947393294183989, 41.111588049938071 ], [ 28.954111425711634, 41.112002964438844 ], [ 28.956863446042217, 41.116511596480116 ], [ 28.963581837596944, 41.116925899071525 ], [ 28.966334427229889, 41.121434060160858 ], [ 28.9730530784643, 41.121847750725664 ], [ 28.977018474497125, 41.117753308754182 ], [ 28.98373671947417, 41.118166415858255 ], [ 28.987701353507077, 41.114071560085875 ], [ 28.994419191808351, 41.114484083888783 ], [ 28.998383063708719, 41.110388814561986 ], [ 29.005100494916014, 41.110800755223437 ], [ 29.009063604551461, 41.106705072588809 ], [ 29.015780628246844, 41.107116430268597 ], [ 29.019742975485151, 41.103020334572768 ], [ 29.016988609858689, 41.098513021892394 ], [ 29.020950505578636, 41.094416654007162 ], [ 29.018196353786234, 41.089909039974955 ], [ 29.022157798085249, 41.085812400084926 ], [ 29.019403860098517, 41.081304484858549 ], [ 29.023364853074053, 41.07720757314835 ], [ 29.020611128864626, 41.072699356885508 ], [ 29.024571670614048, 41.068602173539865 ], [ 29.021818160153536, 41.06409365639837 ], [ 29.015104462103146, 41.063682152622299 ], [ 29.01235151950257, 41.059173164754924 ], [ 29.005638078859253, 41.058761049607895 ], [ 29.002885704180358, 41.054251591199467 ], [ 28.996172521291225, 41.053838864798344 ], [ 28.993420714595654, 41.049328936033767 ], [ 28.986707789807664, 41.048915598495583 ], [ 28.983956551156918, 41.04440519955989 ], [ 28.977243884816904, 41.043991251001785 ], [ 28.973281792719263, 41.048087730158059 ], [ 28.966568720786388, 41.047673199345901 ], [ 28.962605868081614, 41.051769265843596 ], [ 28.955892390973471, 41.051354152618018 ], [ 28.951928777794294, 41.055449806210667 ] ] ] } },
{ "type": "Feature", "properties": { "candidate_id": "C05", "source_h3_cell": "881ec910cbfffff", "mode": "drive", "minutes": 15, "accessible_population": 842125, "accessible_demand": 1052369.305, "reachable_cells": 127 }, "geometry": { "type": "Polygon", "coordinates": [ [ [ 28.926289273326134, 41.045177661068045 ], [ 28.922324283211562, 41.049272618970832 ], [ 28.915610518501857, 41.048855118694213 ], [ 28.911644768695414, 41.052949663070279 ], [ 28.914393091417303, 41.05746184908525 ], [ 28.910426889690182, 41.061556121120326 ], [ 28.913175424915426, 41.066068006874765 ], [ 28.909208771170142, 41.070162006383967 ], [ 28.911957518926691, 41.074673591719915 ], [ 28.90799041306574, 41.07876731851848 ], [ 28.910739373381553, 41.083278603277996 ], [ 28.90677181530739, 41.087372057181177 ], [ 28.909520988210417, 41.091883041206444 ], [ 28.905552977825455, 41.095976222029606 ], [ 28.908302363343683, 41.100486905162846 ], [ 28.904333900550299, 41.10457981272139 ], [ 28.907083498711714, 41.109090194804935 ], [ 28.913801916834331, 41.109507500230571 ], [ 28.916552084855628, 41.114017412032055 ], [ 28.923270764591489, 41.114434105768915 ], [ 28.926021502411917, 41.118943547103136 ], [ 28.932740443414023, 41.119359629033447 ], [ 28.935491750972741, 41.123868599715301 ], [ 28.942210952893941, 41.124284069721462 ], [ 28.944962830129931, 41.128792569565917 ], [ 28.951682292622955, 41.129207427530432 ], [ 28.954434739475172, 41.133715456352562 ], [ 28.961154462192564, 41.134129702158106 ], [ 28.963907478599776, 41.138637259773084 ], [ 28.970627461194024, 41.139050893302446 ], [ 28.974593761560669, 41.134956997715925 ], [ 28.981313337842721, 41.135370047481018 ], [ 28.985278875958482, 41.131275737730462 ], [ 28.991998045509643, 41.131688203890853 ], [ 28.99596282124179, 41.127593480222757 ], [ 29.002681583643589, 41.128005362938111 ], [ 29.006645596859585, 41.123910225599005 ], [ 29.013363951693783, 41.124321525029153 ], [ 29.017327202261324, 41.120225974265622 ], [ 29.024045149109924, 41.120636690570464 ], [ 29.028007636896891, 41.116540726629196 ], [ 29.034725175342111, 41.116950859968782 ], [ 29.038686900216636, 41.112854483096527 ], [ 29.03593139804827, 41.108348113443981 ], [ 29.039892671460983, 41.104251464376603 ], [ 29.03713738337871, 41.099744793116898 ], [ 29.041098205427051, 41.09564787203891 ], [ 29.038343131402435, 41.091140899329588 ], [ 29.042303502183856, 41.087043706425561 ], [ 29.039548642188425, 41.082536432424227 ], [ 29.043508561800309, 41.078438967878817 ], [ 29.040753915805613, 41.073931392743162 ], [ 29.044713384345318, 41.069833656741103 ], [ 29.041958952322911, 41.065325780628903 ], [ 29.045917969887789, 41.06122777335495 ], [ 29.04316375180921, 41.056719596424038 ], [ 29.036450869754784, 41.056309256613346 ], [ 29.033697219160626, 41.051800608842989 ], [ 29.026984593623563, 41.051389657677717 ], [ 29.024231510575785, 41.046880539252612 ], [ 29.017519141903264, 41.046468976849397 ], [ 29.014766626463707, 41.041959387954378 ], [ 29.00805451500278, 41.041547214430018 ], [ 29.005302567233215, 41.037037155249969 ], [ 28.998590713330803, 41.036624370721384 ], [ 28.995839333292817, 41.032113841441316 ], [ 28.989127737295696, 41.031700446025532 ], [ 28.986376925050806, 41.027189446830576 ], [ 28.979665587305632, 41.026775440644784 ], [ 28.975704397647974, 41.030872462486343 ], [ 28.96899265436468, 41.030457874350141 ], [ 28.965030704350013, 41.034554483896805 ], [ 28.95831855594589, 41.034139313650819 ], [ 28.954355845706804, 41.038235510656094 ], [ 28.947643292599412, 41.037819758141062 ], [ 28.943679822268724, 41.04191554235851 ], [ 28.936966864875817, 41.041499207415264 ], [ 28.933002634586572, 41.045594578598532 ], [ 28.926289273326134, 41.045177661068045 ] ] ] } },
{ "type": "Feature", "properties": { "candidate_id": "C05", "source_h3_cell": "881ec910cbfffff", "mode": "walk", "minutes": 5, "accessible_population": 6452, "accessible_demand": 7958.245, "reachable_cells": 1 }, "geometry": { "type": "Polygon", "coordinates": [ [ [ 28.971185459770588, 41.087020766600517 ], [ 28.968433723347722, 41.082511400452347 ], [ 28.972397621493773, 41.078416008885767 ], [ 28.979112946530101, 41.078829842511006 ], [ 28.981865038331129, 41.083339039031728 ], [ 28.977901449795073, 41.08743457155979 ], [ 28.971185459770588, 41.087020766600517 ] ] ] } },
{ "type": "Feature", "properties": { "candidate_id": "C05", "source_h3_cell": "881ec910cbfffff", "mode": "walk", "minutes": 10, "accessible_population": 6452, "accessible_demand": 7958.245, "reachable_cells": 1 }, "geometry": { "type": "Polygon", "coordinates": [ [ [ 28.971185459770588, 41.087020766600517 ], [ 28.968433723347722, 41.082511400452347 ], [ 28.972397621493773, 41.078416008885767 ], [ 28.979112946530101, 41.078829842511006 ], [ 28.981865038331129, 41.083339039031728 ], [ 28.977901449795073, 41.08743457155979 ], [ 28.971185459770588, 41.087020766600517 ] ] ] } },
{ "type": "Feature", "properties": { "candidate_id": "C05", "source_h3_cell": "881ec910cbfffff", "mode": "walk", "minutes": 15, "accessible_population": 46029, "accessible_demand": 57366.746, "reachable_cells": 7 }, "geometry": { "type": "Polygon", "coordinates": [ [ [ 28.973609544790754, 41.069810678125862 ], [ 28.969646098302928, 41.073906341867072 ], [ 28.962931032454193, 41.073491896839492 ], [ 28.958966824983882, 41.077587147376818 ], [ 28.96171799260917, 41.08209698396584 ], [ 28.957753333355438, 41.086191962146806 ], [ 28.960504714114816, 41.09070149783539 ], [ 28.967221109868841, 41.091115885807746 ], [ 28.969973059551929, 41.095624950927636 ], [ 28.97668971469027, 41.096038727247873 ], [ 28.980653754954236, 41.091943467082118 ], [ 28.987370003917501, 41.09235666039698 ], [ 28.991333282557783, 41.0882609869752 ], [ 28.988580622207998, 41.083752261137406 ], [ 28.992543449245723, 41.079656315535004 ], [ 28.989791002351883, 41.075147288728715 ], [ 28.983076083435719, 41.074734037805278 ], [ 28.980324204964582, 41.070224540443952 ], [ 28.973609544790754, 41.069810678125862 ] ] ] } },
{ "type": "Feature", "properties": { "candidate_id": "C06", "source_h3_cell": "881ec91363fffff", "mode": "drive", "minutes": 5, "accessible_population": 125334, "accessible_demand": 143530.479, "reachable_cells": 19 }, "geometry": { "type": "Polygon", "coordinates": [ [ [ 28.798067597474187, 41.089241299126314 ], [ 28.794093499927182, 41.093331278478324 ], [ 28.787374926530504, 41.092906772896214 ], [ 28.783400070909959, 41.096996335772424 ], [ 28.786144093393499, 41.10151054636215 ], [ 28.782168784360262, 41.105599834717793 ], [ 28.784913018162928, 41.110113744688853 ], [ 28.780937255619165, 41.11420275833941 ], [ 28.783681700768486, 41.118716367534113 ], [ 28.790402268658166, 41.119140794911253 ], [ 28.793147285399968, 41.12365393502936 ], [ 28.799868119858797, 41.124077751140959 ], [ 28.802613708133709, 41.128590421996464 ], [ 28.809334808815603, 41.129013626723328 ], [ 28.813309655987915, 41.124924186880818 ], [ 28.820030357289195, 41.125346806520227 ], [ 28.8240044453593, 41.121256950030627 ], [ 28.830724746858728, 41.121678984740278 ], [ 28.834698075690913, 41.117588711849059 ], [ 28.831951409031692, 41.113076546122677 ], [ 28.835924284680861, 41.108985998880534 ], [ 28.833177829918714, 41.104473532211223 ], [ 28.837150252482651, 41.10038271080257 ], [ 28.834404009589871, 41.095869943347999 ], [ 28.827685703034, 41.095447828773153 ], [ 28.824940030862326, 41.090934592137621 ], [ 28.818221989336401, 41.090511866564697 ], [ 28.81547688794555, 41.08599816093416 ], [ 28.808759111795471, 41.08557482448218 ], [ 28.80478577245805, 41.089665220064617 ], [ 28.798067597474187, 41.089241299126314 ] ] ] } },
{ "type": "Feature", "properties": { "candidate_id": "C06", "source_h3_cell": "881ec91363fffff", "mode": "drive", "minutes": 10, "accessible_population": 389561, "accessible_demand": 446997.887, "reachable_cells": 61 }, "geometry": { "type": "Polygon", "coordinates": [ [ [ 28.785861917716367, 41.07978761327967 ], [ 28.779144275413138, 41.079362470929489 ], [ 28.775169568635199, 41.083452165935135 ], [ 28.76845152881112, 41.083026438930055 ], [ 28.764476064480029, 41.087115717332452 ], [ 28.767218944107736, 41.09163086500488 ], [ 28.763243026311791, 41.095719868892779 ], [ 28.765986117005252, 41.100234716202607 ], [ 28.76200974564664, 41.104323445391444 ], [ 28.764753047433317, 41.108837992180831 ], [ 28.760776222414194, 41.112926446486107 ], [ 28.763519735321491, 41.11744069259737 ], [ 28.759542456543993, 41.121528871834663 ], [ 28.762286180599393, 41.126042817110132 ], [ 28.769007544199354, 41.126468415157255 ], [ 28.771751840219224, 41.130981891472672 ], [ 28.778473471281487, 41.131406878243155 ], [ 28.781218339206671, 41.135919885412378 ], [ 28.787940237385293, 41.136344260786785 ], [ 28.79068567715651, 41.140856798623766 ], [ 28.797407842105347, 41.14128056248277 ], [ 28.800153853663225, 41.145792630801594 ], [ 28.806876285036026, 41.146215783026044 ], [ 28.810852039365223, 41.142126893164139 ], [ 28.817574071307025, 41.142549459997667 ], [ 28.821549066285336, 41.138460153125877 ], [ 28.828270698374645, 41.138882134726181 ], [ 28.832244933866246, 41.134792411089897 ], [ 28.838966165681768, 41.13521380761479 ], [ 28.842939641551038, 41.131123667459541 ], [ 28.849660472671736, 41.131544479066946 ], [ 28.853633188783295, 41.127453922638281 ], [ 28.850885380355233, 41.122942696342712 ], [ 28.854857643337144, 41.118851865557346 ], [ 28.852110047059305, 41.114340338063194 ], [ 28.856081857009375, 41.110249233105456 ], [ 28.853334472853987, 41.105737404570299 ], [ 28.857305829869929, 41.101646025624646 ], [ 28.854558657809196, 41.097133896206095 ], [ 28.85852956198876, 41.093042243457006 ], [ 28.855782601994893, 41.088529813312775 ], [ 28.849065096152021, 41.088108867213357 ], [ 28.846318706506544, 41.083595967772396 ], [ 28.839601464801827, 41.08317441068715 ], [ 28.836855645564658, 41.07866104213533 ], [ 28.830138668344102, 41.07823887418305 ], [ 28.827393419575071, 41.073725036706314 ], [ 28.820676707184518, 41.073302258005924 ], [ 28.817932028943332, 41.06878795179032 ], [ 28.811215581728511, 41.068364562460886 ], [ 28.807243148427247, 41.072455505804463 ], [ 28.800526302428885, 41.072031532292229 ], [ 28.796553111166073, 41.076122059768537 ], [ 28.789835866804811, 41.075697501916032 ], [ 28.785861917716367, 41.07978761327967 ] ] ] } },
{ "type": "Feature", "properties": { "candidate_id": "C06", "source_h3_cell": "881ec91363fffff", "mode": "drive", "minutes": 15, "accessible_population": 775952, "accessible_demand": 892263.921, "reachable_cells": 127 }, "geometry": { "type": "Polygon", "coordinates": [ [ [ 28.760224305366389, 41.069479327112703 ], [ 28.756248990502591, 41.073568737504864 ], [ 28.749531485632644, 41.073141789555393 ], [ 28.745555413736362, 41.07723078321709 ], [ 28.748297150272094, 41.081746867226592 ], [ 28.744320624859135, 41.085835586379972 ], [ 28.747062572207248, 41.090351370283074 ], [ 28.743085593179806, 41.094439814743502 ], [ 28.74582775136766, 41.0989552983823 ], [ 28.741850318627936, 41.1030434679652 ], [ 28.744592687682875, 41.107558651181854 ], [ 28.740614801132978, 41.111646545702747 ], [ 28.743357381082394, 41.116161428339517 ], [ 28.739379040624428, 41.12024904761396 ], [ 28.74212183149567, 41.124763629513176 ], [ 28.738143037031723, 41.128850973356812 ], [ 28.74088603885216, 41.133365254360911 ], [ 28.74760819647414, 41.133792023706462 ], [ 28.750351770630786, 41.138305835867293 ], [ 28.757074196608571, 41.138731993925553 ], [ 28.759818343042483, 41.143245337056847 ], [ 28.766541037030215, 41.143670883708126 ], [ 28.769285755682326, 41.148183757623777 ], [ 28.776008717333983, 41.148608692748532 ], [ 28.778754008145135, 41.153121097262471 ], [ 28.785477237114556, 41.153545420741338 ], [ 28.788223100025473, 41.158057355667616 ], [ 28.794946595966376, 41.15848106738131 ], [ 28.797693030917639, 41.162992532534076 ], [ 28.804416793483576, 41.163415632363453 ], [ 28.808393455361294, 41.159327293218873 ], [ 28.815116818445873, 41.159749807353911 ], [ 28.819092720723951, 41.15566105083672 ], [ 28.82581568390539, 41.156082979435105 ], [ 28.829790826447869, 41.151993805790688 ], [ 28.836513389304617, 41.152415149010181 ], [ 28.840487771975752, 41.148325558484018 ], [ 28.847209934086461, 41.148746316482573 ], [ 28.851183556750723, 41.14465630932019 ], [ 28.857905317694332, 41.145076482255817 ], [ 28.861878180216394, 41.140986058702836 ], [ 28.86859953957201, 41.141405646733716 ], [ 28.872571641816794, 41.1373148070358 ], [ 28.869822691860175, 41.132804520913353 ], [ 28.873794341029047, 41.128713406853045 ], [ 28.871045603475821, 41.124202819276555 ], [ 28.875016799666561, 41.120111431038133 ], [ 28.872268274488825, 41.115600542165041 ], [ 28.87623901779919, 41.11150887993287 ], [ 28.873490704969086, 41.106997689920725 ], [ 28.877460995496801, 41.102905753879242 ], [ 28.874712894986487, 41.09839426288562 ], [ 28.878682732829223, 41.094302053219316 ], [ 28.875934844610832, 41.089790261401902 ], [ 28.879904229866245, 41.085697778295327 ], [ 28.877156553911941, 41.081185685811896 ], [ 28.870439850462471, 41.080765907555616 ], [ 28.867692744483517, 41.07625334565995 ], [ 28.860976304280754, 41.07583295643056 ], [ 28.858229768337345, 41.071319925308416 ], [ 28.851513591727386, 41.070898925224483 ], [ 28.848767625879539, 41.066385425061689 ], [ 28.842051713208356, 41.065963814241911 ], [ 28.839306317516023, 41.061449845224416 ], [ 28.832590669129406, 41.061027623787616 ], [ 28.829845843652407, 41.056513186101462 ], [ 28.823130459896042, 41.056090354166599 ], [ 28.820386204694071, 41.051575447997934 ], [ 28.813671085913512, 41.051152005684102 ], [ 28.809699558257734, 41.055243496049798 ], [ 28.802984040743894, 41.054819469856717 ], [ 28.799011755374465, 41.058910544718451 ], [ 28.792295839547727, 41.058485934488615 ], [ 28.788322796600475, 41.062576593600923 ], [ 28.781606482881447, 41.062151399176969 ], [ 28.777632682492385, 41.066241642294514 ], [ 28.7709159713019, 41.065815863519148 ], [ 28.766941413607238, 41.069905690396617 ], [ 28.760224305366389, 41.069479327112703 ] ] ] } },
{ "type": "Feature", "properties": { "candidate_id": "C06", "source_h3_cell": "881ec91363fffff", "mode": "walk", "minutes": 5, "accessible_population": 6549, "accessible_demand": 7480.103, "reachable_cells": 1 }, "geometry": { "type": "Polygon", "coordinates": [ [ [ 28.805072594891392, 41.111385908851723 ], [ 28.802327429789059, 41.106872636089577 ], [ 28.806301675553556, 41.102782789006731 ], [ 28.813020781140168, 41.103206072688316 ], [ 28.81576630579119, 41.107719177102389 ], [ 28.811792365384349, 41.111809166188273 ], [ 28.805072594891392, 41.111385908851723 ] ] ] } },
{ "type": "Feature", "properties": { "candidate_id": "C06", "source_h3_cell": "881ec91363fffff", "mode": "walk", "minutes": 10, "accessible_population": 6549, "accessible_demand": 7480.103, "reachable_cells": 1 }, "geometry": { "type": "Polygon", "coordinates": [ [ [ 28.805072594891392, 41.111385908851723 ], [ 28.802327429789059, 41.106872636089577 ], [ 28.806301675553556, 41.102782789006731 ], [ 28.813020781140168, 41.103206072688316 ], [ 28.81576630579119, 41.107719177102389 ], [ 28.811792365384349, 41.111809166188273 ], [ 28.805072594891392, 41.111385908851723 ] ] ] } },
{ "type": "Feature", "properties": { "candidate_id": "C06", "source_h3_cell": "881ec91363fffff", "mode": "walk", "minutes": 15, "accessible_population": 46559, "accessible_demand": 53510.529, "reachable_cells": 7 }, "geometry": { "type": "Polygon", "coordinates": [ [ [ 28.807530514498179, 41.094179094102785 ], [ 28.80355672199611, 41.098269215527708 ], [ 28.796837882331555, 41.097845320836242 ], [ 28.792863331495845, 41.101935025849166 ], [ 28.795607925318468, 41.106448767618176 ], [ 28.791632921096248, 41.110538198107534 ], [ 28.79437772636469, 41.115051639129923 ], [ 28.801097895766702, 41.115475481408026 ], [ 28.803843272441512, 41.119988453295633 ], [ 28.810563707966221, 41.120411684313943 ], [ 28.81453810170688, 41.116321969757557 ], [ 28.821258137876157, 41.116744615840126 ], [ 28.825231772638904, 41.112654484818123 ], [ 28.822485676953928, 41.108141849654949 ], [ 28.826458858507095, 41.104051444284927 ], [ 28.823712974592617, 41.099538508306715 ], [ 28.816994268310985, 41.09911580925737 ], [ 28.814248955303864, 41.09460240415617 ], [ 28.807530514498179, 41.094179094102785 ] ] ] } },
{ "type": "Feature", "properties": { "candidate_id": "C07", "source_h3_cell": "881ec91017fffff", "mode": "drive", "minutes": 5, "accessible_population": 126631, "accessible_demand": 157808.082, "reachable_cells": 19 }, "geometry": { "type": "Polygon", "coordinates": [ [ [ 28.925072962434292, 41.053784635701945 ], [ 28.921107520523794, 41.057879321445476 ], [ 28.914393091417303, 41.05746184908525 ], [ 28.910426889690182, 41.061556121120326 ], [ 28.913175424915426, 41.066068006874765 ], [ 28.909208771170142, 41.070162006383967 ], [ 28.911957518926691, 41.074673591719915 ], [ 28.90799041306574, 41.07876731851848 ], [ 28.910739373381553, 41.083278603277996 ], [ 28.91745579643116, 41.08369599205006 ], [ 28.920205326227926, 41.088206806911103 ], [ 28.92692201059376, 41.088623584369039 ], [ 28.929672109810731, 41.093133929146262 ], [ 28.936389055146076, 41.093550095172276 ], [ 28.940355236216075, 41.089455944501609 ], [ 28.947071777104362, 41.089871527188635 ], [ 28.95103719733283, 41.085776962639663 ], [ 28.957753333355438, 41.086191962146806 ], [ 28.96171799260917, 41.08209698396584 ], [ 28.958966824983882, 41.077587147376818 ], [ 28.962931032454193, 41.073491896839492 ], [ 28.960180077934854, 41.068981759507835 ], [ 28.964143833719213, 41.064886236798905 ], [ 28.961393092277653, 41.060375798882518 ], [ 28.954678950629251, 41.059960714126859 ], [ 28.951928777794294, 41.055449806210667 ], [ 28.945214895928711, 41.055034110412393 ], [ 28.942465291761437, 41.050522732681664 ], [ 28.935751670025216, 41.050106425958418 ], [ 28.931786988064829, 41.054201525164224 ], [ 28.925072962434292, 41.053784635701945 ] ] ] } },
{ "type": "Feature", "properties": { "candidate_id": "C07", "source_h3_cell": "881ec91017fffff", "mode": "drive", "minutes": 10, "accessible_population": 405849, "accessible_demand": 504656.318, "reachable_cells": 61 }, "geometry": { "type": "Polygon", "coordinates": [ [ [ 28.912862408255371, 41.0443426325768 ], [ 28.906148904812721, 41.043924521603849 ], [ 28.902182847395959, 41.04801892454492 ], [ 28.895468941367525, 41.047600230660159 ], [ 28.891502124651048, 41.051694219764038 ], [ 28.894249521237523, 41.056207044246783 ], [ 28.890282252448607, 41.060300760831048 ], [ 28.89302986131398, 41.064813285151445 ], [ 28.889062140355094, 41.068906729031248 ], [ 28.891809961527251, 41.073418953031286 ], [ 28.887841788300857, 41.077512124021816 ], [ 28.890589821807691, 41.082024047543541 ], [ 28.886621196216218, 41.086116945460077 ], [ 28.889369442085602, 41.090628568345643 ], [ 28.896086670989686, 41.091047124300559 ], [ 28.898835486713757, 41.095558277402674 ], [ 28.905552977825455, 41.095976222029606 ], [ 28.908302363343683, 41.100486905162846 ], [ 28.915020116316363, 41.100904238343745 ], [ 28.91777007156815, 41.105414451322744 ], [ 28.924488086055014, 41.105831172939716 ], [ 28.927238610979593, 41.110340915579208 ], [ 28.933956886633752, 41.110757025514516 ], [ 28.937923972063626, 41.106663420837052 ], [ 28.944641843216957, 41.107078947129793 ], [ 28.948608167555111, 41.10298492821078 ], [ 28.955325633788696, 41.103399871020073 ], [ 28.959291196901791, 41.09930543810578 ], [ 28.966008257796986, 41.099719797590879 ], [ 28.969973059551929, 41.095624950927636 ], [ 28.97668971469027, 41.096038727247873 ], [ 28.980653754954236, 41.091943467082118 ], [ 28.977901449795073, 41.08743457155979 ], [ 28.981865038331129, 41.083339039031728 ], [ 28.979112946530101, 41.078829842511006 ], [ 28.983076083435719, 41.074734037805278 ], [ 28.980324204964582, 41.070224540443952 ], [ 28.984286890337199, 41.066128463745329 ], [ 28.981535225167761, 41.061618665701246 ], [ 28.985497459104796, 41.057522317194497 ], [ 28.982746007208807, 41.053012218625589 ], [ 28.976032676383095, 41.052598298841041 ], [ 28.973281792719263, 41.048087730158059 ], [ 28.966568720786388, 41.047673199345901 ], [ 28.963818405415982, 41.043162160734006 ], [ 28.957105592722595, 41.042747019011649 ], [ 28.954355845706804, 41.038235510656094 ], [ 28.947643292599412, 41.037819758141062 ], [ 28.944894113999286, 41.033307780227233 ], [ 28.938181820824258, 41.032891417037142 ], [ 28.934218042108743, 41.036987060012898 ], [ 28.927505345093014, 41.036570114387402 ], [ 28.92354080667695, 41.040665344264468 ], [ 28.916827706238596, 41.040247816044641 ], [ 28.912862408255371, 41.0443426325768 ] ] ] } },
{ "type": "Feature", "properties": { "candidate_id": "C07", "source_h3_cell": "881ec91017fffff", "mode": "drive", "minutes": 15, "accessible_population": 843811, "accessible_demand": 1047257.859, "reachable_cells": 127 }, "geometry": { "type": "Polygon", "coordinates": [ [ [ 28.887228169790919, 41.034060088390504 ], [ 28.883261498010246, 41.038154208259087 ], [ 28.876548116444081, 41.037734293322821 ], [ 28.872580685880838, 41.041827999225731 ], [ 28.875326943587034, 41.046341761693867 ], [ 28.871359060897383, 41.05043519508353 ], [ 28.874105530630061, 41.054948657645653 ], [ 28.870137195716513, 41.059041818337128 ], [ 28.872883877503476, 41.063554980835129 ], [ 28.868915090268477, 41.067647868643562 ], [ 28.871661984137528, 41.072160730919371 ], [ 28.867692744483517, 41.07625334565995 ], [ 28.870439850462471, 41.080765907555616 ], [ 28.866470158291854, 41.084858249043592 ], [ 28.869217476408512, 41.089370510401217 ], [ 28.86524733162366, 41.093462578451948 ], [ 28.867994861905835, 41.0979745391137 ], [ 28.874712894986487, 41.09839426288562 ], [ 28.877460995496801, 41.102905753879242 ], [ 28.884179291676801, 41.103324866309755 ], [ 28.88692796235496, 41.107835887449681 ], [ 28.893646521287764, 41.108254388420541 ], [ 28.896395762073361, 41.112764939521306 ], [ 28.903114583412275, 41.113182828914361 ], [ 28.905864394244812, 41.117692909790605 ], [ 28.912583477643029, 41.118110187487872 ], [ 28.915333858461842, 41.122619797954314 ], [ 28.922053203572389, 41.123036463837934 ], [ 28.924804154316742, 41.1275456037094 ], [ 28.931523760792516, 41.12796165766165 ], [ 28.935491750972741, 41.123868599715301 ], [ 28.942210952893941, 41.124284069721462 ], [ 28.946178181732094, 41.120190597170421 ], [ 28.952896978679533, 41.120605483389596 ], [ 28.956863446042217, 41.116511596480116 ], [ 28.963581837596944, 41.116925899071525 ], [ 28.967547543350936, 41.112831598049901 ], [ 28.974265529094207, 41.11324531717289 ], [ 28.978230473106507, 41.109150602285503 ], [ 28.984948052619835, 41.109563738099538 ], [ 28.988912234757684, 41.105468609592833 ], [ 28.995629407622786, 41.105881162257496 ], [ 28.999592827753599, 41.10178562037801 ], [ 28.996839385306277, 41.097277666661945 ], [ 29.000802353765039, 41.093181852414276 ], [ 28.998049124928002, 41.088673597444249 ], [ 29.002011641812185, 41.084577511013002 ], [ 28.99925862655715, 41.080068954946668 ], [ 29.003220691964199, 41.075972596516507 ], [ 29.000467890262843, 41.071463739511607 ], [ 29.004429504290197, 41.067367109267252 ], [ 29.001676916114224, 41.062857951481647 ], [ 29.005638078859253, 41.058761049607895 ], [ 29.002885704180358, 41.054251591199467 ], [ 29.00684641574043, 41.050154417881181 ], [ 29.004094254530347, 41.045644659007898 ], [ 28.997381736197365, 41.045231903556505 ], [ 28.994630142844713, 41.040721674455121 ], [ 28.987917882514932, 41.040308307991573 ], [ 28.9851668570812, 41.035797608847162 ], [ 28.978454855101365, 41.035383631488635 ], [ 28.975704397647974, 41.030872462486343 ], [ 28.96899265436468, 41.030457874350141 ], [ 28.966242764952909, 41.0259462356752 ], [ 28.959531280712614, 41.025531036878753 ], [ 28.956781959403614, 41.021018928716551 ], [ 28.950070734552661, 41.020603119377398 ], [ 28.947321981407466, 41.016090541913393 ], [ 28.940611016292046, 41.015674122149235 ], [ 28.936648140431924, 41.01977030815469 ], [ 28.929936771529448, 41.019353306258779 ], [ 28.925973136218239, 41.023449079529279 ], [ 28.919261363946514, 41.023031495342671 ], [ 28.915296969317481, 41.027126855631934 ], [ 28.908584794094548, 41.026708688995818 ], [ 28.904619640281187, 41.030803636057641 ], [ 28.897907062525281, 41.030384886813337 ], [ 28.893941149661313, 41.03447942040156 ], [ 28.887228169790919, 41.034060088390504 ] ] ] } },
{ "type": "Feature", "properties": { "candidate_id": "C07", "source_h3_cell": "881ec91017fffff", "mode": "walk", "minutes": 5, "accessible_population": 6452, "accessible_demand": 7932.299, "reachable_cells": 1 }, "geometry": { "type": "Polygon", "coordinates": [ [ [ 28.932104651366579, 41.075924647147829 ], [ 28.929354977745035, 41.071413700863808 ], [ 28.933320563340015, 41.067319146167591 ], [ 28.940035514139272, 41.067735396531354 ], [ 28.942785543985941, 41.072246173446722 ], [ 28.938820266885621, 41.076340869372146 ], [ 28.932104651366579, 41.075924647147829 ] ] ] } },
{ "type": "Feature", "properties": { "candidate_id": "C07", "source_h3_cell": "881ec91017fffff", "mode": "walk", "minutes": 10, "accessible_population": 6452, "accessible_demand": 7932.299, "reachable_cells": 1 }, "geometry": { "type": "Polygon", "coordinates": [ [ [ 28.932104651366579, 41.075924647147829 ], [ 28.929354977745035, 41.071413700863808 ], [ 28.933320563340015, 41.067319146167591 ], [ 28.940035514139272, 41.067735396531354 ], [ 28.942785543985941, 41.072246173446722 ], [ 28.938820266885621, 41.076340869372146 ], [ 28.932104651366579, 41.075924647147829 ] ] ] } },
{ "type": "Feature", "properties": { "candidate_id": "C07", "source_h3_cell": "881ec91017fffff", "mode": "walk", "minutes": 15, "accessible_population": 46944, "accessible_demand": 58695.133, "reachable_cells": 7 }, "geometry": { "type": "Polygon", "coordinates": [ [ [ 28.934536236203083, 41.058713072323521 ], [ 28.93057110247414, 41.062807899366952 ], [ 28.923856412348023, 41.062391037946028 ], [ 28.919890518544129, 41.066485451345436 ], [ 28.922639622997874, 41.070996867457396 ], [ 28.918673277203091, 41.07509100832786 ], [ 28.921422594314357, 41.079602123893288 ], [ 28.928138613808063, 41.080018929312033 ], [ 28.930888500213317, 41.084529574921568 ], [ 28.937604780577715, 41.084945769033283 ], [ 28.941570509614113, 41.080851345642898 ], [ 28.948286385558347, 41.081266956567411 ], [ 28.952251353878271, 41.077172119480387 ], [ 28.949500755111739, 41.072661812635609 ], [ 28.953465271620626, 41.068566703195245 ], [ 28.950714885833943, 41.064056095735786 ], [ 28.944000339401011, 41.063640428255638 ], [ 28.941250522408072, 41.059129350853603 ], [ 28.934536236203083, 41.058713072323521 ] ] ] } },
{ "type": "Feature", "properties": { "candidate_id": "C08", "source_h3_cell": "881ec98dd5fffff", "mode": "drive", "minutes": 5, "accessible_population": 105530, "accessible_demand": 132915.386, "reachable_cells": 19 }, "geometry": { "type": "Polygon", "coordinates": [ [ [ 29.033861441076571, 41.147260814961328 ], [ 29.029897909379589, 41.151356101209323 ], [ 29.023177707369438, 41.150946085258902 ], [ 29.019213412256534, 41.155040957849671 ], [ 29.021969630542525, 41.159545986926332 ], [ 29.018004883354113, 41.163640586218946 ], [ 29.020761315799259, 41.168145312715183 ], [ 29.016796116437675, 41.172239638525546 ], [ 29.019552763070422, 41.176744062284399 ], [ 29.026274964078052, 41.177153990477173 ], [ 29.029032179960378, 41.181657941610617 ], [ 29.035754638506141, 41.182067256585796 ], [ 29.038512423575899, 41.186570734909843 ], [ 29.045235139311036, 41.186979436551319 ], [ 29.049199403244184, 41.182884689338415 ], [ 29.05592170906748, 41.183292807129519 ], [ 29.059885208558718, 41.179197646092383 ], [ 29.066607104052046, 41.179605180193583 ], [ 29.070569838969771, 41.175509605579087 ], [ 29.067810991083576, 41.171006637137296 ], [ 29.07177327416586, 41.166910789395729 ], [ 29.069014641012984, 41.162407518051197 ], [ 29.072976472357418, 41.15831139736661 ], [ 29.070218053909219, 41.153807823276274 ], [ 29.063498157829525, 41.153400199758984 ], [ 29.060740307750418, 41.148896152943593 ], [ 29.054020667674035, 41.148487916483845 ], [ 29.051263386026466, 41.143983397127315 ], [ 29.044544002301961, 41.143574547841041 ], [ 29.040581234152825, 41.147670247499555 ], [ 29.033861441076571, 41.147260814961328 ] ] ] } },
{ "type": "Feature", "properties": { "candidate_id": "C08", "source_h3_cell": "881ec98dd5fffff", "mode": "drive", "minutes": 10, "accessible_population": 271395, "accessible_demand": 340209.538, "reachable_cells": 53 }, "geometry": { "type": "Polygon", "coordinates": [ [ [ 29.021629756296139, 41.137839974287758 ], [ 29.014910477860901, 41.137429316428026 ], [ 29.010946323573968, 41.141524321521729 ], [ 29.004226637097222, 41.141113080233168 ], [ 29.000261719910384, 41.145207671539346 ], [ 29.00301680001655, 41.149713644805189 ], [ 28.999051430697861, 41.153807962818533 ], [ 29.001806724710562, 41.158313633758617 ], [ 28.997840903162356, 41.162407678294997 ], [ 29.00059641110996, 41.166913046752278 ], [ 28.996630137234547, 41.171006817627585 ], [ 28.999385859145406, 41.175511883445068 ], [ 28.99541913284509, 41.17960538047528 ], [ 28.998175068747596, 41.184110143496078 ], [ 29.004898086536393, 41.184521239904072 ], [ 29.007654592065272, 41.189025530413275 ], [ 29.014377868285756, 41.189436013587056 ], [ 29.017134943379048, 41.193939831400584 ], [ 29.023858477682555, 41.194349701223771 ], [ 29.026616122278256, 41.198853046157609 ], [ 29.033339914315992, 41.199262302513979 ], [ 29.036098128351931, 41.20376517438423 ], [ 29.042822177775005, 41.204173817157695 ], [ 29.046787346177283, 41.200079617476256 ], [ 29.053510985631586, 41.200487676095868 ], [ 29.057475389339384, 41.196393062227465 ], [ 29.06419861840654, 41.196800536853686 ], [ 29.06816225728814, 41.192705509045126 ], [ 29.07488507554995, 41.193112399838547 ], [ 29.078847949473936, 41.189016958336708 ], [ 29.07608831814068, 41.184514766244867 ], [ 29.080050740160292, 41.18041905142951 ], [ 29.077291323715251, 41.175916556150987 ], [ 29.081253293928139, 41.171820568206037 ], [ 29.07849409234262, 41.167317769897622 ], [ 29.07177327416586, 41.166910789395729 ], [ 29.069014641012984, 41.162407518051197 ], [ 29.072976472357418, 41.15831139736661 ], [ 29.070218053909219, 41.153807823276274 ], [ 29.074179433613399, 41.149711429832728 ], [ 29.071421229841253, 41.145207553153597 ], [ 29.075382158002743, 41.141110887135284 ], [ 29.072624168877994, 41.136606708024445 ], [ 29.065905605109741, 41.136199024760813 ], [ 29.06314818410187, 41.131694373179585 ], [ 29.056429876141955, 41.13128607722286 ], [ 29.053673023313408, 41.126780953355244 ], [ 29.046954971510189, 41.126372044821409 ], [ 29.042993106715457, 41.13046828979757 ], [ 29.036274645617226, 41.130058798315325 ], [ 29.032312017526564, 41.134154630244076 ], [ 29.025593147550929, 41.133744555653173 ], [ 29.021629756296139, 41.137839974287758 ] ] ] } },
{ "type": "Feature", "properties": { "candidate_id": "C08", "source_h3_cell": "881ec98dd5fffff", "mode": "drive", "minutes": 15, "accessible_population": 490996, "accessible_demand": 615274.846, "reachable_cells": 107 }, "geometry": { "type": "Polygon", "coordinates": [ [ [ 28.984067279521902, 41.139876964198493 ], [ 28.980101289218272, 41.143971000661651 ], [ 28.982855444551344, 41.148477615308245 ], [ 28.978889001962205, 41.152571378299776 ], [ 28.981643370977448, 41.157077690718317 ], [ 28.977676476005122, 41.161171180054069 ], [ 28.98043105873084, 41.16567719008745 ], [ 28.976463711277585, 41.169770405583328 ], [ 28.979218507742086, 41.174276113074555 ], [ 28.97525070771017, 41.178369054546543 ], [ 28.978005717941738, 41.182874459338656 ], [ 28.97403746523338, 41.186967126602809 ], [ 28.976792689260336, 41.191472228538963 ], [ 28.983516522154304, 41.191884493801759 ], [ 28.98627231618412, 41.196389123340438 ], [ 28.982303921218517, 41.200481657006186 ], [ 28.985059929198599, 41.204985983405003 ], [ 28.991784688212903, 41.205397606701347 ], [ 28.994541266260697, 41.209901460391364 ], [ 29.001266284350489, 41.210312470196094 ], [ 29.004023432404175, 41.214815850993254 ], [ 29.010748709220707, 41.215226247189911 ], [ 29.013506427218335, 41.219729154910254 ], [ 29.020231962412666, 41.220138937382565 ], [ 29.02299025029221, 41.22464137184221 ], [ 29.029716043515272, 41.225050540473958 ], [ 29.03247490121456, 41.229552501489138 ], [ 29.039200952117152, 41.229961056164328 ], [ 29.043167477956427, 41.225867679158178 ], [ 29.049893118804967, 41.226275649224334 ], [ 29.053858879570701, 41.222181857487328 ], [ 29.06058410994634, 41.222589243104899 ], [ 29.064549105506661, 41.21849503688378 ], [ 29.071273924990795, 41.218901838213341 ], [ 29.075238155214056, 41.214807217754945 ], [ 29.07247787904404, 41.210305936163124 ], [ 29.076441657069807, 41.206211041839836 ], [ 29.073681595874081, 41.201709456591438 ], [ 29.077644921800093, 41.197614288586976 ], [ 29.07488507554995, 41.193112399838547 ], [ 29.078847949473936, 41.189016958336708 ], [ 29.07608831814068, 41.184514766244867 ], [ 29.080050740160292, 41.18041905142951 ], [ 29.077291323715251, 41.175916556150987 ], [ 29.081253293928139, 41.171820568206037 ], [ 29.07849409234262, 41.167317769897622 ], [ 29.07177327416586, 41.166910789395729 ], [ 29.069014641012984, 41.162407518051197 ], [ 29.072976472357418, 41.15831139736661 ], [ 29.070218053909219, 41.153807823276274 ], [ 29.074179433613399, 41.149711429832728 ], [ 29.071421229841253, 41.145207553153597 ], [ 29.075382158002743, 41.141110887135284 ], [ 29.072624168877994, 41.136606708024445 ], [ 29.076584645594316, 41.132509769615574 ], [ 29.07382687108835, 41.128005288230163 ], [ 29.077786896456999, 41.123908077615063 ], [ 29.075029336541192, 41.119403294112331 ], [ 29.068312104579899, 41.118995550994043 ], [ 29.065555112528919, 41.114490295275807 ], [ 29.058838136181141, 41.11408193971382 ], [ 29.056081712057427, 41.109576211964217 ], [ 29.049364991671357, 41.109167244074563 ], [ 29.045404029840952, 41.113264033631005 ], [ 29.038686900216636, 41.112854483096527 ], [ 29.034725175342111, 41.116950859968782 ], [ 29.028007636896891, 41.116540726629196 ], [ 29.024045149109924, 41.120636690570464 ], [ 29.017327202261324, 41.120225974265622 ], [ 29.013363951693783, 41.124321525029153 ], [ 29.006645596859585, 41.123910225599005 ], [ 29.002681583643589, 41.128005362938111 ], [ 28.99596282124179, 41.127593480222757 ], [ 28.991998045509643, 41.131688203890853 ], [ 28.985278875958482, 41.131275737730462 ], [ 28.981313337842721, 41.135370047481018 ], [ 28.984067279521902, 41.139876964198493 ] ] ] } },
{ "type": "Feature", "properties": { "candidate_id": "C08", "source_h3_cell": "881ec98dd5fffff", "mode": "walk", "minutes": 5, "accessible_population": 5752, "accessible_demand": 7174.219, "reachable_cells": 1 }, "geometry": { "type": "Polygon", "coordinates": [ [ [ 29.040925767818411, 41.169373988156117 ], [ 29.038168411600665, 41.164869904005364 ], [ 29.042132083494511, 41.160774750401352 ], [ 29.048852799644717, 41.161183540548379 ], [ 29.051610510225533, 41.165687454765369 ], [ 29.047647150370718, 41.169782748774153 ], [ 29.040925767818411, 41.169373988156117 ] ] ] } },
{ "type": "Feature", "properties": { "candidate_id": "C08", "source_h3_cell": "881ec98dd5fffff", "mode": "walk", "minutes": 10, "accessible_population": 5752, "accessible_demand": 7174.219, "reachable_cells": 1 }, "geometry": { "type": "Polygon", "coordinates": [ [ [ 29.040925767818411, 41.169373988156117 ], [ 29.038168411600665, 41.164869904005364 ], [ 29.042132083494511, 41.160774750401352 ], [ 29.048852799644717, 41.161183540548379 ], [ 29.051610510225533, 41.165687454765369 ], [ 29.047647150370718, 41.169782748774153 ], [ 29.040925767818411, 41.169373988156117 ] ] ] } },
{ "type": "Feature", "properties": { "candidate_id": "C08", "source_h3_cell": "881ec98dd5fffff", "mode": "walk", "minutes": 15, "accessible_population": 40942, "accessible_demand": 51806.221, "reachable_cells": 7 }, "geometry": { "type": "Polygon", "coordinates": [ [ [ 29.043338161632665, 41.152174936849285 ], [ 29.039374941659986, 41.156270363572595 ], [ 29.032654482405572, 41.155860960465787 ], [ 29.028690498759044, 41.159955973597114 ], [ 29.031447286041988, 41.164460530302868 ], [ 29.027482850348253, 41.168555270133403 ], [ 29.03023985191664, 41.173059524131453 ], [ 29.036961643905762, 41.173468868456744 ], [ 29.039719214535253, 41.177972649772556 ], [ 29.046441263615865, 41.178381380888759 ], [ 29.050405075460997, 41.174286360185917 ], [ 29.057126714658235, 41.17469450760349 ], [ 29.061089762187702, 41.170599073257861 ], [ 29.058331482922945, 41.166095631836548 ], [ 29.062294078588312, 41.161999924366405 ], [ 29.059536013930686, 41.157496180169559 ], [ 29.052815707606872, 41.15708797341766 ], [ 29.050058211506961, 41.152583756552374 ], [ 29.043338161632665, 41.152174936849285 ] ] ] } },
{ "type": "Feature", "properties": { "candidate_id": "C09", "source_h3_cell": "881ec90349fffff", "mode": "drive", "minutes": 5, "accessible_population": 124505, "accessible_demand": 152757.628, "reachable_cells": 19 }, "geometry": { "type": "Polygon", "coordinates": [ [ [ 28.895761856179362, 40.973790102241956 ], [ 28.891798345685775, 40.977886123246179 ], [ 28.885089609495715, 40.977466015834416 ], [ 28.88112534108966, 40.981561624146245 ], [ 28.88387011538849, 40.986077481522187 ], [ 28.879905395537733, 40.990172818617211 ], [ 28.882650381668551, 40.99468837719624 ], [ 28.87868521027579, 40.998783442889021 ], [ 28.881430408266397, 41.003298702512488 ], [ 28.888141134581005, 41.003718727274446 ], [ 28.890886901411424, 41.008233518639891 ], [ 28.897597889733778, 41.00865293343557 ], [ 28.900344225343776, 41.013167256356958 ], [ 28.907055475328335, 41.01358606106789 ], [ 28.911019725927851, 41.00949057062568 ], [ 28.917730573432287, 41.009908793032068 ], [ 28.921694065096592, 41.005812889726172 ], [ 28.928404509702926, 41.006230529986716 ], [ 28.932367242298639, 41.002134214063382 ], [ 28.92961983809742, 40.997620399271675 ], [ 28.933582119481333, 40.993523812299827 ], [ 28.930834927685797, 40.989009698385885 ], [ 28.934796757955144, 40.984912840550898 ], [ 28.932049778537344, 40.980398427673364 ], [ 28.925341324489871, 40.979980703101305 ], [ 28.922594913040818, 40.975465821864383 ], [ 28.915886719470894, 40.975047487596527 ], [ 28.91314087605118, 40.970532138186201 ], [ 28.906432943304171, 40.970113194340826 ], [ 28.902470190856747, 40.974209627791282 ], [ 28.895761856179362, 40.973790102241956 ] ] ] } },
{ "type": "Feature", "properties": { "candidate_id": "C09", "source_h3_cell": "881ec90349fffff", "mode": "drive", "minutes": 10, "accessible_population": 404165, "accessible_demand": 498244.435, "reachable_cells": 61 }, "geometry": { "type": "Polygon", "coordinates": [ [ [ 28.8835645133416, 40.964337525983773 ], [ 28.876856702233422, 40.963916781621627 ], [ 28.872892578894682, 40.968012519236211 ], [ 28.866184367161793, 40.967591192998697 ], [ 28.86221948642677, 40.971686517792826 ], [ 28.864963123369524, 40.97620331061183 ], [ 28.860997791136143, 40.980298364196116 ], [ 28.863741639659004, 40.984814858475495 ], [ 28.859775855830001, 40.988909640664431 ], [ 28.862519915960668, 40.993425836245393 ], [ 28.85855368043871, 40.997520346853612 ], [ 28.861297952204893, 41.00203624357745 ], [ 28.857331264892629, 41.006130482419564 ], [ 28.860075748322039, 41.010646080127657 ], [ 28.866787276563677, 41.011067270000424 ], [ 28.869532329205136, 41.01558239956583 ], [ 28.876244120343678, 41.016002979459373 ], [ 28.878989742137158, 41.02051764069595 ], [ 28.885701795827128, 41.020937610491586 ], [ 28.888447986712482, 41.025451803213294 ], [ 28.895160302608296, 41.02587116279247 ], [ 28.897907062525281, 41.030384886813337 ], [ 28.904619640281187, 41.030803636057641 ], [ 28.908584794094548, 41.026708688995818 ], [ 28.915296969317481, 41.027126855631934 ], [ 28.919261363946514, 41.023031495342671 ], [ 28.925973136218239, 41.023449079529279 ], [ 28.929936771529448, 41.019353306258779 ], [ 28.936648140431924, 41.01977030815469 ], [ 28.940611016292046, 41.015674122149235 ], [ 28.947321981407466, 41.016090541913393 ], [ 28.951284097683441, 41.01199394341932 ], [ 28.948535557223661, 41.007481066417753 ], [ 28.952497222342668, 41.003384196868502 ], [ 28.94974889454021, 40.99887102048784 ], [ 28.953710108599505, 40.994773880068671 ], [ 28.950961993426372, 40.990260404467435 ], [ 28.954922756523182, 40.98616299336372 ], [ 28.952174853951313, 40.981649218700561 ], [ 28.95613516618284, 40.977551537097703 ], [ 28.953387476184194, 40.973037463531305 ], [ 28.946679829025182, 40.972620901863337 ], [ 28.943932706622345, 40.968106359822983 ], [ 28.937225319053113, 40.967689188473287 ], [ 28.934478764306885, 40.963174178144847 ], [ 28.927771636672905, 40.96275639723148 ], [ 28.925025649643953, 40.958240918800904 ], [ 28.918318782290562, 40.957822528442037 ], [ 28.915573363039456, 40.953306582095408 ], [ 28.908866756311841, 40.95288758240936 ], [ 28.904904905965225, 40.956984557008795 ], [ 28.898197897359907, 40.956564975922511 ], [ 28.894235289215597, 40.960661538439822 ], [ 28.887527879150017, 40.960241375794773 ], [ 28.8835645133416, 40.964337525983773 ] ] ] } },
{ "type": "Feature", "properties": { "candidate_id": "C09", "source_h3_cell": "881ec90349fffff", "mode": "drive", "minutes": 15, "accessible_population": 842219, "accessible_demand": 1037543.204, "reachable_cells": 127 }, "geometry": { "type": "Polygon", "coordinates": [ [ [ 28.857954871080576, 40.954039153859078 ], [ 28.853990136036295, 40.95813460781384 ], [ 28.847282450140064, 40.957712063226218 ], [ 28.843316958215901, 40.961807104232683 ], [ 28.846059457562983, 40.966324831749098 ], [ 28.842093514087175, 40.970419601552813 ], [ 28.844836224762478, 40.974937030787018 ], [ 28.840869829637747, 40.979031529202409 ], [ 28.84361275166891, 40.98354865999552 ], [ 28.839645904797933, 40.987642886837115 ], [ 28.842389038212559, 40.99215971903034 ], [ 28.838421739497992, 40.996253674112694 ], [ 28.841165084323695, 41.000770207547276 ], [ 28.837197333668165, 41.004863890685066 ], [ 28.839940889932588, 41.009380125202362 ], [ 28.835972687238698, 41.013473536210299 ], [ 28.838716454969461, 41.017989471651717 ], [ 28.845428783462836, 41.018411827267734 ], [ 28.848173120777595, 41.022927294682077 ], [ 28.854885713057353, 41.023349040306385 ], [ 28.857630619896309, 41.027864039507385 ], [ 28.864343475617083, 41.02828517502109 ], [ 28.867088951920319, 41.032799705822583 ], [ 28.873802070736591, 41.033220231106888 ], [ 28.876548116444081, 41.037734293322821 ], [ 28.883261498010246, 41.038154208259087 ], [ 28.886008113061845, 41.04266780170348 ], [ 28.892721757032081, 41.043087106173175 ], [ 28.895468941367525, 41.047600230660159 ], [ 28.902182847395959, 41.04801892454492 ], [ 28.906148904812721, 41.043924521603849 ], [ 28.912862408255371, 41.0443426325768 ], [ 28.916827706238596, 41.040247816044641 ], [ 28.92354080667695, 41.040665344264468 ], [ 28.927505345093014, 41.036570114387402 ], [ 28.934218042108743, 41.036987060012898 ], [ 28.938181820824258, 41.032891417037142 ], [ 28.944894113999286, 41.033307780227233 ], [ 28.948857132881066, 41.029211724399133 ], [ 28.955569021797533, 41.029627505312817 ], [ 28.959531280712614, 41.025531036878753 ], [ 28.966242764952909, 41.0259462356752 ], [ 28.970204263768519, 41.021849354881617 ], [ 28.967454587293858, 41.017337416412559 ], [ 28.97141563500772, 41.013240264557204 ], [ 28.968666171442045, 41.008728026452353 ], [ 28.97262676815139, 41.004630603720443 ], [ 28.969877517466593, 41.000118066138242 ], [ 28.973837663268661, 40.996020372715051 ], [ 28.971088625436607, 40.991507535814023 ], [ 28.975048320428609, 40.987409571884875 ], [ 28.972299495421197, 40.982896435823605 ], [ 28.976258739700285, 40.978798201573944 ], [ 28.973510127489408, 40.97428476651109 ], [ 28.977468921152717, 40.970186262126383 ], [ 28.974720521710264, 40.965672528220701 ], [ 28.968013683107152, 40.965257128820589 ], [ 28.965265850887295, 40.960742926326638 ], [ 28.958559270986566, 40.960326917259309 ], [ 28.955812006050301, 40.955812246362839 ], [ 28.949105685197509, 40.955395627746142 ], [ 28.946358987605752, 40.950880488633018 ], [ 28.939652926146309, 40.950463260584883 ], [ 28.936906795959842, 40.94594765344106 ], [ 28.930200994239062, 40.945529816079585 ], [ 28.927455431518556, 40.941013741091105 ], [ 28.920749889881566, 40.940595294534496 ], [ 28.918004894687591, 40.936078751887514 ], [ 28.9112996134794, 40.935659696254135 ], [ 28.907338664845, 40.939757211259895 ], [ 28.900632981811832, 40.939337574529972 ], [ 28.896671275628091, 40.943434677817841 ], [ 28.889965191187091, 40.943014459832902 ], [ 28.886002727587496, 40.947111151156626 ], [ 28.879296242156027, 40.946690351758306 ], [ 28.875333021274244, 40.950786630871761 ], [ 28.868626135269956, 40.950365249901758 ], [ 28.864662157239867, 40.954461116558875 ], [ 28.857954871080576, 40.954039153859078 ] ] ] } },
{ "type": "Feature", "properties": { "candidate_id": "C09", "source_h3_cell": "881ec90349fffff", "mode": "walk", "minutes": 5, "accessible_population": 6452, "accessible_demand": 7824.064, "reachable_cells": 1 }, "geometry": { "type": "Polygon", "coordinates": [ [ [ 28.902780430379114, 40.995947342039351 ], [ 28.900034518964699, 40.991432420851417 ], [ 28.903998173901787, 40.987336529292079 ], [ 28.91070743316839, 40.98775541740352 ], [ 28.913453700868256, 40.992270169242218 ], [ 28.909490353093211, 40.996366202323891 ], [ 28.902780430379114, 40.995947342039351 ] ] ] } },
{ "type": "Feature", "properties": { "candidate_id": "C09", "source_h3_cell": "881ec90349fffff", "mode": "walk", "minutes": 10, "accessible_population": 6452, "accessible_demand": 7824.064, "reachable_cells": 1 }, "geometry": { "type": "Polygon", "coordinates": [ [ [ 28.902780430379114, 40.995947342039351 ], [ 28.900034518964699, 40.991432420851417 ], [ 28.903998173901787, 40.987336529292079 ], [ 28.91070743316839, 40.98775541740352 ], [ 28.913453700868256, 40.992270169242218 ], [ 28.909490353093211, 40.996366202323891 ], [ 28.902780430379114, 40.995947342039351 ] ] ] } },
{ "type": "Feature", "properties": { "candidate_id": "C09", "source_h3_cell": "881ec90349fffff", "mode": "walk", "minutes": 15, "accessible_population": 45785, "accessible_demand": 56075.972, "reachable_cells": 7 }, "geometry": { "type": "Polygon", "coordinates": [ [ [ 28.905215678186998, 40.978725146611168 ], [ 28.901252474543373, 40.982821309208795 ], [ 28.894543476642394, 40.98240181138793 ], [ 28.89057951482831, 40.986497561357325 ], [ 28.893324857715058, 40.991012950732326 ], [ 28.889360444483227, 40.995108429481434 ], [ 28.892105999327896, 40.999623519930964 ], [ 28.898816324051317, 41.000042962374991 ], [ 28.901562447549605, 41.004557584508937 ], [ 28.908273033836338, 41.004976416993316 ], [ 28.912236832974962, 41.000880655138729 ], [ 28.918947016808001, 41.001298905470385 ], [ 28.922910057135915, 40.997202730934028 ], [ 28.920163221155097, 40.992688447525872 ], [ 28.924125810243897, 40.988592001944411 ], [ 28.921379186542918, 40.984077419542523 ], [ 28.914670329677108, 40.983659113280119 ], [ 28.911924274131266, 40.979144062576232 ], [ 28.905215678186998, 40.978725146611168 ] ] ] } },
{ "type": "Feature", "properties": { "candidate_id": "C10", "source_h3_cell": "881ec911c1fffff", "mode": "drive", "minutes": 5, "accessible_population": 127549, "accessible_demand": 157989.472, "reachable_cells": 19 }, "geometry": { "type": "Polygon", "coordinates": [ [ [ 28.888447986712482, 41.025451803213294 ], [ 28.884481766836352, 41.029546195228299 ], [ 28.877769049270913, 41.02912625287572 ], [ 28.873802070736591, 41.033220231106888 ], [ 28.876548116444081, 41.037734293322821 ], [ 28.872580685880838, 41.041827999225731 ], [ 28.875326943587034, 41.046341761693867 ], [ 28.871359060897383, 41.05043519508353 ], [ 28.874105530630061, 41.054948657645653 ], [ 28.880820240573488, 41.055368517829585 ], [ 28.883567279902646, 41.059881511363734 ], [ 28.890282252448607, 41.060300760831048 ], [ 28.89302986131398, 41.064813285151445 ], [ 28.899745096116355, 41.065231923783813 ], [ 28.903712057526334, 41.061138065703354 ], [ 28.910426889690182, 41.061556121120326 ], [ 28.914393091417303, 41.05746184908525 ], [ 28.921107520523794, 41.057879321445476 ], [ 28.925072962434292, 41.053784635701945 ], [ 28.922324283211562, 41.049272618970832 ], [ 28.926289273326134, 41.045177661068045 ], [ 28.92354080667695, 41.040665344264468 ], [ 28.927505345093014, 41.036570114387402 ], [ 28.924757090989367, 41.032057497669527 ], [ 28.918044654696988, 41.031639941479696 ], [ 28.915296969317481, 41.027126855631934 ], [ 28.908584794094548, 41.026708688995818 ], [ 28.905837677499779, 41.022195134203855 ], [ 28.899125763692172, 41.021776357239624 ], [ 28.895160302608296, 41.02587116279247 ], [ 28.888447986712482, 41.025451803213294 ] ] ] } },
{ "type": "Feature", "properties": { "candidate_id": "C10", "source_h3_cell": "881ec911c1fffff", "mode": "drive", "minutes": 10, "accessible_population": 406706, "accessible_demand": 501130.18, "reachable_cells": 61 }, "geometry": { "type": "Polygon", "coordinates": [ [ [ 28.876244120343678, 41.016002979459373 ], [ 28.869532329205136, 41.01558239956583 ], [ 28.86556549616104, 41.01967650823206 ], [ 28.858853304242402, 41.019255345552203 ], [ 28.854885713057353, 41.023349040306385 ], [ 28.857630619896309, 41.027864039507385 ], [ 28.853662576628711, 41.031957461939868 ], [ 28.85640769521401, 41.036472161649691 ], [ 28.852439199766415, 41.040565311575385 ], [ 28.855184530125765, 41.045079711635729 ], [ 28.851215582400663, 41.049172588869624 ], [ 28.853961124561788, 41.053686689122252 ], [ 28.849991724461653, 41.057779293479406 ], [ 28.852737478452287, 41.062293093766151 ], [ 28.859452990633812, 41.062714120882525 ], [ 28.862199314593674, 41.067227452256738 ], [ 28.868915090268477, 41.067647868643562 ], [ 28.871661984137528, 41.072160730919371 ], [ 28.878378022959588, 41.072580536458076 ], [ 28.881125486677668, 41.077092929449698 ], [ 28.887841788300857, 41.077512124021816 ], [ 28.890589821807691, 41.082024047543541 ], [ 28.89730638588572, 41.082442631030773 ], [ 28.901274251678966, 41.078349318550217 ], [ 28.90799041306574, 41.07876731851848 ], [ 28.911957518926691, 41.074673591719915 ], [ 28.918673277203091, 41.07509100832786 ], [ 28.922639622997874, 41.070996867457396 ], [ 28.929354977745035, 41.071413700863808 ], [ 28.933320563340015, 41.067319146167591 ], [ 28.940035514139272, 41.067735396531354 ], [ 28.944000339401011, 41.063640428255638 ], [ 28.941250522408072, 41.059129350853603 ], [ 28.945214895928711, 41.055034110412393 ], [ 28.942465291761437, 41.050522732681664 ], [ 28.946429213638392, 41.046427220259865 ], [ 28.943679822268724, 41.04191554235851 ], [ 28.947643292599412, 41.037819758141062 ], [ 28.944894113999286, 41.033307780227233 ], [ 28.948857132881066, 41.029211724399133 ], [ 28.946108167022437, 41.024699446631061 ], [ 28.939396537939896, 41.024283055167345 ], [ 28.936648140431924, 41.01977030815469 ], [ 28.929936771529448, 41.019353306258779 ], [ 28.92718894243297, 41.014840090187157 ], [ 28.920477834056584, 41.014422477976964 ], [ 28.917730573432287, 41.009908793032068 ], [ 28.911019725927851, 41.00949057062568 ], [ 28.908273033836338, 41.004976416993316 ], [ 28.901562447549605, 41.004557584508937 ], [ 28.897597889733778, 41.00865293343557 ], [ 28.890886901411424, 41.008233518639891 ], [ 28.886921585052161, 41.012328454392417 ], [ 28.880210195112443, 41.011908457126992 ], [ 28.876244120343678, 41.016002979459373 ] ] ] } },
{ "type": "Feature", "properties": { "candidate_id": "C10", "source_h3_cell": "881ec911c1fffff", "mode": "drive", "minutes": 15, "accessible_population": 842646, "accessible_demand": 1034143.732, "reachable_cells": 127 }, "geometry": { "type": "Polygon", "coordinates": [ [ [ 28.850619999893194, 41.005708682686404 ], [ 28.846652554822764, 41.009802507734335 ], [ 28.839940889932588, 41.009380125202362 ], [ 28.835972687238698, 41.013473536210299 ], [ 28.838716454969461, 41.017989471651717 ], [ 28.83474780013978, 41.022082610344569 ], [ 28.837491779364495, 41.026598246551629 ], [ 28.833522672301548, 41.030691112744265 ], [ 28.836266863047875, 41.03520644955853 ], [ 28.832297303654165, 41.039299043065853 ], [ 28.835041705949756, 41.043814080328985 ], [ 28.831071694127772, 41.047906400965992 ], [ 28.833816308000234, 41.052421138519733 ], [ 28.829845843652407, 41.056513186101462 ], [ 28.832590669129406, 41.061027623787616 ], [ 28.828619752158165, 41.065119398129227 ], [ 28.831364789267347, 41.069633535789677 ], [ 28.838081102008296, 41.070055730470834 ], [ 28.840826709459186, 41.074569399334486 ], [ 28.847543286584461, 41.074990983273608 ], [ 28.850289464317267, 41.079504183154434 ], [ 28.857006305480983, 41.079925156232719 ], [ 28.859753053435739, 41.084437886944833 ], [ 28.866470158291854, 41.084858249043592 ], [ 28.869217476408512, 41.089370510401217 ], [ 28.875934844610832, 41.089790261401902 ], [ 28.878682732829223, 41.094302053219316 ], [ 28.885400364031444, 41.094721193003515 ], [ 28.888148822291271, 41.099232515095117 ], [ 28.894866716146936, 41.099651043544569 ], [ 28.898835486713757, 41.095558277402674 ], [ 28.905552977825455, 41.095976222029606 ], [ 28.909520988210417, 41.091883041206444 ], [ 28.916238076158781, 41.092300402169492 ], [ 28.920205326227926, 41.088206806911103 ], [ 28.92692201059376, 41.088623584369039 ], [ 28.930888500213317, 41.084529574921568 ], [ 28.937604780577715, 41.084945769033283 ], [ 28.941570509614113, 41.080851345642898 ], [ 28.948286385558347, 41.081266956567411 ], [ 28.952251353878271, 41.077172119480387 ], [ 28.958966824983882, 41.077587147376818 ], [ 28.962931032454193, 41.073491896839492 ], [ 28.960180077934854, 41.068981759507835 ], [ 28.964143833719213, 41.064886236798905 ], [ 28.961393092277653, 41.060375798882518 ], [ 28.965356396473521, 41.056280004186753 ], [ 28.962605868081614, 41.051769265843596 ], [ 28.966568720786388, 41.047673199345901 ], [ 28.963818405415982, 41.043162160734006 ], [ 28.967780806727021, 41.039065822619321 ], [ 28.965030704350013, 41.034554483896805 ], [ 28.96899265436468, 41.030457874350141 ], [ 28.966242764952909, 41.0259462356752 ], [ 28.970204263768519, 41.021849354881617 ], [ 28.967454587293858, 41.017337416412559 ], [ 28.960743767091984, 41.016922189038809 ], [ 28.957994658594238, 41.012409781210742 ], [ 28.951284097683441, 41.01199394341932 ], [ 28.948535557223661, 41.007481066417753 ], [ 28.941825255950032, 41.007064618326382 ], [ 28.939077283589121, 41.002551272336881 ], [ 28.932367242298639, 41.002134214063382 ], [ 28.92961983809742, 40.997620399271675 ], [ 28.922910057135915, 40.997202730934028 ], [ 28.920163221155097, 40.992688447525872 ], [ 28.913453700868256, 40.992270169242218 ], [ 28.91070743316839, 40.98775541740352 ], [ 28.903998173901787, 40.987336529292079 ], [ 28.900034518964699, 40.991432420851417 ], [ 28.893324857715058, 40.991012950732326 ], [ 28.889360444483227, 40.995108429481434 ], [ 28.882650381668551, 40.99468837719624 ], [ 28.87868521027579, 40.998783442889021 ], [ 28.871974746314322, 40.998362808279367 ], [ 28.868008816894687, 41.002457460669802 ], [ 28.861297952204893, 41.00203624357745 ], [ 28.857331264892629, 41.006130482419564 ], [ 28.850619999893194, 41.005708682686404 ] ] ] } },
{ "type": "Feature", "properties": { "candidate_id": "C10", "source_h3_cell": "881ec911c1fffff", "mode": "walk", "minutes": 5, "accessible_population": 6452, "accessible_demand": 7854.156, "reachable_cells": 1 }, "geometry": { "type": "Polygon", "coordinates": [ [ [ 28.895468941367525, 41.047600230660159 ], [ 28.892721757032081, 41.043087106173175 ], [ 28.89668812177359, 41.038992844734622 ], [ 28.903401363603088, 41.039411566285764 ], [ 28.906148904812721, 41.043924521603849 ], [ 28.902182847395959, 41.04801892454492 ], [ 28.895468941367525, 41.047600230660159 ] ] ] } },
{ "type": "Feature", "properties": { "candidate_id": "C10", "source_h3_cell": "881ec911c1fffff", "mode": "walk", "minutes": 10, "accessible_population": 6452, "accessible_demand": 7854.156, "reachable_cells": 1 }, "geometry": { "type": "Polygon", "coordinates": [ [ [ 28.895468941367525, 41.047600230660159 ], [ 28.892721757032081, 41.043087106173175 ], [ 28.89668812177359, 41.038992844734622 ], [ 28.903401363603088, 41.039411566285764 ], [ 28.906148904812721, 41.043924521603849 ], [ 28.902182847395959, 41.04801892454492 ], [ 28.895468941367525, 41.047600230660159 ] ] ] } },
{ "type": "Feature", "properties": { "candidate_id": "C10", "source_h3_cell": "881ec911c1fffff", "mode": "walk", "minutes": 15, "accessible_population": 47636, "accessible_demand": 59322.837, "reachable_cells": 7 }, "geometry": { "type": "Polygon", "coordinates": [ [ [ 28.897907062525281, 41.030384886813337 ], [ 28.893941149661313, 41.03447942040156 ], [ 28.887228169790919, 41.034060088390504 ], [ 28.883261498010246, 41.038154208259087 ], [ 28.886008113061845, 41.04266780170348 ], [ 28.882040989279158, 41.046761649240572 ], [ 28.884787816455638, 41.051274942808924 ], [ 28.891502124651048, 41.051694219764038 ], [ 28.894249521237523, 41.056207044246783 ], [ 28.900964091590232, 41.056625710491936 ], [ 28.904930600954867, 41.052531579888722 ], [ 28.911644768695414, 41.052949663070279 ], [ 28.915610518501857, 41.048855118694213 ], [ 28.912862408255371, 41.0443426325768 ], [ 28.916827706238596, 41.040247816044641 ], [ 28.914079808439578, 41.035735029982938 ], [ 28.907366969169431, 41.035316891191805 ], [ 28.904619640281187, 41.030803636057641 ], [ 28.897907062525281, 41.030384886813337 ] ] ] } },
{ "type": "Feature", "properties": { "candidate_id": "C11", "source_h3_cell": "881ec915bdfffff", "mode": "drive", "minutes": 5, "accessible_population": 106103, "accessible_demand": 126511.584, "reachable_cells": 16 }, "geometry": { "type": "Polygon", "coordinates": [ [ [ 29.118307407550258, 40.978813496618713 ], [ 29.114356114502126, 40.982915855829475 ], [ 29.117111162031236, 40.987424810557414 ], [ 29.113159419442873, 40.991526900884068 ], [ 29.11591468132676, 40.996035555923221 ], [ 29.111962489101213, 41.000137377180309 ], [ 29.114717965368499, 41.004645732372218 ], [ 29.121425985221475, 41.005052095436731 ], [ 29.124182027280444, 41.009559979777919 ], [ 29.130890299902589, 41.009965731807711 ], [ 29.134841866174877, 41.005863630363734 ], [ 29.141549726908774, 41.006268802240434 ], [ 29.145500530227554, 41.002166291726738 ], [ 29.152207978658996, 41.002570883611611 ], [ 29.156158018895077, 40.998467964275832 ], [ 29.15340092440653, 40.993960592988195 ], [ 29.157350515315674, 40.98985740494048 ], [ 29.154593635625538, 40.985349733768089 ], [ 29.15854277730465, 40.981246277193883 ], [ 29.155786112384131, 40.976738306295225 ], [ 29.149080656039409, 40.976333620801114 ], [ 29.146324556095401, 40.971825179139763 ], [ 29.139619351344276, 40.971419883004337 ], [ 29.136863816439838, 40.96691097076468 ], [ 29.130158863629489, 40.966505064103544 ], [ 29.126208782089588, 40.970608100667143 ], [ 29.119503417952092, 40.970201614451149 ], [ 29.115552574347259, 40.974304242360546 ], [ 29.118307407550258, 40.978813496618713 ] ] ] } },
{ "type": "Feature", "properties": { "candidate_id": "C11", "source_h3_cell": "881ec915bdfffff", "mode": "drive", "minutes": 10, "accessible_population": 298331, "accessible_demand": 353901.712, "reachable_cells": 45 }, "geometry": { "type": "Polygon", "coordinates": [ [ [ 29.1179447886684, 40.957079311556264 ], [ 29.111240340780569, 40.956672184190985 ], [ 29.107289634087824, 40.960774940403496 ], [ 29.110043687640101, 40.965284964186246 ], [ 29.106092531572052, 40.969387451889126 ], [ 29.10884679929659, 40.973897176428672 ], [ 29.115552574347259, 40.974304242360546 ], [ 29.118307407550258, 40.978813496618713 ], [ 29.114356114502126, 40.982915855829475 ], [ 29.117111162031236, 40.987424810557414 ], [ 29.113159419442873, 40.991526900884068 ], [ 29.11591468132676, 40.996035555923221 ], [ 29.111962489101213, 41.000137377180309 ], [ 29.114717965368499, 41.004645732372218 ], [ 29.110765323408774, 41.008747284374387 ], [ 29.113521014088096, 41.013255339560651 ], [ 29.109567922297167, 41.017356622122605 ], [ 29.112323827417182, 41.021864377144901 ], [ 29.119033175881786, 41.022270678795316 ], [ 29.121789647044309, 41.026777962710653 ], [ 29.128499248470899, 41.027183653076563 ], [ 29.132451714192566, 41.023082090340608 ], [ 29.139160903672014, 41.023487200249726 ], [ 29.143112606187898, 41.019385228079969 ], [ 29.149821383305717, 41.019789757693538 ], [ 29.153772322486518, 41.015687376337567 ], [ 29.160480686828464, 41.016091325816937 ], [ 29.164430862545071, 41.01198853552242 ], [ 29.171138813697127, 41.012391905029048 ], [ 29.175088225820691, 41.008288706043693 ], [ 29.172330001067934, 41.003782277346978 ], [ 29.176278963923274, 40.999678809643214 ], [ 29.173520954219352, 40.995172080805439 ], [ 29.177469467903361, 40.99106834456861 ], [ 29.174711673219416, 40.986561315748148 ], [ 29.178659737828962, 40.982457311163664 ], [ 29.175902158136118, 40.977949982518986 ], [ 29.179849773768076, 40.973845709772334 ], [ 29.177092409037481, 40.969338081461991 ], [ 29.170387778360471, 40.968934554556107 ], [ 29.167630978229727, 40.964426455371097 ], [ 29.160926598260055, 40.964022317842982 ], [ 29.158170362792433, 40.959513747967598 ], [ 29.151466233877365, 40.959108999932624 ], [ 29.148710563136024, 40.954599959551246 ], [ 29.142006685622668, 40.954194601124904 ], [ 29.139251579670635, 40.949685090422015 ], [ 29.132547953905988, 40.949279121719925 ], [ 29.128598770710379, 40.953382694759583 ], [ 29.121894733677291, 40.952976146806407 ], [ 29.1179447886684, 40.957079311556264 ] ] ] } },
{ "type": "Feature", "properties": { "candidate_id": "C11", "source_h3_cell": "881ec915bdfffff", "mode": "drive", "minutes": 15, "accessible_population": 562905, "accessible_demand": 663416.878, "reachable_cells": 85 }, "geometry": { "type": "Polygon", "coordinates": [ [ [ 29.113632941725577, 40.939444922319808 ], [ 29.109683133492805, 40.943548214994514 ], [ 29.112436758786327, 40.948058836787311 ], [ 29.108486501371967, 40.952161861323788 ], [ 29.111240340780569, 40.956672184190985 ], [ 29.107289634087824, 40.960774940403496 ], [ 29.110043687640101, 40.965284964186246 ], [ 29.106092531572052, 40.969387451889126 ], [ 29.10884679929659, 40.973897176428672 ], [ 29.115552574347259, 40.974304242360546 ], [ 29.118307407550258, 40.978813496618713 ], [ 29.114356114502126, 40.982915855829475 ], [ 29.117111162031236, 40.987424810557414 ], [ 29.113159419442873, 40.991526900884068 ], [ 29.11591468132676, 40.996035555923221 ], [ 29.111962489101213, 41.000137377180309 ], [ 29.114717965368499, 41.004645732372218 ], [ 29.110765323408774, 41.008747284374387 ], [ 29.113521014088096, 41.013255339560651 ], [ 29.109567922297167, 41.017356622122605 ], [ 29.112323827417182, 41.021864377144901 ], [ 29.108370285698019, 41.025965390081417 ], [ 29.111126405287372, 41.030472844781492 ], [ 29.117836418246362, 41.030879115765302 ], [ 29.120593104003703, 41.035386099230422 ], [ 29.116639425209392, 41.03948698247131 ], [ 29.119396325590237, 41.043993665328095 ], [ 29.126107256324364, 41.044399294138053 ], [ 29.130060621883629, 41.040298270850755 ], [ 29.136771140611767, 41.040703318900242 ], [ 29.140723742712854, 41.036601885815188 ], [ 29.147433849020228, 41.037006353265419 ], [ 29.151385687533718, 41.032904510630168 ], [ 29.158095381005801, 41.0333083976425 ], [ 29.162046455802479, 41.029206145704649 ], [ 29.168755736024938, 41.029609452440532 ], [ 29.172706046975836, 41.025506791447775 ], [ 29.179414913534611, 41.025909518068794 ], [ 29.183364460510941, 41.021806448268883 ], [ 29.190072912992175, 41.022208594936728 ], [ 29.194021695865391, 41.018105116577495 ], [ 29.191262341102053, 41.013599631207775 ], [ 29.195210674766056, 41.00949588412373 ], [ 29.192451535301952, 41.004990098356814 ], [ 29.196399419853684, 41.000886082733238 ], [ 29.193640495659867, 40.996379996727391 ], [ 29.197587931196207, 40.992275712749631 ], [ 29.19482922224373, 40.987769326663219 ], [ 29.198776208861521, 40.983664774516676 ], [ 29.196017715121471, 40.979158088508143 ], [ 29.199964252917542, 40.975053268378275 ], [ 29.197205974360976, 40.970546282606144 ], [ 29.201152063432101, 40.966441194678495 ], [ 29.198394000030095, 40.961933909301358 ], [ 29.191690196673186, 40.961531540337297 ], [ 29.188932697494121, 40.957023783973767 ], [ 29.182229143958644, 40.956620804407009 ], [ 29.179472209066006, 40.952112577241273 ], [ 29.1727689056993, 40.951708987186969 ], [ 29.170012535156442, 40.94720028940332 ], [ 29.163309482305728, 40.946796088976711 ], [ 29.160553676175923, 40.942286920759514 ], [ 29.153850874188279, 40.941882110076001 ], [ 29.151095632534656, 40.937372471609734 ], [ 29.144393081757009, 40.936967050784865 ], [ 29.141638404642602, 40.932456942254113 ], [ 29.134936105421783, 40.932050911403529 ], [ 29.130987820183201, 40.936155020176336 ], [ 29.124285109752691, 40.935748410378466 ], [ 29.120336062952369, 40.939852111226003 ], [ 29.113632941725577, 40.939444922319808 ] ] ] } },
{ "type": "Feature", "properties": { "candidate_id": "C11", "source_h3_cell": "881ec915bdfffff", "mode": "walk", "minutes": 5, "accessible_population": 6452, "accessible_demand": 7577.995, "reachable_cells": 1 }, "geometry": { "type": "Polygon", "coordinates": [ [ [ 29.126573466845418, 40.992339719277496 ], [ 29.123817853775286, 40.98783123514383 ], [ 29.127768834046968, 40.983728735798657 ], [ 29.134475114405188, 40.984134580526458 ], [ 29.137231078376836, 40.988642893668192 ], [ 29.133280411165952, 40.99274553307901 ], [ 29.126573466845418, 40.992339719277496 ] ] ] } },
{ "type": "Feature", "properties": { "candidate_id": "C11", "source_h3_cell": "881ec915bdfffff", "mode": "walk", "minutes": 10, "accessible_population": 6452, "accessible_demand": 7577.995, "reachable_cells": 1 }, "geometry": { "type": "Polygon", "coordinates": [ [ [ 29.126573466845418, 40.992339719277496 ], [ 29.123817853775286, 40.98783123514383 ], [ 29.127768834046968, 40.983728735798657 ], [ 29.134475114405188, 40.984134580526458 ], [ 29.137231078376836, 40.988642893668192 ], [ 29.133280411165952, 40.99274553307901 ], [ 29.126573466845418, 40.992339719277496 ] ] ] } },
{ "type": "Feature", "properties": { "candidate_id": "C11", "source_h3_cell": "881ec915bdfffff", "mode": "walk", "minutes": 15, "accessible_population": 46123, "accessible_demand": 54875.978, "reachable_cells": 7 }, "geometry": { "type": "Polygon", "coordinates": [ [ [ 29.128963966285585, 40.975117183959306 ], [ 29.125013435428237, 40.97921995200646 ], [ 29.118307407550258, 40.978813496618713 ], [ 29.114356114502126, 40.982915855829475 ], [ 29.117111162031236, 40.987424810557414 ], [ 29.113159419442873, 40.991526900884068 ], [ 29.11591468132676, 40.996035555923221 ], [ 29.122622037062456, 40.996441949735214 ], [ 29.12537786461267, 41.000950134051855 ], [ 29.132085473021156, 41.001355916954033 ], [ 29.136036589714269, 40.997253546433946 ], [ 29.142743786263974, 40.997658749334903 ], [ 29.146694140129668, 40.993555969927201 ], [ 29.143937610868047, 40.989048127620357 ], [ 29.147887515377569, 40.984945079504008 ], [ 29.145131200789127, 40.980436937440643 ], [ 29.138425332230774, 40.980031672410313 ], [ 29.135669582807072, 40.975523059640317 ], [ 29.128963966285585, 40.975117183959306 ] ] ] } },
{ "type": "Feature", "properties": { "candidate_id": "C12", "source_h3_cell": "881ec915c1fffff", "mode": "drive", "minutes": 5, "accessible_population": 67094, "accessible_demand": 81528.355, "reachable_cells": 10 }, "geometry": { "type": "Polygon", "coordinates": [ [ [ 29.110765323408774, 41.008747284374387 ], [ 29.113521014088096, 41.013255339560651 ], [ 29.109567922297167, 41.017356622122605 ], [ 29.112323827417182, 41.021864377144901 ], [ 29.108370285698019, 41.025965390081417 ], [ 29.111126405287372, 41.030472844781492 ], [ 29.117836418246362, 41.030879115765302 ], [ 29.120593104003703, 41.035386099230422 ], [ 29.116639425209392, 41.03948698247131 ], [ 29.119396325590237, 41.043993665328095 ], [ 29.126107256324364, 41.044399294138053 ], [ 29.130060621883629, 41.040298270850755 ], [ 29.136771140611767, 41.040703318900242 ], [ 29.140723742712854, 41.036601885815188 ], [ 29.137966139653962, 41.032095544666475 ], [ 29.141918291913925, 41.027993841946525 ], [ 29.139160903672014, 41.023487200249726 ], [ 29.143112606187898, 41.019385228079969 ], [ 29.140355432734189, 41.014878285993234 ], [ 29.133646907690398, 41.014473145113811 ], [ 29.130890299902589, 41.009965731807711 ], [ 29.124182027280444, 41.009559979777919 ], [ 29.121425985221475, 41.005052095436731 ], [ 29.114717965368499, 41.004645732372218 ], [ 29.110765323408774, 41.008747284374387 ] ] ] } },
{ "type": "Feature", "properties": { "candidate_id": "C12", "source_h3_cell": "881ec915c1fffff", "mode": "drive", "minutes": 10, "accessible_population": 205309, "accessible_demand": 246934.475, "reachable_cells": 31 }, "geometry": { "type": "Polygon", "coordinates": [ [ [ 29.11591468132676, 40.996035555923221 ], [ 29.111962489101213, 41.000137377180309 ], [ 29.114717965368499, 41.004645732372218 ], [ 29.110765323408774, 41.008747284374387 ], [ 29.113521014088096, 41.013255339560651 ], [ 29.109567922297167, 41.017356622122605 ], [ 29.112323827417182, 41.021864377144901 ], [ 29.108370285698019, 41.025965390081417 ], [ 29.111126405287372, 41.030472844781492 ], [ 29.117836418246362, 41.030879115765302 ], [ 29.120593104003703, 41.035386099230422 ], [ 29.116639425209392, 41.03948698247131 ], [ 29.119396325590237, 41.043993665328095 ], [ 29.115442196702435, 41.048094278570169 ], [ 29.118199311735488, 41.052600660660573 ], [ 29.114244732657053, 41.056701003718835 ], [ 29.117002062371032, 41.061207084884934 ], [ 29.123714322916079, 41.061612652247 ], [ 29.12766858870139, 41.057512169148453 ], [ 29.134380437181623, 41.057917155446368 ], [ 29.138333939256256, 41.053816262186238 ], [ 29.145045375256618, 41.05422066758122 ], [ 29.148998113491029, 41.05011936440701 ], [ 29.155709136596684, 41.050523189060414 ], [ 29.15966111086156, 41.046421476219685 ], [ 29.156902376158644, 41.041916078573976 ], [ 29.160853900640902, 41.037814096092163 ], [ 29.158095381005801, 41.0333083976425 ], [ 29.162046455802479, 41.029206145704649 ], [ 29.15928815120634, 41.024700146609064 ], [ 29.163238776414481, 41.020597625400285 ], [ 29.160480686828464, 41.016091325816937 ], [ 29.164430862545071, 41.01198853552242 ], [ 29.161672987940335, 41.007481935609469 ], [ 29.154965287974736, 41.007077954856094 ], [ 29.152207978658996, 41.002570883611611 ], [ 29.145500530227554, 41.002166291726738 ], [ 29.142743786263974, 40.997658749334903 ], [ 29.136036589714269, 40.997253546433946 ], [ 29.133280411165952, 40.99274553307901 ], [ 29.126573466845418, 40.992339719277496 ], [ 29.123817853775286, 40.98783123514383 ], [ 29.117111162031236, 40.987424810557414 ], [ 29.113159419442873, 40.991526900884068 ], [ 29.11591468132676, 40.996035555923221 ] ] ] } },
{ "type": "Feature", "properties": { "candidate_id": "C12", "source_h3_cell": "881ec915c1fffff", "mode": "drive", "minutes": 15, "accessible_population": 423869, "accessible_demand": 507279.906, "reachable_cells": 64 }, "geometry": { "type": "Polygon", "coordinates": [ [ [ 29.117111162031236, 40.987424810557414 ], [ 29.113159419442873, 40.991526900884068 ], [ 29.11591468132676, 40.996035555923221 ], [ 29.111962489101213, 41.000137377180309 ], [ 29.114717965368499, 41.004645732372218 ], [ 29.110765323408774, 41.008747284374387 ], [ 29.113521014088096, 41.013255339560651 ], [ 29.109567922297167, 41.017356622122605 ], [ 29.112323827417182, 41.021864377144901 ], [ 29.108370285698019, 41.025965390081417 ], [ 29.111126405287372, 41.030472844781492 ], [ 29.117836418246362, 41.030879115765302 ], [ 29.120593104003703, 41.035386099230422 ], [ 29.116639425209392, 41.03948698247131 ], [ 29.119396325590237, 41.043993665328095 ], [ 29.115442196702435, 41.048094278570169 ], [ 29.118199311735488, 41.052600660660573 ], [ 29.114244732657053, 41.056701003718835 ], [ 29.117002062371032, 41.061207084884934 ], [ 29.113047033004804, 41.065307157574459 ], [ 29.115804577428385, 41.069812937658369 ], [ 29.111849097677148, 41.073912739794309 ], [ 29.11460685683906, 41.078418218638241 ], [ 29.121320447698679, 41.078823724660545 ], [ 29.125275614098737, 41.07472378249031 ], [ 29.13198879283474, 41.07512870714482 ], [ 29.135943195271491, 41.071028354449275 ], [ 29.142655961468545, 41.071432697897187 ], [ 29.146609599812347, 41.067331934923807 ], [ 29.15332195305535, 41.067735697326476 ], [ 29.157274827176764, 41.063634524322794 ], [ 29.163986767050833, 41.064037705841656 ], [ 29.167938876820621, 41.059936123055294 ], [ 29.174650402911134, 41.060338723851899 ], [ 29.178601748200268, 41.056236731530525 ], [ 29.175841882106589, 41.051732278123389 ], [ 29.179792777671977, 41.047630016154848 ], [ 29.177033126896909, 41.043125261688068 ], [ 29.180983572835579, 41.039022730257329 ], [ 29.178224137350202, 41.034517674888846 ], [ 29.182174133759212, 41.03041487418097 ], [ 29.179414913534611, 41.025909518068794 ], [ 29.183364460510941, 41.021806448268883 ], [ 29.180605455518201, 41.01730079157111 ], [ 29.184554553158836, 41.013197452864354 ], [ 29.181795763369021, 41.008691495739171 ], [ 29.185744411770887, 41.004587888310773 ], [ 29.182985837155133, 41.000081630916448 ], [ 29.176278963923274, 40.999678809643214 ], [ 29.173520954219352, 40.995172080805439 ], [ 29.166814331634512, 40.994768648420042 ], [ 29.164056886905847, 40.990261448322862 ], [ 29.157350515315674, 40.98985740494048 ], [ 29.154593635625538, 40.985349733768089 ], [ 29.147887515377569, 40.984945079504008 ], [ 29.145131200789127, 40.980436937440643 ], [ 29.138425332230774, 40.980031672410313 ], [ 29.135669582807072, 40.975523059640317 ], [ 29.128963966285585, 40.975117183959306 ], [ 29.126208782089588, 40.970608100667143 ], [ 29.119503417952092, 40.970201614451149 ], [ 29.115552574347259, 40.974304242360546 ], [ 29.118307407550258, 40.978813496618713 ], [ 29.114356114502126, 40.982915855829475 ], [ 29.117111162031236, 40.987424810557414 ] ] ] } },
{ "type": "Feature", "properties": { "candidate_id": "C12", "source_h3_cell": "881ec915c1fffff", "mode": "walk", "minutes": 5, "accessible_population": 6452, "accessible_demand": 7708.895, "reachable_cells": 1 }, "geometry": { "type": "Polygon", "coordinates": [ [ [ 29.111126405287372, 41.030472844781492 ], [ 29.108370285698019, 41.025965390081417 ], [ 29.112323827417182, 41.021864377144901 ], [ 29.119033175881786, 41.022270678795316 ], [ 29.121789647044309, 41.026777962710653 ], [ 29.117836418246362, 41.030879115765302 ], [ 29.111126405287372, 41.030472844781492 ] ] ] } },
{ "type": "Feature", "properties": { "candidate_id": "C12", "source_h3_cell": "881ec915c1fffff", "mode": "walk", "minutes": 10, "accessible_population": 6452, "accessible_demand": 7708.895, "reachable_cells": 1 }, "geometry": { "type": "Polygon", "coordinates": [ [ [ 29.111126405287372, 41.030472844781492 ], [ 29.108370285698019, 41.025965390081417 ], [ 29.112323827417182, 41.021864377144901 ], [ 29.119033175881786, 41.022270678795316 ], [ 29.121789647044309, 41.026777962710653 ], [ 29.117836418246362, 41.030879115765302 ], [ 29.111126405287372, 41.030472844781492 ] ] ] } },
{ "type": "Feature", "properties": { "candidate_id": "C12", "source_h3_cell": "881ec915c1fffff", "mode": "walk", "minutes": 15, "accessible_population": 26264, "accessible_demand": 31574.629, "reachable_cells": 4 }, "geometry": { "type": "Polygon", "coordinates": [ [ [ 29.113521014088096, 41.013255339560651 ], [ 29.109567922297167, 41.017356622122605 ], [ 29.112323827417182, 41.021864377144901 ], [ 29.108370285698019, 41.025965390081417 ], [ 29.111126405287372, 41.030472844781492 ], [ 29.117836418246362, 41.030879115765302 ], [ 29.120593104003703, 41.035386099230422 ], [ 29.127303370021156, 41.035791758804855 ], [ 29.131256285613091, 41.031690465700684 ], [ 29.128499248470899, 41.027183653076563 ], [ 29.132451714192566, 41.023082090340608 ], [ 29.129694891741924, 41.018574977296389 ], [ 29.122985954780439, 41.018169256112017 ], [ 29.120229698184037, 41.013661671904629 ], [ 29.113521014088096, 41.013255339560651 ] ] ] } },
{ "type": "Feature", "properties": { "candidate_id": "C13", "source_h3_cell": "881ec90735fffff", "mode": "drive", "minutes": 5, "accessible_population": 112913, "accessible_demand": 130625.372, "reachable_cells": 17 }, "geometry": { "type": "Polygon", "coordinates": [ [ [ 29.129063045135283, 40.901286142205805 ], [ 29.125115793591011, 40.905390913018188 ], [ 29.118415324181854, 40.904983600708107 ], [ 29.11446731170761, 40.909087964077003 ], [ 29.117220080826549, 40.91359977998227 ], [ 29.113271619557775, 40.917703875956555 ], [ 29.116024602677491, 40.922215393572365 ], [ 29.122726397744817, 40.922622644126832 ], [ 29.125479945592158, 40.927133692232474 ], [ 29.121531347750938, 40.931237660850122 ], [ 29.124285109752691, 40.935748410378466 ], [ 29.130987820183201, 40.936155020176336 ], [ 29.133742146974896, 40.940665299880997 ], [ 29.140445109404933, 40.941071299643895 ], [ 29.144393081757009, 40.936967050784865 ], [ 29.151095632534656, 40.937372471609734 ], [ 29.155042842941192, 40.933267815138507 ], [ 29.161744981653381, 40.933672657186619 ], [ 29.165691429985664, 40.929567593350967 ], [ 29.162936053078596, 40.925057827427494 ], [ 29.166882052858366, 40.920952496365132 ], [ 29.16412689051954, 40.916442431827058 ], [ 29.15742607798196, 40.916037526969113 ], [ 29.154671479744497, 40.911526992567751 ], [ 29.15861734440573, 40.907421534427222 ], [ 29.15586296058288, 40.902910701699078 ], [ 29.149163061771567, 40.902505155754746 ], [ 29.146409241988234, 40.897993853476777 ], [ 29.139709594350425, 40.897587698007023 ], [ 29.135763103865187, 40.901692876015204 ], [ 29.129063045135283, 40.901286142205805 ] ] ] } },
{ "type": "Feature", "properties": { "candidate_id": "C13", "source_h3_cell": "881ec90735fffff", "mode": "drive", "minutes": 10, "accessible_population": 339585, "accessible_demand": 392237.266, "reachable_cells": 51 }, "geometry": { "type": "Polygon", "coordinates": [ [ [ 29.106210561423655, 40.895550981831661 ], [ 29.108962552030157, 40.900063564934804 ], [ 29.105014227578522, 40.904167788003591 ], [ 29.107766432032285, 40.908680073105309 ], [ 29.103817658757318, 40.912784028783129 ], [ 29.106570077086875, 40.917296015724155 ], [ 29.113271619557775, 40.917703875956555 ], [ 29.116024602677491, 40.922215393572365 ], [ 29.112075692517482, 40.926319221966033 ], [ 29.114828889666573, 40.93083044113321 ], [ 29.110879530518567, 40.934934001760325 ], [ 29.113632941725577, 40.939444922319808 ], [ 29.109683133492805, 40.943548214994514 ], [ 29.112436758786327, 40.948058836787311 ], [ 29.119140543280917, 40.948465994909618 ], [ 29.121894733677291, 40.952976146806407 ], [ 29.128598770710379, 40.953382694759583 ], [ 29.131353526146903, 40.957892376575614 ], [ 29.138057815371656, 40.958298314243784 ], [ 29.142006685622668, 40.954194601124904 ], [ 29.148710563136024, 40.954599959551246 ], [ 29.152658671189677, 40.950495838455595 ], [ 29.159362136578274, 40.950900617801388 ], [ 29.163309482305728, 40.946796088976711 ], [ 29.170012535156442, 40.94720028940332 ], [ 29.173959118429096, 40.943095353097419 ], [ 29.180661758329013, 40.943498974766335 ], [ 29.184607579018468, 40.939393631227098 ], [ 29.181851073848378, 40.934884805841094 ], [ 29.185796446044058, 40.930779195068077 ], [ 29.183040155691994, 40.926270070810297 ], [ 29.186985079490537, 40.922164192989371 ], [ 29.184229003927655, 40.917654770018828 ], [ 29.188173479425711, 40.913548625335963 ], [ 29.185417618623216, 40.909038903811755 ], [ 29.178717631335431, 40.908635155415404 ], [ 29.175962334258237, 40.904124963916082 ], [ 29.169262597008785, 40.903720605772548 ], [ 29.166507863720167, 40.899209944482706 ], [ 29.170452518422248, 40.89510381285622 ], [ 29.167697999615608, 40.890592853429347 ], [ 29.160999175399638, 40.890187854155236 ], [ 29.158245220319905, 40.885676425251361 ], [ 29.151546646739771, 40.885270816586285 ], [ 29.148793255449906, 40.880758918390221 ], [ 29.142094932851872, 40.880352700449954 ], [ 29.138149339163363, 40.884458411959329 ], [ 29.131450605532088, 40.884051615983282 ], [ 29.127504251035745, 40.88815692066175 ], [ 29.120805106783763, 40.887749546488863 ], [ 29.116857991608526, 40.891854444088715 ], [ 29.110158437148637, 40.891446491558064 ], [ 29.106210561423655, 40.895550981831661 ] ] ] } },
{ "type": "Feature", "properties": { "candidate_id": "C13", "source_h3_cell": "881ec90735fffff", "mode": "drive", "minutes": 15, "accessible_population": 638008, "accessible_demand": 733329.275, "reachable_cells": 96 }, "geometry": { "type": "Polygon", "coordinates": [ [ [ 29.10860252445833, 40.878315674692757 ], [ 29.111354087455897, 40.882828853320575 ], [ 29.107406660360883, 40.886933610612857 ], [ 29.110158437148637, 40.891446491558064 ], [ 29.106210561423655, 40.895550981831661 ], [ 29.108962552030157, 40.900063564934804 ], [ 29.105014227578522, 40.904167788003591 ], [ 29.107766432032285, 40.908680073105309 ], [ 29.103817658757318, 40.912784028783129 ], [ 29.106570077086875, 40.917296015724155 ], [ 29.113271619557775, 40.917703875956555 ], [ 29.116024602677491, 40.922215393572365 ], [ 29.112075692517482, 40.926319221966033 ], [ 29.114828889666573, 40.93083044113321 ], [ 29.110879530518567, 40.934934001760325 ], [ 29.113632941725577, 40.939444922319808 ], [ 29.109683133492805, 40.943548214994514 ], [ 29.112436758786327, 40.948058836787311 ], [ 29.108486501371967, 40.952161861323788 ], [ 29.111240340780569, 40.956672184190985 ], [ 29.107289634087824, 40.960774940403496 ], [ 29.110043687640101, 40.965284964186246 ], [ 29.116748799046597, 40.965692060821361 ], [ 29.119503417952092, 40.970201614451149 ], [ 29.126208782089588, 40.970608100667143 ], [ 29.128963966285585, 40.975117183959306 ], [ 29.135669582807072, 40.975523059640317 ], [ 29.139619351344276, 40.971419883004337 ], [ 29.146324556095401, 40.971825179139763 ], [ 29.150273562183305, 40.967721594162583 ], [ 29.156978354750414, 40.968126310913654 ], [ 29.160926598260055, 40.964022317842982 ], [ 29.167630978229727, 40.964426455371097 ], [ 29.1715784590324, 40.960322054454686 ], [ 29.178282425991458, 40.960725612921323 ], [ 29.182229143958644, 40.956620804407009 ], [ 29.188932697494121, 40.957023783973767 ], [ 29.192878652497534, 40.952918568109467 ], [ 29.199581792196682, 40.953320968938051 ], [ 29.203526984108223, 40.949215345971744 ], [ 29.20076935092856, 40.944707461860673 ], [ 29.204714094405375, 40.940601571653595 ], [ 29.201956676293495, 40.936093388413774 ], [ 29.205900971432268, 40.931987231151737 ], [ 29.203143768359265, 40.927478748942058 ], [ 29.207087615256611, 40.923372324810934 ], [ 29.204330627193603, 40.918863543790394 ], [ 29.20827402594616, 40.914756852976133 ], [ 29.205517252864215, 40.91024777330378 ], [ 29.209460203568558, 40.906140815992373 ], [ 29.20670364543879, 40.901631437827362 ], [ 29.200004485049284, 40.901228845246145 ], [ 29.197248490268542, 40.896718996994437 ], [ 29.190549579033306, 40.896315794685542 ], [ 29.187794147665066, 40.891805476531594 ], [ 29.191737278841202, 40.887698532379176 ], [ 29.188982062146852, 40.883187916149303 ], [ 29.182284063001351, 40.882784072425245 ], [ 29.179529409658112, 40.878272986606575 ], [ 29.17283166026483, 40.877868533510608 ], [ 29.170077570335945, 40.873356978287859 ], [ 29.163380071041225, 40.872951915935509 ], [ 29.160626544589789, 40.868439891493516 ], [ 29.153929295739857, 40.868034220000482 ], [ 29.151176332828832, 40.863521726524169 ], [ 29.144479334769763, 40.86311544600624 ], [ 29.140534637491704, 40.867221690271776 ], [ 29.133837228458241, 40.866814832021937 ], [ 29.129891770623448, 40.870920669821565 ], [ 29.123193951027872, 40.870513233678771 ], [ 29.119247732765139, 40.874618664764775 ], [ 29.112549503020002, 40.874210650568052 ], [ 29.10860252445833, 40.878315674692757 ] ] ] } },
{ "type": "Feature", "properties": { "candidate_id": "C13", "source_h3_cell": "881ec90735fffff", "mode": "walk", "minutes": 5, "accessible_population": 6770, "accessible_demand": 7897.345, "reachable_cells": 1 }, "geometry": { "type": "Polygon", "coordinates": [ [ [ 29.136129829314704, 40.92343595663236 ], [ 29.133375931053223, 40.918925079674928 ], [ 29.137323318721762, 40.914820435912439 ], [ 29.144024291900394, 40.915226529018952 ], [ 29.146778540291912, 40.919737234741604 ], [ 29.142831465451753, 40.923842018597476 ], [ 29.136129829314704, 40.92343595663236 ] ] ] } },
{ "type": "Feature", "properties": { "candidate_id": "C13", "source_h3_cell": "881ec90735fffff", "mode": "walk", "minutes": 10, "accessible_population": 6770, "accessible_demand": 7897.345, "reachable_cells": 1 }, "geometry": { "type": "Polygon", "coordinates": [ [ [ 29.136129829314704, 40.92343595663236 ], [ 29.133375931053223, 40.918925079674928 ], [ 29.137323318721762, 40.914820435912439 ], [ 29.144024291900394, 40.915226529018952 ], [ 29.146778540291912, 40.919737234741604 ], [ 29.142831465451753, 40.923842018597476 ], [ 29.136129829314704, 40.92343595663236 ] ] ] } },
{ "type": "Feature", "properties": { "candidate_id": "C13", "source_h3_cell": "881ec90735fffff", "mode": "walk", "minutes": 15, "accessible_population": 46038, "accessible_demand": 53012.911, "reachable_cells": 7 }, "geometry": { "type": "Polygon", "coordinates": [ [ [ 29.138516573711001, 40.906204349588897 ], [ 29.134569634682435, 40.910309260567267 ], [ 29.127868913215352, 40.909902557801004 ], [ 29.123921213002131, 40.914007061401144 ], [ 29.126674546723677, 40.918518407924942 ], [ 29.122726397744817, 40.922622644126832 ], [ 29.125479945592158, 40.927133692232474 ], [ 29.132181992909516, 40.927540332992955 ], [ 29.134936105421783, 40.932050911403529 ], [ 29.141638404642602, 40.932456942254113 ], [ 29.145585928190368, 40.928352425803723 ], [ 29.152287815788348, 40.928757877868172 ], [ 29.156234577516422, 40.924652953987902 ], [ 29.153479764835641, 40.920142718072505 ], [ 29.15742607798196, 40.916037526969113 ], [ 29.154671479744497, 40.911526992567751 ], [ 29.147970918129651, 40.911121477943567 ], [ 29.145216884056566, 40.90661047386363 ], [ 29.138516573711001, 40.906204349588897 ] ] ] } },
{ "type": "Feature", "properties": { "candidate_id": "C14", "source_h3_cell": "881ec90421fffff", "mode": "drive", "minutes": 5, "accessible_population": 106788, "accessible_demand": 119908.143, "reachable_cells": 16 }, "geometry": { "type": "Polygon", "coordinates": [ [ [ 29.182284063001351, 40.882784072425245 ], [ 29.178340618038362, 40.886890876738704 ], [ 29.171642206151663, 40.88648645532038 ], [ 29.167697999615608, 40.890592853429347 ], [ 29.170452518422248, 40.89510381285622 ], [ 29.177151592927672, 40.895508202623724 ], [ 29.17990667539809, 40.900018692388834 ], [ 29.175962334258237, 40.904124963916082 ], [ 29.178717631335431, 40.908635155415404 ], [ 29.174772841962302, 40.912741160270357 ], [ 29.177528353675036, 40.917251053344671 ], [ 29.184229003927655, 40.917654770018828 ], [ 29.186985079490537, 40.922164192989371 ], [ 29.193685979530102, 40.922567299675954 ], [ 29.197630140869556, 40.91846101523435 ], [ 29.204330627193603, 40.918863543790394 ], [ 29.20827402594616, 40.914756852976133 ], [ 29.214974098142733, 40.915158803563493 ], [ 29.218916734180741, 40.911051706624704 ], [ 29.216159612765498, 40.906542798730804 ], [ 29.220101800881512, 40.902435435477308 ], [ 29.217344894514238, 40.897926229121275 ], [ 29.210646148191469, 40.8975242142049 ], [ 29.207889804984983, 40.893014537706456 ], [ 29.21183185988254, 40.888907047959052 ], [ 29.209075731570422, 40.884397073286458 ], [ 29.202377896613797, 40.883994416572563 ], [ 29.199622331401397, 40.879483972070787 ], [ 29.192924745408778, 40.879080705879375 ], [ 29.188982062146852, 40.883187916149303 ], [ 29.182284063001351, 40.882784072425245 ] ] ] } },
{ "type": "Feature", "properties": { "candidate_id": "C14", "source_h3_cell": "881ec90421fffff", "mode": "drive", "minutes": 10, "accessible_population": 379342, "accessible_demand": 425913.978, "reachable_cells": 57 }, "geometry": { "type": "Polygon", "coordinates": [ [ [ 29.170077570335945, 40.873356978287859 ], [ 29.163380071041225, 40.872951915935509 ], [ 29.159435999354297, 40.877058440363342 ], [ 29.152738088201875, 40.876652800297691 ], [ 29.148793255449906, 40.880758918390221 ], [ 29.151546646739771, 40.885270816586285 ], [ 29.147601365763368, 40.889376668203788 ], [ 29.150354971285633, 40.893888268520506 ], [ 29.146409241988234, 40.897993853476777 ], [ 29.149163061771567, 40.902505155754746 ], [ 29.15586296058288, 40.902910701699078 ], [ 29.15861734440573, 40.907421534427222 ], [ 29.154671479744497, 40.911526992567751 ], [ 29.15742607798196, 40.916037526969113 ], [ 29.153479764835641, 40.920142718072505 ], [ 29.156234577516422, 40.924652953987902 ], [ 29.162936053078596, 40.925057827427494 ], [ 29.165691429985664, 40.929567593350967 ], [ 29.17239315621952, 40.929971856783688 ], [ 29.175149097289715, 40.934481152530665 ], [ 29.181851073848378, 40.934884805841094 ], [ 29.184607579018468, 40.939393631227098 ], [ 29.191309805554898, 40.939796674299934 ], [ 29.195254863532991, 40.935690923775283 ], [ 29.201956676293495, 40.936093388413774 ], [ 29.205900971432268, 40.931987231151737 ], [ 29.212602370004618, 40.932389117517687 ], [ 29.216545902176286, 40.928282553766351 ], [ 29.223246886148512, 40.928683862021742 ], [ 29.227189655225562, 40.924576892029236 ], [ 29.233890224185888, 40.924977622336158 ], [ 29.237832230041001, 40.920870246350702 ], [ 29.235073982245961, 40.916362279551819 ], [ 29.239015540238693, 40.912254637244473 ], [ 29.236257507740952, 40.907746371726184 ], [ 29.240198617967824, 40.903638463282974 ], [ 29.237440800738391, 40.899129899204439 ], [ 29.230742220970139, 40.898729071613538 ], [ 29.227984966649394, 40.894220037152678 ], [ 29.231925944350529, 40.890112002259187 ], [ 29.229168905144476, 40.885602669525994 ], [ 29.233109435242895, 40.881494368872573 ], [ 29.230352611122573, 40.876984738026415 ], [ 29.223655604589077, 40.876583235872502 ], [ 29.220899343192105, 40.872073135085863 ], [ 29.214202584739489, 40.871671023474384 ], [ 29.211446886129487, 40.867160452931714 ], [ 29.204750376104339, 40.866757731977742 ], [ 29.201995240344878, 40.862246691863618 ], [ 29.195298979093664, 40.861843361682354 ], [ 29.191357191370731, 40.865951103628412 ], [ 29.184660517026863, 40.86554719621838 ], [ 29.180717967854662, 40.869654532573044 ], [ 29.174020880829541, 40.86925004777261 ], [ 29.170077570335945, 40.873356978287859 ] ] ] } },
{ "type": "Feature", "properties": { "candidate_id": "C14", "source_h3_cell": "881ec90421fffff", "mode": "drive", "minutes": 15, "accessible_population": 808991, "accessible_demand": 907190.058, "reachable_cells": 122 }, "geometry": { "type": "Polygon", "coordinates": [ [ [ 29.144479334769763, 40.86311544600624 ], [ 29.140534637491704, 40.867221690271776 ], [ 29.133837228458241, 40.866814832021937 ], [ 29.129891770623448, 40.870920669821565 ], [ 29.132644034144995, 40.875433506047088 ], [ 29.128698128027711, 40.879539077379278 ], [ 29.131450605532088, 40.884051615983282 ], [ 29.127504251035745, 40.88815692066175 ], [ 29.130256942551512, 40.892669161484726 ], [ 29.126310139579509, 40.896774199323239 ], [ 29.129063045135283, 40.901286142205805 ], [ 29.125115793591011, 40.905390913018188 ], [ 29.127868913215352, 40.909902557801004 ], [ 29.134569634682435, 40.910309260567267 ], [ 29.137323318721762, 40.914820435912439 ], [ 29.133375931053223, 40.918925079674928 ], [ 29.136129829314704, 40.92343595663236 ], [ 29.132181992909516, 40.927540332992955 ], [ 29.134936105421783, 40.932050911403529 ], [ 29.141638404642602, 40.932456942254113 ], [ 29.144393081757009, 40.936967050784865 ], [ 29.151095632534656, 40.937372471609734 ], [ 29.153850874188279, 40.941882110076001 ], [ 29.160553676175923, 40.942286920759514 ], [ 29.163309482305728, 40.946796088976711 ], [ 29.170012535156442, 40.94720028940332 ], [ 29.1727689056993, 40.951708987186969 ], [ 29.179472209066006, 40.952112577241273 ], [ 29.182229143958644, 40.956620804407009 ], [ 29.188932697494121, 40.957023783973767 ], [ 29.192878652497534, 40.952918568109467 ], [ 29.199581792196682, 40.953320968938051 ], [ 29.203526984108223, 40.949215345971744 ], [ 29.210229709558586, 40.949617168224009 ], [ 29.214174138250385, 40.945511138403724 ], [ 29.220876449039672, 40.945912382241623 ], [ 29.224820114384098, 40.941805945815453 ], [ 29.23152201010026, 40.942206611401048 ], [ 29.23546491196986, 40.938099768617192 ], [ 29.242166392201113, 40.938499856112671 ], [ 29.246108530468646, 40.934392607219372 ], [ 29.25280959480342, 40.934792116787015 ], [ 29.25675096934188, 40.930684462032609 ], [ 29.25399159542269, 40.926177437065142 ], [ 29.257932522158718, 40.922069515981747 ], [ 29.25517336378616, 40.917562192037799 ], [ 29.259113842816276, 40.913454004811378 ], [ 29.256354899961238, 40.908946382050004 ], [ 29.260294931381953, 40.904837928866563 ], [ 29.257536204015359, 40.900330007446883 ], [ 29.261475787923143, 40.896221288492512 ], [ 29.258717276015915, 40.891713068573679 ], [ 29.252019527320801, 40.891313395481539 ], [ 29.249261577945241, 40.886804705069395 ], [ 29.253201030086494, 40.882695859898014 ], [ 29.250443296016734, 40.878186871274742 ], [ 29.243746457018684, 40.877786555719993 ], [ 29.240989285420095, 40.873277096916333 ], [ 29.244928605548242, 40.869168125791226 ], [ 29.242171649101948, 40.864658369064657 ], [ 29.235475719833367, 40.864257411385218 ], [ 29.232719325797639, 40.859747184791473 ], [ 29.226023644073813, 40.859345617789707 ], [ 29.223267812512436, 40.854834921513245 ], [ 29.216572378679917, 40.854432745304123 ], [ 29.213817109656517, 40.849921579529514 ], [ 29.207121924061735, 40.849518794228132 ], [ 29.204367217639842, 40.845007159140039 ], [ 29.197672280629082, 40.844603764861652 ], [ 29.193731388059422, 40.848712037738196 ], [ 29.187036038016256, 40.848308066534948 ], [ 29.183094384248992, 40.852415934185316 ], [ 29.176398621584564, 40.852011385895587 ], [ 29.172456206747469, 40.856118848071674 ], [ 29.165760031873141, 40.855713722533906 ], [ 29.161816856094159, 40.859820778987746 ], [ 29.155120269421541, 40.859415076040555 ], [ 29.151176332828832, 40.863521726524169 ], [ 29.144479334769763, 40.86311544600624 ] ] ] } },
{ "type": "Feature", "properties": { "candidate_id": "C14", "source_h3_cell": "881ec90421fffff", "mode": "walk", "minutes": 5, "accessible_population": 6958, "accessible_demand": 7957.199, "reachable_cells": 1 }, "geometry": { "type": "Polygon", "coordinates": [ [ [ 29.189361645917376, 40.904932492452929 ], [ 29.186605999846417, 40.900422472534238 ], [ 29.190549579033306, 40.896315794685542 ], [ 29.197248490268542, 40.896718996994437 ], [ 29.200004485049284, 40.901228845246145 ], [ 29.196061219961983, 40.905335662860843 ], [ 29.189361645917376, 40.904932492452929 ] ] ] } },
{ "type": "Feature", "properties": { "candidate_id": "C14", "source_h3_cell": "881ec90421fffff", "mode": "walk", "minutes": 10, "accessible_population": 6958, "accessible_demand": 7957.199, "reachable_cells": 1 }, "geometry": { "type": "Polygon", "coordinates": [ [ [ 29.189361645917376, 40.904932492452929 ], [ 29.186605999846417, 40.900422472534238 ], [ 29.190549579033306, 40.896315794685542 ], [ 29.197248490268542, 40.896718996994437 ], [ 29.200004485049284, 40.901228845246145 ], [ 29.196061219961983, 40.905335662860843 ], [ 29.189361645917376, 40.904932492452929 ] ] ] } },
{ "type": "Feature", "properties": { "candidate_id": "C14", "source_h3_cell": "881ec90421fffff", "mode": "walk", "minutes": 15, "accessible_population": 47447, "accessible_demand": 53649.386, "reachable_cells": 7 }, "geometry": { "type": "Polygon", "coordinates": [ [ [ 29.191737278841202, 40.887698532379176 ], [ 29.187794147665066, 40.891805476531594 ], [ 29.18109548593079, 40.891401664610285 ], [ 29.177151592927672, 40.895508202623724 ], [ 29.17990667539809, 40.900018692388834 ], [ 29.175962334258237, 40.904124963916082 ], [ 29.178717631335431, 40.908635155415404 ], [ 29.185417618623216, 40.909038903811755 ], [ 29.188173479425711, 40.913548625335963 ], [ 29.194873716405066, 40.913951763869768 ], [ 29.198817429570163, 40.909845212748593 ], [ 29.205517252864215, 40.91024777330378 ], [ 29.209460203568558, 40.906140815992373 ], [ 29.20670364543879, 40.901631437827362 ], [ 29.210646148191469, 40.8975242142049 ], [ 29.207889804984983, 40.893014537706456 ], [ 29.201191307374604, 40.892611913072329 ], [ 29.198435527392451, 40.888101766615897 ], [ 29.191737278841202, 40.887698532379176 ] ] ] } },
{ "type": "Feature", "properties": { "candidate_id": "C15", "source_h3_cell": "881ec905d1fffff", "mode": "drive", "minutes": 5, "accessible_population": 79479, "accessible_demand": 87238.537, "reachable_cells": 12 }, "geometry": { "type": "Polygon", "coordinates": [ [ [ 29.226023644073813, 40.859345617789707 ], [ 29.222083694120425, 40.863454309823886 ], [ 29.215387598040497, 40.863052165927002 ], [ 29.211446886129487, 40.867160452931714 ], [ 29.214202584739489, 40.871671023474384 ], [ 29.21026142526274, 40.875779044912974 ], [ 29.213017338709339, 40.880289317600329 ], [ 29.219714759659979, 40.880691396953239 ], [ 29.222471236018144, 40.885201199755727 ], [ 29.229168905144476, 40.885602669525994 ], [ 29.231925944350529, 40.890112002259187 ], [ 29.238623861305754, 40.890512862331882 ], [ 29.242564076290385, 40.886404422175275 ], [ 29.249261577945241, 40.886804705069395 ], [ 29.253201030086494, 40.882695859898014 ], [ 29.250443296016734, 40.878186871274742 ], [ 29.254382300807883, 40.874077760708538 ], [ 29.251624782014883, 40.869568474033507 ], [ 29.255563339552314, 40.865459098258782 ], [ 29.252806036007041, 40.860949513691509 ], [ 29.246110521946427, 40.860549132734832 ], [ 29.243353780623433, 40.856039078244869 ], [ 29.236658513666359, 40.855638087976125 ], [ 29.232719325797639, 40.859747184791473 ], [ 29.226023644073813, 40.859345617789707 ] ] ] } },
{ "type": "Feature", "properties": { "candidate_id": "C15", "source_h3_cell": "881ec905d1fffff", "mode": "drive", "minutes": 10, "accessible_population": 345124, "accessible_demand": 380003.04, "reachable_cells": 52 }, "geometry": { "type": "Polygon", "coordinates": [ [ [ 29.213817109656517, 40.849921579529514 ], [ 29.207121924061735, 40.849518794228132 ], [ 29.203181345414642, 40.853627206893343 ], [ 29.196485746346244, 40.853223844676926 ], [ 29.19254440624816, 40.85733185218146 ], [ 29.195298979093664, 40.861843361682354 ], [ 29.191357191370731, 40.865951103628412 ], [ 29.194111978803718, 40.870462315531832 ], [ 29.190169743359512, 40.874569791732988 ], [ 29.192924745408778, 40.879080705879375 ], [ 29.188982062146852, 40.883187916149303 ], [ 29.191737278841202, 40.887698532379176 ], [ 29.198435527392451, 40.888101766615897 ], [ 29.201191307374604, 40.892611913072329 ], [ 29.207889804984983, 40.893014537706456 ], [ 29.210646148191469, 40.8975242142049 ], [ 29.217344894514238, 40.897926229121275 ], [ 29.220101800881512, 40.902435435477308 ], [ 29.216159612765498, 40.906542798730804 ], [ 29.218916734180741, 40.911051706624704 ], [ 29.225616391838155, 40.911453079405334 ], [ 29.228374076475188, 40.915961516843829 ], [ 29.235073982245961, 40.916362279551819 ], [ 29.239015540238693, 40.912254637244473 ], [ 29.245715030616804, 40.912654822318061 ], [ 29.249655825386945, 40.908546774448482 ], [ 29.256354899961238, 40.908946382050004 ], [ 29.260294931381953, 40.904837928866563 ], [ 29.257536204015359, 40.900330007446883 ], [ 29.261475787923143, 40.896221288492512 ], [ 29.26817378331139, 40.896620351668169 ], [ 29.272112603869676, 40.892511227830873 ], [ 29.269353745049685, 40.888003180120904 ], [ 29.273292118317997, 40.883893790881373 ], [ 29.27998903429739, 40.884292310124479 ], [ 29.283926644216447, 40.880182516433102 ], [ 29.281167654388721, 40.875674342739273 ], [ 29.274471401098403, 40.875275790406619 ], [ 29.271712973300648, 40.87076714623749 ], [ 29.27565045227815, 40.866657226752281 ], [ 29.272892239947847, 40.862148284592713 ], [ 29.266196895189896, 40.861749089612793 ], [ 29.263439244829435, 40.857239677290877 ], [ 29.267376592618579, 40.853129632275511 ], [ 29.264619157572135, 40.848619922251572 ], [ 29.257924721379556, 40.848220084962144 ], [ 29.255167848242678, 40.843709905089057 ], [ 29.248473658618142, 40.843309458623033 ], [ 29.245717347454782, 40.838798809085205 ], [ 29.239023404744838, 40.838397753557345 ], [ 29.235085111214136, 40.842507380215096 ], [ 29.228390753798784, 40.84210574825812 ], [ 29.22445169843559, 40.846214970500021 ], [ 29.217756926725237, 40.845812761951834 ], [ 29.213817109656517, 40.849921579529514 ] ] ] } },
{ "type": "Feature", "properties": { "candidate_id": "C15", "source_h3_cell": "881ec905d1fffff", "mode": "drive", "minutes": 15, "accessible_population": 794141, "accessible_demand": 875502.823, "reachable_cells": 123 }, "geometry": { "type": "Polygon", "coordinates": [ [ [ 29.177587141910312, 40.843391210448679 ], [ 29.173645174756807, 40.847498938175526 ], [ 29.176398621584564, 40.852011385895587 ], [ 29.172456206747469, 40.856118848071674 ], [ 29.175209867913544, 40.860630998452265 ], [ 29.171267005296421, 40.864738194891153 ], [ 29.174020880829541, 40.86925004777261 ], [ 29.170077570335945, 40.873356978287859 ], [ 29.17283166026483, 40.877868533510608 ], [ 29.168887901798271, 40.881975197915857 ], [ 29.171642206151663, 40.88648645532038 ], [ 29.167697999615608, 40.890592853429347 ], [ 29.170452518422248, 40.89510381285622 ], [ 29.177151592927672, 40.895508202623724 ], [ 29.17990667539809, 40.900018692388834 ], [ 29.186605999846417, 40.900422472534238 ], [ 29.189361645917376, 40.904932492452929 ], [ 29.196061219961983, 40.905335662860843 ], [ 29.198817429570163, 40.909845212748593 ], [ 29.194873716405066, 40.913951763869768 ], [ 29.197630140869556, 40.91846101523435 ], [ 29.204330627193603, 40.918863543790394 ], [ 29.207087615256611, 40.923372324810934 ], [ 29.213788350578326, 40.923774243274138 ], [ 29.216545902176286, 40.928282553766351 ], [ 29.223246886148512, 40.928683862021742 ], [ 29.226005001217725, 40.933191701801412 ], [ 29.232706233493179, 40.933592399734195 ], [ 29.236648687307227, 40.929485290256594 ], [ 29.243349504128506, 40.92988541025116 ], [ 29.247291194467028, 40.925777894846497 ], [ 29.25399159542269, 40.926177437065142 ], [ 29.257932522158718, 40.922069515981747 ], [ 29.264632506837565, 40.922468480586879 ], [ 29.268572669844385, 40.918360154073163 ], [ 29.275272237835441, 40.918758541227334 ], [ 29.279211636986499, 40.914649809531753 ], [ 29.285910787879011, 40.915047619397605 ], [ 29.289849423048018, 40.910938482768714 ], [ 29.287089223930916, 40.906431675433943 ], [ 29.291027411774003, 40.902322273209393 ], [ 29.297725482028948, 40.902719539235328 ], [ 29.301662905890669, 40.898609732508554 ], [ 29.298902576326284, 40.894102798853282 ], [ 29.302839553085249, 40.8899927268995 ], [ 29.300079439390661, 40.885485494708234 ], [ 29.304015969143244, 40.881375157713627 ], [ 29.301256071289203, 40.87686762714565 ], [ 29.305192154131721, 40.872757025296501 ], [ 29.302432472089027, 40.868249196511172 ], [ 29.306368108117784, 40.864138329993814 ], [ 29.30360864185722, 40.859630203150594 ], [ 29.307543831168491, 40.855519072151417 ], [ 29.304784580660836, 40.851010647409808 ], [ 29.298090486540374, 40.850613181104052 ], [ 29.295331797436724, 40.846104286034368 ], [ 29.288637948308939, 40.845706210344417 ], [ 29.285879820673721, 40.84119684513076 ], [ 29.279186216885471, 40.840798160170884 ], [ 29.276428650782989, 40.836288324997447 ], [ 29.269735292681059, 40.835889030882043 ], [ 29.266978288175501, 40.831378725933121 ], [ 29.2602851761065, 40.830978822776721 ], [ 29.257528733261942, 40.826468048236691 ], [ 29.250835867572388, 40.826067536153957 ], [ 29.24807998645278, 40.821556292207319 ], [ 29.241387367489033, 40.821155171313045 ], [ 29.237449967911161, 40.825265327066845 ], [ 29.23075693430339, 40.82486363004741 ], [ 29.226818773145148, 40.828973381750757 ], [ 29.220125325303474, 40.828571108444038 ], [ 29.21618640269164, 40.832680455848546 ], [ 29.209492541026389, 40.832277606092553 ], [ 29.205552857088048, 40.836386548949925 ], [ 29.198858582009731, 40.835983122582803 ], [ 29.194918136872122, 40.840091660644802 ], [ 29.188223448791543, 40.839687657504776 ], [ 29.184282242582153, 40.843795790523259 ], [ 29.177587141910312, 40.843391210448679 ] ] ] } },
{ "type": "Feature", "properties": { "candidate_id": "C15", "source_h3_cell": "881ec905d1fffff", "mode": "walk", "minutes": 5, "accessible_population": 6763, "accessible_demand": 7504.185, "reachable_cells": 1 }, "geometry": { "type": "Polygon", "coordinates": [ [ [ 29.233109435242895, 40.881494368872573 ], [ 29.230352611122573, 40.876984738026415 ], [ 29.234292693714682, 40.872876171799327 ], [ 29.240989285420095, 40.873277096916333 ], [ 29.243746457018684, 40.877786555719993 ], [ 29.239806689510498, 40.881895261453984 ], [ 29.233109435242895, 40.881494368872573 ] ] ] } },
{ "type": "Feature", "properties": { "candidate_id": "C15", "source_h3_cell": "881ec905d1fffff", "mode": "walk", "minutes": 10, "accessible_population": 6763, "accessible_demand": 7504.185, "reachable_cells": 1 }, "geometry": { "type": "Polygon", "coordinates": [ [ [ 29.233109435242895, 40.881494368872573 ], [ 29.230352611122573, 40.876984738026415 ], [ 29.234292693714682, 40.872876171799327 ], [ 29.240989285420095, 40.873277096916333 ], [ 29.243746457018684, 40.877786555719993 ], [ 29.239806689510498, 40.881895261453984 ], [ 29.233109435242895, 40.881494368872573 ] ] ] } },
{ "type": "Feature", "properties": { "candidate_id": "C15", "source_h3_cell": "881ec905d1fffff", "mode": "walk", "minutes": 15, "accessible_population": 46965, "accessible_demand": 51951.925, "reachable_cells": 7 }, "geometry": { "type": "Polygon", "coordinates": [ [ [ 29.235475719833367, 40.864257411385218 ], [ 29.231536084651143, 40.868366242999628 ], [ 29.224839740585143, 40.867964708435217 ], [ 29.220899343192105, 40.872073135085863 ], [ 29.223655604589077, 40.876583235872502 ], [ 29.219714759659979, 40.880691396953239 ], [ 29.222471236018144, 40.885201199755727 ], [ 29.229168905144476, 40.885602669525994 ], [ 29.231925944350529, 40.890112002259187 ], [ 29.238623861305754, 40.890512862331882 ], [ 29.242564076290385, 40.886404422175275 ], [ 29.249261577945241, 40.886804705069395 ], [ 29.253201030086494, 40.882695859898014 ], [ 29.250443296016734, 40.878186871274742 ], [ 29.254382300807883, 40.874077760708538 ], [ 29.251624782014883, 40.869568474033507 ], [ 29.244928605548242, 40.869168125791226 ], [ 29.242171649101948, 40.864658369064657 ], [ 29.235475719833367, 40.864257411385218 ] ] ] } },
{ "type": "Feature", "properties": { "candidate_id": "C16", "source_h3_cell": "881ec914a9fffff", "mode": "drive", "minutes": 5, "accessible_population": 119402, "accessible_demand": 140280.654, "reachable_cells": 18 }, "geometry": { "type": "Polygon", "coordinates": [ [ [ 29.164430862545071, 41.01198853552242 ], [ 29.160480686828464, 41.016091325816937 ], [ 29.153772322486518, 41.015687376337567 ], [ 29.149821383305717, 41.019789757693538 ], [ 29.152579122362244, 41.02429622837672 ], [ 29.148627733563611, 41.028398340464911 ], [ 29.151385687533718, 41.032904510630168 ], [ 29.158095381005801, 41.0333083976425 ], [ 29.160853900640902, 41.037814096092163 ], [ 29.156902376158644, 41.041916078573976 ], [ 29.15966111086156, 41.046421476219685 ], [ 29.166371720657942, 41.046824720292946 ], [ 29.169131021087967, 41.051329645911267 ], [ 29.175841882106589, 41.051732278123389 ], [ 29.179792777671977, 41.047630016154848 ], [ 29.186503224522735, 41.04803206795826 ], [ 29.1904533556053, 41.043929396884394 ], [ 29.197163387874159, 41.044330868440873 ], [ 29.201112754345388, 41.040227788509519 ], [ 29.198352403736315, 41.035723376603841 ], [ 29.202301320834088, 41.031620027574242 ], [ 29.199541185707432, 41.027115314827142 ], [ 29.203489653528706, 41.023011696884431 ], [ 29.200729733855468, 41.018506683453985 ], [ 29.194021695865391, 41.018105116577495 ], [ 29.191262341102053, 41.013599631207775 ], [ 29.184554553158836, 41.013197452864354 ], [ 29.181795763369021, 41.008691495739171 ], [ 29.175088225820691, 41.008288706043693 ], [ 29.171138813697127, 41.012391905029048 ], [ 29.164430862545071, 41.01198853552242 ] ] ] } },
{ "type": "Feature", "properties": { "candidate_id": "C16", "source_h3_cell": "881ec914a9fffff", "mode": "drive", "minutes": 10, "accessible_population": 404863, "accessible_demand": 475892.246, "reachable_cells": 61 }, "geometry": { "type": "Polygon", "coordinates": [ [ [ 29.152207978658996, 41.002570883611611 ], [ 29.145500530227554, 41.002166291726738 ], [ 29.141549726908774, 41.006268802240434 ], [ 29.134841866174877, 41.005863630363734 ], [ 29.130890299902589, 41.009965731807711 ], [ 29.133646907690398, 41.014473145113811 ], [ 29.129694891741924, 41.018574977296389 ], [ 29.132451714192566, 41.023082090340608 ], [ 29.128499248470899, 41.027183653076563 ], [ 29.131256285613091, 41.031690465700684 ], [ 29.127303370021156, 41.035791758804855 ], [ 29.130060621883629, 41.040298270850755 ], [ 29.126107256324364, 41.044399294138053 ], [ 29.128864722935855, 41.048905505447671 ], [ 29.135575906477101, 41.049310522607875 ], [ 29.138333939256256, 41.053816262186238 ], [ 29.145045375256618, 41.05422066758122 ], [ 29.147803974140327, 41.05872593524434 ], [ 29.154515662251683, 41.05912972875884 ], [ 29.157274827176764, 41.063634524322794 ], [ 29.163986767050833, 41.064037705841656 ], [ 29.166746497953937, 41.068542029122646 ], [ 29.173458689242352, 41.068944598530848 ], [ 29.177410484352365, 41.064842876041531 ], [ 29.184122261412703, 41.06524486473733 ], [ 29.18807329178663, 41.061142732778841 ], [ 29.194784654204579, 41.061544140924049 ], [ 29.198734919713786, 41.05744159974418 ], [ 29.20544586707528, 41.057842427500695 ], [ 29.209395367591338, 41.053739477347314 ], [ 29.2161058994825, 41.054139724877182 ], [ 29.22005463487719, 41.050036365998217 ], [ 29.217293154138705, 41.045532899033574 ], [ 29.221241440219483, 41.041429271050298 ], [ 29.21848017521393, 41.036925502988574 ], [ 29.222428012077792, 41.032821606086003 ], [ 29.219666962776106, 41.028317537085179 ], [ 29.223614350519973, 41.024213371448411 ], [ 29.220853516893094, 41.01970900166652 ], [ 29.224800455613906, 41.015604567480722 ], [ 29.222039837632757, 41.011099897075859 ], [ 29.215332629864903, 41.010699489296201 ], [ 29.21257257641571, 41.006194346840616 ], [ 29.2058656178075, 41.005793327614256 ], [ 29.20310612895414, 41.001287713291632 ], [ 29.196399419853684, 41.000886082733238 ], [ 29.193640495659867, 40.996379996727391 ], [ 29.186934036415142, 40.995977754951745 ], [ 29.18417567694452, 40.991471197446579 ], [ 29.177469467903361, 40.99106834456861 ], [ 29.173520954219352, 40.995172080805439 ], [ 29.166814331634512, 40.994768648420042 ], [ 29.162865054610091, 40.998871976330236 ], [ 29.156158018895077, 40.998467964275832 ], [ 29.152207978658996, 41.002570883611611 ] ] ] } },
{ "type": "Feature", "properties": { "candidate_id": "C16", "source_h3_cell": "881ec914a9fffff", "mode": "drive", "minutes": 15, "accessible_population": 823938, "accessible_demand": 967343.678, "reachable_cells": 124 }, "geometry": { "type": "Polygon", "coordinates": [ [ [ 29.11591468132676, 40.996035555923221 ], [ 29.111962489101213, 41.000137377180309 ], [ 29.114717965368499, 41.004645732372218 ], [ 29.110765323408774, 41.008747284374387 ], [ 29.113521014088096, 41.013255339560651 ], [ 29.109567922297167, 41.017356622122605 ], [ 29.112323827417182, 41.021864377144901 ], [ 29.108370285698019, 41.025965390081417 ], [ 29.111126405287372, 41.030472844781492 ], [ 29.117836418246362, 41.030879115765302 ], [ 29.120593104003703, 41.035386099230422 ], [ 29.116639425209392, 41.03948698247131 ], [ 29.119396325590237, 41.043993665328095 ], [ 29.115442196702435, 41.048094278570169 ], [ 29.118199311735488, 41.052600660660573 ], [ 29.114244732657053, 41.056701003718835 ], [ 29.117002062371032, 41.061207084884934 ], [ 29.123714322916079, 41.061612652247 ], [ 29.126472219111822, 41.066118261610228 ], [ 29.133184732656968, 41.06652321707292 ], [ 29.135943195271491, 41.071028354449275 ], [ 29.142655961468545, 41.071432697897187 ], [ 29.145414990438749, 41.075937363102746 ], [ 29.152128008939417, 41.076341094420648 ], [ 29.154887604202088, 41.080845287271607 ], [ 29.161600874657896, 41.081248406344358 ], [ 29.1643610361497, 41.085752126656999 ], [ 29.171074558212087, 41.086154633369617 ], [ 29.175027253255202, 41.082053451098915 ], [ 29.18174036102937, 41.08245537679548 ], [ 29.185692291083008, 41.078353784691885 ], [ 29.192404984154358, 41.078755129534201 ], [ 29.19635614908978, 41.074653127845437 ], [ 29.203068427043938, 41.075053891995395 ], [ 29.2070188267326, 41.070951480969327 ], [ 29.213730689155419, 41.071351664588967 ], [ 29.217680323468976, 41.067248844473454 ], [ 29.224391769946557, 41.067648447724928 ], [ 29.228340638756904, 41.06354521876797 ], [ 29.235051668875592, 41.063944241813495 ], [ 29.238999772054832, 41.059840604263108 ], [ 29.23623716144289, 41.055338082973236 ], [ 29.240184815368114, 41.051234176312548 ], [ 29.237422420739605, 41.046731353670133 ], [ 29.241369625507819, 41.042627178084096 ], [ 29.238607446833608, 41.038124054246985 ], [ 29.24255420254174, 41.034019609920612 ], [ 29.239792239792671, 41.029516185046745 ], [ 29.243738546537653, 41.025411472165125 ], [ 29.240976799684592, 41.020907746412512 ], [ 29.244922657563318, 41.016802765160811 ], [ 29.242161126577127, 41.012298738687527 ], [ 29.246106535686419, 41.008193489250978 ], [ 29.243345220537972, 41.003689162215224 ], [ 29.236638844644052, 41.003289912883744 ], [ 29.233878093649363, 40.998785113686026 ], [ 29.22717196602823, 40.998385252928536 ], [ 29.224411779251373, 40.993879981752485 ], [ 29.217705900251229, 40.993479509683418 ], [ 29.214946277756173, 40.988973766712704 ], [ 29.208240647725077, 40.98857268344662 ], [ 29.205481589575665, 40.984066468865059 ], [ 29.198776208861521, 40.983664774516676 ], [ 29.196017715121471, 40.979158088508143 ], [ 29.189312584072098, 40.978755783192248 ], [ 29.186554654805033, 40.974248625940767 ], [ 29.179849773768076, 40.973845709772334 ], [ 29.175902158136118, 40.977949982518986 ], [ 29.169196863615511, 40.97754648714691 ], [ 29.165248484895656, 40.981650351931222 ], [ 29.15854277730465, 40.981246277193883 ], [ 29.154593635625538, 40.985349733768089 ], [ 29.147887515377569, 40.984945079504008 ], [ 29.143937610868047, 40.989048127620357 ], [ 29.137231078376836, 40.988642893668192 ], [ 29.133280411165952, 40.99274553307901 ], [ 29.126573466845418, 40.992339719277496 ], [ 29.122622037062456, 40.996441949735214 ], [ 29.11591468132676, 40.996035555923221 ] ] ] } },
{ "type": "Feature", "properties": { "candidate_id": "C16", "source_h3_cell": "881ec914a9fffff", "mode": "walk", "minutes": 5, "accessible_population": 6554, "accessible_demand": 7681.982, "reachable_cells": 1 }, "geometry": { "type": "Polygon", "coordinates": [ [ [ 29.171514606097407, 41.034114979764503 ], [ 29.168755736024938, 41.029609452440532 ], [ 29.172706046975836, 41.025506791447775 ], [ 29.179414913534611, 41.025909518068794 ], [ 29.182174133759212, 41.03041487418097 ], [ 29.178224137350202, 41.034517674888846 ], [ 29.171514606097407, 41.034114979764503 ] ] ] } },
{ "type": "Feature", "properties": { "candidate_id": "C16", "source_h3_cell": "881ec914a9fffff", "mode": "walk", "minutes": 10, "accessible_population": 6554, "accessible_demand": 7681.982, "reachable_cells": 1 }, "geometry": { "type": "Polygon", "coordinates": [ [ [ 29.171514606097407, 41.034114979764503 ], [ 29.168755736024938, 41.029609452440532 ], [ 29.172706046975836, 41.025506791447775 ], [ 29.179414913534611, 41.025909518068794 ], [ 29.182174133759212, 41.03041487418097 ], [ 29.178224137350202, 41.034517674888846 ], [ 29.171514606097407, 41.034114979764503 ] ] ] } },
{ "type": "Feature", "properties": { "candidate_id": "C16", "source_h3_cell": "881ec914a9fffff", "mode": "walk", "minutes": 15, "accessible_population": 46814, "accessible_demand": 55226.397, "reachable_cells": 7 }, "geometry": { "type": "Polygon", "coordinates": [ [ [ 29.17389725352756, 41.016898033426386 ], [ 29.169947392038821, 41.021000963508037 ], [ 29.163238776414481, 41.020597625400285 ], [ 29.15928815120634, 41.024700146609064 ], [ 29.162046455802479, 41.029206145704649 ], [ 29.158095381005801, 41.0333083976425 ], [ 29.160853900640902, 41.037814096092163 ], [ 29.167563845587363, 41.038217371483213 ], [ 29.17032293082416, 41.042722598033365 ], [ 29.177033126896909, 41.043125261688068 ], [ 29.180983572835579, 41.039022730257329 ], [ 29.187693354770563, 41.039424813655174 ], [ 29.191643036353014, 41.035321873301079 ], [ 29.188883250904361, 41.030816989200275 ], [ 29.192832483083706, 41.026713779751049 ], [ 29.190072912992175, 41.022208594936728 ], [ 29.183364460510941, 41.021806448268883 ], [ 29.180605455518201, 41.01730079157111 ], [ 29.17389725352756, 41.016898033426386 ] ] ] } },
{ "type": "Feature", "properties": { "candidate_id": "C17", "source_h3_cell": "881ec9065bfffff", "mode": "drive", "minutes": 5, "accessible_population": 119008, "accessible_demand": 133791.241, "reachable_cells": 18 }, "geometry": { "type": "Polygon", "coordinates": [ [ [ 29.218892185460838, 40.984868667452723 ], [ 29.214946277756173, 40.988973766712704 ], [ 29.208240647725077, 40.98857268344662 ], [ 29.204293976040606, 40.992677375189508 ], [ 29.207053249527494, 40.997183289720795 ], [ 29.20310612895414, 41.001287713291632 ], [ 29.2058656178075, 41.005793327614256 ], [ 29.21257257641571, 41.006194346840616 ], [ 29.215332629864903, 41.010699489296201 ], [ 29.211385375582754, 41.014803784030363 ], [ 29.214145644552534, 41.019308625990966 ], [ 29.220853516893094, 41.01970900166652 ], [ 29.223614350519973, 41.024213371448411 ], [ 29.23032247176722, 41.02461313543796 ], [ 29.234269094642301, 41.020508561869654 ], [ 29.240976799684592, 41.020907746412512 ], [ 29.244922657563318, 41.016802765160811 ], [ 29.251629945987911, 41.017201370419365 ], [ 29.255575038742847, 41.013095981732462 ], [ 29.252813159504822, 41.008592127042171 ], [ 29.256757803617273, 41.004486470352504 ], [ 29.253996140312864, 40.999982315129991 ], [ 29.257940335879642, 40.995876390622897 ], [ 29.255178888479659, 40.991371935026429 ], [ 29.24847359349582, 40.990973232088706 ], [ 29.245712709935443, 40.986468304402827 ], [ 29.239007662686188, 40.986068990174459 ], [ 29.2362473430296, 40.981563590582731 ], [ 29.229542543863047, 40.981163665178023 ], [ 29.225597400265926, 40.985269171707024 ], [ 29.218892185460838, 40.984868667452723 ] ] ] } },
{ "type": "Feature", "properties": { "candidate_id": "C17", "source_h3_cell": "881ec9065bfffff", "mode": "drive", "minutes": 10, "accessible_population": 397428, "accessible_demand": 447400.418, "reachable_cells": 60 }, "geometry": { "type": "Polygon", "coordinates": [ [ [ 29.206668969627177, 40.975454994662165 ], [ 29.199964252917542, 40.975053268378275 ], [ 29.196017715121471, 40.979158088508143 ], [ 29.189312584072098, 40.978755783192248 ], [ 29.185365282805162, 40.982860195673389 ], [ 29.188123427159574, 40.987367053130939 ], [ 29.18417567694452, 40.991471197446579 ], [ 29.186934036415142, 40.995977754951745 ], [ 29.182985837155133, 41.000081630916448 ], [ 29.185744411770887, 41.004587888310773 ], [ 29.181795763369021, 41.008691495739171 ], [ 29.184554553158836, 41.013197452864354 ], [ 29.191262341102053, 41.013599631207775 ], [ 29.194021695865391, 41.018105116577495 ], [ 29.190072912992175, 41.022208594936728 ], [ 29.192832483083706, 41.026713779751049 ], [ 29.199541185707432, 41.027115314827142 ], [ 29.202301320834088, 41.031620027574242 ], [ 29.209010273252062, 41.03202095094386 ], [ 29.211770973350095, 41.036525191440056 ], [ 29.21848017521393, 41.036925502988574 ], [ 29.221241440219483, 41.041429271050298 ], [ 29.227950891180658, 41.041828970663275 ], [ 29.231898412138985, 41.037724934384407 ], [ 29.238607446833608, 41.038124054246985 ], [ 29.24255420254174, 41.034019609920612 ], [ 29.249262820556794, 41.034418150195165 ], [ 29.25320881088723, 41.030313298069466 ], [ 29.259917011809929, 41.03071125891848 ], [ 29.263862236635383, 41.02660599924166 ], [ 29.270570020053142, 41.027003380827779 ], [ 29.274514479246555, 41.022897713848131 ], [ 29.271751472022402, 41.018394804398895 ], [ 29.275695482633751, 41.014288869410244 ], [ 29.272932691593208, 41.009785659172927 ], [ 29.276876253719308, 41.005679456360461 ], [ 29.274113678833128, 41.001175945493245 ], [ 29.278056792570762, 40.997069475042316 ], [ 29.275294433809712, 40.992565663703438 ], [ 29.279237099255624, 40.988458925799414 ], [ 29.276474956590459, 40.983954814147182 ], [ 29.269770495892256, 40.983557268379208 ], [ 29.267008916688198, 40.979052684526735 ], [ 29.260304702838546, 40.978654527489461 ], [ 29.257543687160002, 40.97414947162023 ], [ 29.250839720507106, 40.973750703427768 ], [ 29.248079268418333, 40.969245175725369 ], [ 29.241375549310295, 40.968845796491941 ], [ 29.238615660875475, 40.964339797140042 ], [ 29.231912189660246, 40.963939806980029 ], [ 29.227967943044241, 40.968045848567918 ], [ 29.221264056251908, 40.967645279862076 ], [ 29.217319045781512, 40.971750914545389 ], [ 29.210614743824319, 40.971349767131542 ], [ 29.206668969627177, 40.975454994662165 ] ] ] } },
{ "type": "Feature", "properties": { "candidate_id": "C17", "source_h3_cell": "881ec9065bfffff", "mode": "drive", "minutes": 15, "accessible_population": 818199, "accessible_demand": 923809.619, "reachable_cells": 125 }, "geometry": { "type": "Polygon", "coordinates": [ [ [ 29.181039575788652, 40.965233540738701 ], [ 29.177092409037481, 40.969338081461991 ], [ 29.170387778360471, 40.968934554556107 ], [ 29.166439848647613, 40.973038687499269 ], [ 29.169196863615511, 40.97754648714691 ], [ 29.165248484895656, 40.981650351931222 ], [ 29.168005714729539, 40.986157851882886 ], [ 29.164056886905847, 40.990261448322862 ], [ 29.166814331634512, 40.994768648420042 ], [ 29.162865054610091, 40.998871976330236 ], [ 29.165622714262376, 41.003378876414466 ], [ 29.161672987940335, 41.007481935609469 ], [ 29.164430862545071, 41.01198853552242 ], [ 29.160480686828464, 41.016091325816937 ], [ 29.163238776414481, 41.020597625400285 ], [ 29.169947392038821, 41.021000963508037 ], [ 29.172706046975836, 41.025506791447775 ], [ 29.168755736024938, 41.029609452440532 ], [ 29.171514606097407, 41.034114979764503 ], [ 29.178224137350202, 41.034517674888846 ], [ 29.180983572835579, 41.039022730257329 ], [ 29.187693354770563, 41.039424813655174 ], [ 29.1904533556053, 41.043929396884394 ], [ 29.197163387874159, 41.044330868440873 ], [ 29.199923953994627, 41.048834979347149 ], [ 29.206634236248906, 41.049235838947602 ], [ 29.209395367591338, 41.053739477347314 ], [ 29.2161058994825, 41.054139724877182 ], [ 29.218867595982996, 41.058642890586867 ], [ 29.225578377162332, 41.059042525931709 ], [ 29.229526796591671, 41.054939027682494 ], [ 29.23623716144289, 41.055338082973236 ], [ 29.240184815368114, 41.051234176312548 ], [ 29.246894763477897, 41.051632651711579 ], [ 29.250841651771395, 41.047528336887531 ], [ 29.257551182726679, 41.047926232557316 ], [ 29.261497305261049, 41.043821509818109 ], [ 29.268206418648987, 41.04421882592127 ], [ 29.272151775297022, 41.040113695515167 ], [ 29.278860470705027, 41.040510432214425 ], [ 29.282805061339758, 41.036404894389733 ], [ 29.289513338355434, 41.036801051847924 ], [ 29.293457162850103, 41.032695106853041 ], [ 29.290693027897934, 41.028193143377713 ], [ 29.294636403871333, 41.024086930367638 ], [ 29.291872485352748, 41.019584665848548 ], [ 29.295815412901696, 41.01547818500844 ], [ 29.293051710787378, 41.010975619603663 ], [ 29.296994190008622, 41.006868871118762 ], [ 29.294230704269268, 41.002366004986428 ], [ 29.298172735259584, 40.99825898904205 ], [ 29.295409465865841, 40.993755822340376 ], [ 29.299351048721938, 40.989648539121873 ], [ 29.296587995644522, 40.985145072009168 ], [ 29.289883706649441, 40.984748715954289 ], [ 29.28712121677917, 40.980244776402678 ], [ 29.291062668906644, 40.976137365087403 ], [ 29.288300395198608, 40.971633125411216 ], [ 29.281597016395438, 40.971236124914533 ], [ 29.278835305834349, 40.966731413110914 ], [ 29.272132173342367, 40.96633380148063 ], [ 29.269371025992765, 40.961828617733062 ], [ 29.26266814016012, 40.961430395083177 ], [ 29.259907556086368, 40.956924739575229 ], [ 29.253204917261129, 40.95652590601987 ], [ 29.250444896527494, 40.952019778935195 ], [ 29.243742505057529, 40.951620334588661 ], [ 29.240983047728179, 40.947113736111049 ], [ 29.234280903961302, 40.946713681087729 ], [ 29.23033755393956, 40.950820256991989 ], [ 29.223634994657015, 40.950419623726617 ], [ 29.219690881033962, 40.954525793090887 ], [ 29.212987906647708, 40.954124581421297 ], [ 29.209043029550848, 40.958230343997393 ], [ 29.20233964047307, 40.957828553761537 ], [ 29.198394000030095, 40.961933909301358 ], [ 29.191690196673186, 40.961531540337297 ], [ 29.187743793012054, 40.965636488592828 ], [ 29.181039575788652, 40.965233540738701 ] ] ] } },
{ "type": "Feature", "properties": { "candidate_id": "C17", "source_h3_cell": "881ec9065bfffff", "mode": "walk", "minutes": 5, "accessible_population": 6452, "accessible_demand": 7098.733, "reachable_cells": 1 }, "geometry": { "type": "Polygon", "coordinates": [ [ [ 29.225986327427382, 41.006995194526255 ], [ 29.223225925062909, 41.002490223656665 ], [ 29.22717196602823, 40.998385252928536 ], [ 29.233878093649363, 40.998785113686026 ], [ 29.236638844644052, 41.003289912883744 ], [ 29.232693119464624, 41.007395023000704 ], [ 29.225986327427382, 41.006995194526255 ] ] ] } },
{ "type": "Feature", "properties": { "candidate_id": "C17", "source_h3_cell": "881ec9065bfffff", "mode": "walk", "minutes": 10, "accessible_population": 6452, "accessible_demand": 7098.733, "reachable_cells": 1 }, "geometry": { "type": "Polygon", "coordinates": [ [ [ 29.225986327427382, 41.006995194526255 ], [ 29.223225925062909, 41.002490223656665 ], [ 29.22717196602823, 40.998385252928536 ], [ 29.233878093649363, 40.998785113686026 ], [ 29.236638844644052, 41.003289912883744 ], [ 29.232693119464624, 41.007395023000704 ], [ 29.225986327427382, 41.006995194526255 ] ] ] } },
{ "type": "Feature", "properties": { "candidate_id": "C17", "source_h3_cell": "881ec9065bfffff", "mode": "walk", "minutes": 15, "accessible_population": 46041, "accessible_demand": 51581.501, "reachable_cells": 7 }, "geometry": { "type": "Polygon", "coordinates": [ [ [ 29.228357371484201, 40.989774743031205 ], [ 29.224411779251373, 40.993879981752485 ], [ 29.217705900251229, 40.993479509683418 ], [ 29.213759543784242, 40.997584340953509 ], [ 29.21651938174185, 41.002089783745824 ], [ 29.21257257641571, 41.006194346840616 ], [ 29.215332629864903, 41.010699489296201 ], [ 29.222039837632757, 41.011099897075859 ], [ 29.224800455613906, 41.015604567480722 ], [ 29.231507912193159, 41.016004363699174 ], [ 29.235454086171998, 41.011899521763908 ], [ 29.242161126577127, 41.012298738687527 ], [ 29.246106535686419, 41.008193489250978 ], [ 29.243345220537972, 41.003689162215224 ], [ 29.247290180974701, 40.999583644779065 ], [ 29.244529081634852, 40.99507901733908 ], [ 29.237823370126204, 40.994679735572689 ], [ 29.235062834815107, 40.990174636098786 ], [ 29.228357371484201, 40.989774743031205 ] ] ] } },
{ "type": "Feature", "properties": { "candidate_id": "C18", "source_h3_cell": "881ec906c3fffff", "mode": "drive", "minutes": 5, "accessible_population": 92521, "accessible_demand": 101585.565, "reachable_cells": 14 }, "geometry": { "type": "Polygon", "coordinates": [ [ [ 29.263849510375717, 40.952817478763045 ], [ 29.259907556086368, 40.956924739575229 ], [ 29.26266814016012, 40.961430395083177 ], [ 29.258725737808646, 40.965537389005512 ], [ 29.252022435132485, 40.965138588145102 ], [ 29.248079268418333, 40.969245175725369 ], [ 29.250839720507106, 40.973750703427768 ], [ 29.257543687160002, 40.97414947162023 ], [ 29.260304702838546, 40.978654527489461 ], [ 29.256361404072852, 40.982760987075217 ], [ 29.259122635597539, 40.987265742887267 ], [ 29.265827513644478, 40.987663867158808 ], [ 29.26858930881955, 40.992168150826004 ], [ 29.275294433809712, 40.992565663703438 ], [ 29.279237099255624, 40.988458925799414 ], [ 29.285941806453998, 40.988855860184145 ], [ 29.289883706649441, 40.984748715954289 ], [ 29.28712121677917, 40.980244776402678 ], [ 29.291062668906644, 40.976137365087403 ], [ 29.288300395198608, 40.971633125411216 ], [ 29.292241399354761, 40.967525447196053 ], [ 29.289479341779668, 40.963020907553791 ], [ 29.293419898061131, 40.958912962624346 ], [ 29.290658056589749, 40.954408123174595 ], [ 29.283956005678274, 40.954011056457723 ], [ 29.281194727104392, 40.949505745136953 ], [ 29.274492922315236, 40.949108067536194 ], [ 29.270551732388572, 40.953215734259771 ], [ 29.263849510375717, 40.952817478763045 ] ] ] } },
{ "type": "Feature", "properties": { "candidate_id": "C18", "source_h3_cell": "881ec906c3fffff", "mode": "drive", "minutes": 10, "accessible_population": 379553, "accessible_demand": 416699.094, "reachable_cells": 60 }, "geometry": { "type": "Polygon", "coordinates": [ [ [ 29.251627361860848, 40.943406230858606 ], [ 29.244925634021328, 40.943006753915007 ], [ 29.240983047728179, 40.947113736111049 ], [ 29.234280903961302, 40.946713681087729 ], [ 29.23033755393956, 40.950820256991989 ], [ 29.233096663213974, 40.955327027323506 ], [ 29.239799470642165, 40.955727049901675 ], [ 29.242559143509716, 40.960233348895784 ], [ 29.238615660875475, 40.964339797140042 ], [ 29.231912189660246, 40.963939806980029 ], [ 29.227967943044241, 40.968045848567918 ], [ 29.230727483232506, 40.972552019712943 ], [ 29.226782788174297, 40.97665779386417 ], [ 29.229542543863047, 40.981163665178023 ], [ 29.225597400265926, 40.985269171707024 ], [ 29.228357371484201, 40.989774743031205 ], [ 29.235062834815107, 40.990174636098786 ], [ 29.237823370126204, 40.994679735572689 ], [ 29.244529081634852, 40.99507901733908 ], [ 29.247290180974701, 40.999583644779065 ], [ 29.253996140312864, 40.999982315129991 ], [ 29.256757803617273, 41.004486470352504 ], [ 29.263464010436572, 41.004884529173772 ], [ 29.266226237641273, 41.009388211995358 ], [ 29.272932691593208, 41.009785659172927 ], [ 29.276876253719308, 41.005679456360461 ], [ 29.283582289816724, 41.006076324741571 ], [ 29.287525086438198, 41.001969715238936 ], [ 29.294230704269268, 41.002366004986428 ], [ 29.298172735259584, 40.99825898904205 ], [ 29.30487793441273, 40.998654700318902 ], [ 29.308819199645576, 40.994547278181329 ], [ 29.315523979709461, 40.994942411150625 ], [ 29.319464479058741, 40.990834583068462 ], [ 29.316700516297903, 40.98633176087445 ], [ 29.320640567767459, 40.982223665882614 ], [ 29.317876821513813, 40.977720543338243 ], [ 29.321816425200272, 40.973612181622208 ], [ 29.319052895424427, 40.96910875888593 ], [ 29.322992051424372, 40.96500013063126 ], [ 29.320228738096979, 40.960496407861562 ], [ 29.324167446506994, 40.956387513253894 ], [ 29.321404349598669, 40.951883490609347 ], [ 29.314702890362831, 40.951488190149576 ], [ 29.311940355908579, 40.946983695340265 ], [ 29.30523914156219, 40.946587783904953 ], [ 29.302477169626826, 40.942082817114226 ], [ 29.295776200518063, 40.941686294817075 ], [ 29.293014791166311, 40.937180856228409 ], [ 29.286314067643243, 40.936783723183204 ], [ 29.283553220939702, 40.932277812980139 ], [ 29.276852743350275, 40.931880069300831 ], [ 29.272912449004483, 40.935988268882163 ], [ 29.266211554253939, 40.935589947610694 ], [ 29.262270495798983, 40.93969774164534 ], [ 29.255569184298313, 40.939298842619074 ], [ 29.251627361860848, 40.943406230858606 ] ] ] } },
{ "type": "Feature", "properties": { "candidate_id": "C18", "source_h3_cell": "881ec906c3fffff", "mode": "drive", "minutes": 15, "accessible_population": 762107, "accessible_demand": 838855.75, "reachable_cells": 127 }, "geometry": { "type": "Polygon", "coordinates": [ [ [ 29.226005001217725, 40.933191701801412 ], [ 29.222061784055299, 40.937298405103675 ], [ 29.215360136737353, 40.936897129070509 ], [ 29.211416156353927, 40.941003425949233 ], [ 29.214174138250385, 40.945511138403724 ], [ 29.210229709558586, 40.949617168224009 ], [ 29.212987906647708, 40.954124581421297 ], [ 29.209043029550848, 40.958230343997393 ], [ 29.211801441861606, 40.962737457778715 ], [ 29.20785611626296, 40.966842952924878 ], [ 29.210614743824319, 40.971349767131542 ], [ 29.206668969627177, 40.975454994662165 ], [ 29.209427812468071, 40.979961509135563 ], [ 29.205481589575665, 40.984066468865059 ], [ 29.208240647725077, 40.98857268344662 ], [ 29.204293976040606, 40.992677375189508 ], [ 29.207053249527494, 40.997183289720795 ], [ 29.213759543784242, 40.997584340953509 ], [ 29.21651938174185, 41.002089783745824 ], [ 29.223225925062909, 41.002490223656665 ], [ 29.225986327427382, 41.006995194526255 ], [ 29.232693119464624, 41.007395023000704 ], [ 29.235454086171998, 41.011899521763908 ], [ 29.242161126577127, 41.012298738687527 ], [ 29.244922657563318, 41.016802765160811 ], [ 29.251629945987911, 41.017201370419365 ], [ 29.25439204118873, 41.021704924419225 ], [ 29.261099577284249, 41.022102917898565 ], [ 29.263862236635383, 41.02660599924166 ], [ 29.270570020053142, 41.027003380827779 ], [ 29.274514479246555, 41.022897713848131 ], [ 29.28122184474709, 41.023294516334055 ], [ 29.28516553818157, 41.019188442299971 ], [ 29.291872485352748, 41.019584665848548 ], [ 29.295815412901696, 41.01547818500844 ], [ 29.302521941331673, 41.015873829782628 ], [ 29.306464102868624, 41.011766942385009 ], [ 29.313170212145771, 41.012162008547882 ], [ 29.317111607544515, 41.008054714841329 ], [ 29.323817297257438, 41.008449202556058 ], [ 29.327757926391993, 41.004341502789195 ], [ 29.334463196129498, 41.004735412219112 ], [ 29.338403058874079, 41.000627306640666 ], [ 29.33563797040269, 40.99612543035034 ], [ 29.339577385329029, 40.992017057855783 ], [ 29.336812513614262, 40.987514880959161 ], [ 29.34075148081898, 40.983406241733931 ], [ 29.3379868258314, 40.978903764389315 ], [ 29.341925345411113, 40.974794858618907 ], [ 29.339160907121261, 40.970292080984692 ], [ 29.343098979172535, 40.966182908854655 ], [ 29.340334757550963, 40.961679831089327 ], [ 29.344272382170338, 40.957570392785264 ], [ 29.341508377187619, 40.953067015047367 ], [ 29.345445554471603, 40.948957310754999 ], [ 29.342681766098288, 40.944453633203175 ], [ 29.335981145953994, 40.944059487349882 ], [ 29.333217919655674, 40.939555337523252 ], [ 29.326517543516417, 40.939160580717143 ], [ 29.323754879358127, 40.93465595879897 ], [ 29.317054747572172, 40.934260591153489 ], [ 29.314292645618856, 40.929755497327129 ], [ 29.307592758534369, 40.929359518955849 ], [ 29.304831218850801, 40.924853953404735 ], [ 29.298131576815795, 40.924457364421379 ], [ 29.295370599466715, 40.919951327329073 ], [ 29.288671202829072, 40.919554127847469 ], [ 29.285910787879011, 40.915047619397605 ], [ 29.279211636986499, 40.914649809531753 ], [ 29.275272237835441, 40.918758541227334 ], [ 29.268572669844385, 40.918360154073163 ], [ 29.264632506837565, 40.922468480586879 ], [ 29.257932522158718, 40.922069515981747 ], [ 29.25399159542269, 40.926177437065142 ], [ 29.247291194467028, 40.925777894846497 ], [ 29.243349504128506, 40.92988541025116 ], [ 29.236648687307227, 40.929485290256594 ], [ 29.232706233493179, 40.933592399734195 ], [ 29.226005001217725, 40.933191701801412 ] ] ] } },
{ "type": "Feature", "properties": { "candidate_id": "C18", "source_h3_cell": "881ec906c3fffff", "mode": "walk", "minutes": 5, "accessible_population": 6690, "accessible_demand": 7383.335, "reachable_cells": 1 }, "geometry": { "type": "Polygon", "coordinates": [ [ [ 29.270951450710697, 40.974945818482738 ], [ 29.268190087448463, 40.970440934603445 ], [ 29.272132173342367, 40.96633380148063 ], [ 29.278835305834349, 40.966731413110914 ], [ 29.281597016395438, 40.971236124914533 ], [ 29.277655247242855, 40.975343397168352 ], [ 29.270951450710697, 40.974945818482738 ] ] ] } },
{ "type": "Feature", "properties": { "candidate_id": "C18", "source_h3_cell": "881ec906c3fffff", "mode": "walk", "minutes": 10, "accessible_population": 6690, "accessible_demand": 7383.335, "reachable_cells": 1 }, "geometry": { "type": "Polygon", "coordinates": [ [ [ 29.270951450710697, 40.974945818482738 ], [ 29.268190087448463, 40.970440934603445 ], [ 29.272132173342367, 40.96633380148063 ], [ 29.278835305834349, 40.966731413110914 ], [ 29.281597016395438, 40.971236124914533 ], [ 29.277655247242855, 40.975343397168352 ], [ 29.270951450710697, 40.974945818482738 ] ] ] } },
{ "type": "Feature", "properties": { "candidate_id": "C18", "source_h3_cell": "881ec906c3fffff", "mode": "walk", "minutes": 15, "accessible_population": 46806, "accessible_demand": 51621.089, "reachable_cells": 7 }, "geometry": { "type": "Polygon", "coordinates": [ [ [ 29.273312663854739, 40.957721217717022 ], [ 29.269371025992765, 40.961828617733062 ], [ 29.26266814016012, 40.961430395083177 ], [ 29.258725737808646, 40.965537389005512 ], [ 29.261486537670233, 40.970042744773394 ], [ 29.257543687160002, 40.97414947162023 ], [ 29.260304702838546, 40.978654527489461 ], [ 29.267008916688198, 40.979052684526735 ], [ 29.269770495892256, 40.983557268379208 ], [ 29.276474956590459, 40.983954814147182 ], [ 29.280417173841364, 40.979847808975499 ], [ 29.28712121677917, 40.980244776402678 ], [ 29.291062668906644, 40.976137365087403 ], [ 29.288300395198608, 40.971633125411216 ], [ 29.292241399354761, 40.967525447196053 ], [ 29.289479341779668, 40.963020907553791 ], [ 29.282776626985271, 40.962623873960545 ], [ 29.2800151324324, 40.958118862319026 ], [ 29.273312663854739, 40.957721217717022 ] ] ] } },
{ "type": "Feature", "properties": { "candidate_id": "C19", "source_h3_cell": "881ec93a15fffff", "mode": "drive", "minutes": 5, "accessible_population": 53340, "accessible_demand": 57683.829, "reachable_cells": 19 }, "geometry": { "type": "Polygon", "coordinates": [ [ [ 29.303970028431564, 40.807506811175308 ], [ 29.300036754816588, 40.811619122654299 ], [ 29.293345553561235, 40.811220913406849 ], [ 29.289411517483, 40.815332822144214 ], [ 29.292168998779665, 40.819843079321096 ], [ 29.288234516308041, 40.823954724330839 ], [ 29.290992213021774, 40.828464684346493 ], [ 29.287057284060644, 40.83257606544187 ], [ 29.289815196220545, 40.837085728136408 ], [ 29.296508383192279, 40.837483837175448 ], [ 29.299266856696406, 40.841993029854976 ], [ 29.305960288566919, 40.842390529634919 ], [ 29.308719323350843, 40.846899252115314 ], [ 29.315412999773226, 40.847296142521976 ], [ 29.319346979116492, 40.843184344069641 ], [ 29.326040237431673, 40.843580658740244 ], [ 29.329973453302948, 40.839468457378956 ], [ 29.336666293102105, 40.839864196476583 ], [ 29.340598745376301, 40.835751592455281 ], [ 29.337838675253522, 40.831243388257761 ], [ 29.341770681382794, 40.827130520675873 ], [ 29.33901082723904, 40.822622018991602 ], [ 29.34294238731945, 40.818508888035815 ], [ 29.340182749125454, 40.814000089024624 ], [ 29.333491895414056, 40.813604248056144 ], [ 29.330732817685611, 40.809094978938717 ], [ 29.324042207364428, 40.808698528994448 ], [ 29.321283690166243, 40.804188789954878 ], [ 29.314593323581995, 40.803791731148792 ], [ 29.310660812555685, 40.80790444512062 ], [ 29.303970028431564, 40.807506811175308 ] ] ] } },
{ "type": "Feature", "properties": { "candidate_id": "C19", "source_h3_cell": "881ec93a15fffff", "mode": "drive", "minutes": 10, "accessible_population": 176514, "accessible_demand": 190591.984, "reachable_cells": 66 }, "geometry": { "type": "Polygon", "coordinates": [ [ [ 29.274449915507386, 40.801401090918354 ], [ 29.270515247883221, 40.805512721052239 ], [ 29.273271606795273, 40.810023917189859 ], [ 29.269336492717411, 40.814135283604145 ], [ 29.27209306679827, 40.818646182838812 ], [ 29.268157506170546, 40.822757285346682 ], [ 29.270914295449231, 40.827267887518417 ], [ 29.266978288175501, 40.831378725933121 ], [ 29.269735292681059, 40.835889030882043 ], [ 29.265798838665081, 40.839999605016892 ], [ 29.268556058426569, 40.844509612583195 ], [ 29.275250078621838, 40.844908873626572 ], [ 29.278007860104488, 40.849418411288376 ], [ 29.28470212608018, 40.849817063051127 ], [ 29.287460469219827, 40.854326130624194 ], [ 29.294154980629074, 40.854724172991936 ], [ 29.296913885361391, 40.859232770292095 ], [ 29.30360864185722, 40.859630203150594 ], [ 29.306368108117784, 40.864138329993814 ], [ 29.31306310935307, 40.864535153228928 ], [ 29.316997981781714, 40.860423883188396 ], [ 29.323692564846304, 40.860820130383509 ], [ 29.327626673549453, 40.856708457068628 ], [ 29.334320838034216, 40.857104128386865 ], [ 29.338254182886708, 40.852992052046545 ], [ 29.344947928382748, 40.853387147651119 ], [ 29.348880509259651, 40.849274668534328 ], [ 29.355573835358292, 40.849669188588599 ], [ 29.359505652134864, 40.84555630694436 ], [ 29.356744460779609, 40.841049044026953 ], [ 29.360675831472765, 40.836935898814396 ], [ 29.3579148563446, 40.832428338152368 ], [ 29.36184578105042, 40.828314929558111 ], [ 29.359085022119938, 40.82380707131118 ], [ 29.363015500934505, 40.819693399521903 ], [ 29.369706420676675, 40.820087447266467 ], [ 29.373636135647274, 40.815973373747191 ], [ 29.370875249001191, 40.811465391209765 ], [ 29.364184991191692, 40.811071309052323 ], [ 29.361424664568485, 40.806562856115072 ], [ 29.365354251888601, 40.802448658496061 ], [ 29.362594141374984, 40.79793990845355 ], [ 29.355904787442835, 40.797545182914654 ], [ 29.35314523689328, 40.793035962785311 ], [ 29.346456125378069, 40.792640628418361 ], [ 29.343697134857504, 40.788130938386196 ], [ 29.337008266105951, 40.78773499530498 ], [ 29.33307772642365, 40.791848776325097 ], [ 29.326388439347625, 40.79145225858278 ], [ 29.323630353465294, 40.78694192588582 ], [ 29.316941309939342, 40.78654479953201 ], [ 29.313009690905869, 40.790658039667164 ], [ 29.306320229903381, 40.790260338478092 ], [ 29.302387848534103, 40.794373176486154 ], [ 29.295697970463419, 40.79397490029892 ], [ 29.292941135243289, 40.789463752598266 ], [ 29.286251501948971, 40.789064867891959 ], [ 29.28231804251552, 40.793177164249173 ], [ 29.28507453215332, 40.797688484582828 ], [ 29.281140626488487, 40.801800517590181 ], [ 29.274449915507386, 40.801401090918354 ] ] ] } },
{ "type": "Feature", "properties": { "candidate_id": "C19", "source_h3_cell": "881ec93a15fffff", "mode": "drive", "minutes": 15, "accessible_population": 389754, "accessible_demand": 422664.041, "reachable_cells": 134 }, "geometry": { "type": "Polygon", "coordinates": [ [ [ 29.243750402437392, 40.803910344015648 ], [ 29.239813896427442, 40.808021028118574 ], [ 29.242569000904052, 40.812533038122631 ], [ 29.238632048158234, 40.816643458144384 ], [ 29.241387367489033, 40.821155171313045 ], [ 29.237449967911161, 40.825265327066845 ], [ 29.240205502125068, 40.82977674324016 ], [ 29.246898782899308, 40.830177831437823 ], [ 29.249654879026295, 40.834688778259974 ], [ 29.245717347454782, 40.838798809085205 ], [ 29.248473658618142, 40.843309458623033 ], [ 29.244535680051939, 40.847419224802984 ], [ 29.247292206280623, 40.851929576896723 ], [ 29.253987058060549, 40.852329990594647 ], [ 29.25674414638711, 40.856839872894646 ], [ 29.263439244829435, 40.857239677290877 ], [ 29.266196895189896, 40.861749089612793 ], [ 29.272892239947847, 40.862148284592713 ], [ 29.27565045227815, 40.866657226752281 ], [ 29.282346043004832, 40.867055812201414 ], [ 29.285104817240736, 40.871564284014489 ], [ 29.291800653589107, 40.871962259818496 ], [ 29.29455998966629, 40.876470261100998 ], [ 29.301256071289203, 40.87686762714565 ], [ 29.304015969143244, 40.881375157713627 ], [ 29.310712295693374, 40.881771913884883 ], [ 29.314648061592372, 40.877661173001869 ], [ 29.321343969908305, 40.878057352829224 ], [ 29.324104775062324, 40.882564239891387 ], [ 29.330800927516794, 40.882959809742552 ], [ 29.33473561195818, 40.878848526322223 ], [ 29.341431345327862, 40.879243520003897 ], [ 29.345365265412866, 40.875131833259118 ], [ 29.352060579288676, 40.875526250934612 ], [ 29.35599373489239, 40.87141416111438 ], [ 29.362688628865474, 40.871808002947162 ], [ 29.366621019863203, 40.867695510300507 ], [ 29.373315493524935, 40.868088776454137 ], [ 29.377247119792191, 40.863975881230182 ], [ 29.38394117273419, 40.864368571868333 ], [ 29.387872034146714, 40.860255274316273 ], [ 29.385109161431174, 40.85574942469642 ], [ 29.389039576853204, 40.85163586356461 ], [ 29.38627692073673, 40.847129715813651 ], [ 29.390206890264359, 40.84301589128863 ], [ 29.387444450717492, 40.838509445566132 ], [ 29.391373974446793, 40.834395357834453 ], [ 29.388611751440006, 40.829888614300053 ], [ 29.392540829467023, 40.825774263548368 ], [ 29.389778822970843, 40.821267222361783 ], [ 29.393707455391588, 40.81715260877678 ], [ 29.390945665376531, 40.812645270097832 ], [ 29.394873852286977, 40.808530393866285 ], [ 29.392112278723562, 40.804022757854824 ], [ 29.396040020219658, 40.799907619163577 ], [ 29.393278663078409, 40.795399685979568 ], [ 29.386589907586934, 40.795006718145459 ], [ 29.383829109966683, 40.790498314581349 ], [ 29.377140595665661, 40.790104737828877 ], [ 29.373212217412142, 40.794219599263855 ], [ 29.366523283091869, 40.793825448199968 ], [ 29.363763388658459, 40.789316401212226 ], [ 29.357074696315312, 40.788921641331783 ], [ 29.35314523689328, 40.793035962785311 ], [ 29.346456125378069, 40.792640628418361 ], [ 29.343697134857504, 40.788130938386196 ], [ 29.337008266105951, 40.78773499530498 ], [ 29.33307772642365, 40.791848776325097 ], [ 29.326388439347625, 40.79145225858278 ], [ 29.323630353465294, 40.78694192588582 ], [ 29.316941309939342, 40.78654479953201 ], [ 29.313009690905869, 40.790658039667164 ], [ 29.306320229903381, 40.790260338478092 ], [ 29.302387848534103, 40.794373176486154 ], [ 29.295697970463419, 40.79397490029892 ], [ 29.292941135243289, 40.789463752598266 ], [ 29.286251501948971, 40.789064867891959 ], [ 29.28231804251552, 40.793177164249173 ], [ 29.275627993001649, 40.792777704371218 ], [ 29.272872064340056, 40.788265914907882 ], [ 29.266182260388796, 40.787865846614785 ], [ 29.26224772380256, 40.79197760087073 ], [ 29.25555750448077, 40.791576957232941 ], [ 29.252802483101057, 40.78706452638832 ], [ 29.24611251012799, 40.78666327443981 ], [ 29.242176897301267, 40.790774486144443 ], [ 29.244931572156293, 40.79528708933902 ], [ 29.240995512786039, 40.79939803733626 ], [ 29.243750402437392, 40.803910344015648 ] ] ] } },
{ "type": "Feature", "properties": { "candidate_id": "C19", "source_h3_cell": "881ec93a15fffff", "mode": "walk", "minutes": 5, "accessible_population": 2570, "accessible_demand": 2742.793, "reachable_cells": 1 }, "geometry": { "type": "Polygon", "coordinates": [ [ [ 29.311069615378592, 40.829657926846622 ], [ 29.308311011954473, 40.82514860936778 ], [ 29.312244415357892, 40.821036422306754 ], [ 29.318936105501415, 40.821433413672466 ], [ 29.321695054132316, 40.825942558414589 ], [ 29.317761967489695, 40.830054884532451 ], [ 29.311069615378592, 40.829657926846622 ] ] ] } },
{ "type": "Feature", "properties": { "candidate_id": "C19", "source_h3_cell": "881ec93a15fffff", "mode": "walk", "minutes": 10, "accessible_population": 2570, "accessible_demand": 2742.793, "reachable_cells": 1 }, "geometry": { "type": "Polygon", "coordinates": [ [ [ 29.311069615378592, 40.829657926846622 ], [ 29.308311011954473, 40.82514860936778 ], [ 29.312244415357892, 40.821036422306754 ], [ 29.318936105501415, 40.821433413672466 ], [ 29.321695054132316, 40.825942558414589 ], [ 29.317761967489695, 40.830054884532451 ], [ 29.311069615378592, 40.829657926846622 ] ] ] } },
{ "type": "Feature", "properties": { "candidate_id": "C19", "source_h3_cell": "881ec93a15fffff", "mode": "walk", "minutes": 15, "accessible_population": 19718, "accessible_demand": 21345.886, "reachable_cells": 7 }, "geometry": { "type": "Polygon", "coordinates": [ [ [ 29.313418984736717, 40.81241435695857 ], [ 29.309486027569907, 40.816526807568408 ], [ 29.302794581697135, 40.816129207204717 ], [ 29.2988608618152, 40.820241255138903 ], [ 29.301618904207785, 40.824751042558873 ], [ 29.297684737962761, 40.828862826761487 ], [ 29.300442995896532, 40.83337231689115 ], [ 29.307135765642464, 40.833769850172139 ], [ 29.309894584731904, 40.838278870231619 ], [ 29.316587598935939, 40.838675794264425 ], [ 29.320521131880803, 40.834563731886014 ], [ 29.32721372800945, 40.834960080334696 ], [ 29.331146497609005, 40.83084761523007 ], [ 29.328386988199796, 40.826338940668258 ], [ 29.332319311623781, 40.822226212006953 ], [ 29.329560018069568, 40.817717240087397 ], [ 29.322868745937892, 40.817320824001861 ], [ 29.320110013037961, 40.812811382031057 ], [ 29.313418984736717, 40.81241435695857 ] ] ] } },
{ "type": "Feature", "properties": { "candidate_id": "C20", "source_h3_cell": "881ec9ce17fffff", "mode": "drive", "minutes": 5, "accessible_population": 92408, "accessible_demand": 101633.656, "reachable_cells": 19 }, "geometry": { "type": "Polygon", "coordinates": [ [ [ 28.576902237587447, 41.001207377945384 ], [ 28.572919841080878, 41.005293247896702 ], [ 28.56620549947813, 41.00485479461674 ], [ 28.562222350531954, 41.008940246096401 ], [ 28.564953841388046, 41.013464294503748 ], [ 28.560970238156916, 41.017549470983347 ], [ 28.563701937497473, 41.022073221250572 ], [ 28.559717879883582, 41.026158122544992 ], [ 28.56244978773519, 41.03068157451343 ], [ 28.569166117946896, 41.03111995846298 ], [ 28.571898599105502, 41.035642945273857 ], [ 28.578615204115465, 41.036080720360147 ], [ 28.581348258524315, 41.040603241825352 ], [ 28.588065137989414, 41.041040407926189 ], [ 28.592048299769107, 41.036955075890589 ], [ 28.598764790044228, 41.037391656343459 ], [ 28.602747198354461, 41.033305905660427 ], [ 28.609463299016078, 41.03374190062037 ], [ 28.613444953717433, 41.02965573153412 ], [ 28.610710807255664, 41.025133710882749 ], [ 28.614692007891811, 41.021047266964203 ], [ 28.611958070495199, 41.0165249478462 ], [ 28.615938817163912, 41.012438229280455 ], [ 28.613205088805671, 41.007915611854486 ], [ 28.606490977235211, 41.007479545901894 ], [ 28.603757821322244, 41.00295646320987 ], [ 28.597043983008721, 41.00251978865419 ], [ 28.594311399598105, 40.997996240884149 ], [ 28.587597834884473, 40.997558957847438 ], [ 28.583616190957265, 41.001645246026321 ], [ 28.576902237587447, 41.001207377945384 ] ] ] } },
{ "type": "Feature", "properties": { "candidate_id": "C20", "source_h3_cell": "881ec9ce17fffff", "mode": "drive", "minutes": 10, "accessible_population": 286548, "accessible_demand": 314159.65, "reachable_cells": 61 }, "geometry": { "type": "Polygon", "coordinates": [ [ [ 28.564725837871919, 40.991720077722285 ], [ 28.558012433620529, 40.99128099303978 ], [ 28.554029440895036, 40.995366575611612 ], [ 28.547315649301165, 40.994926905724256 ], [ 28.543331904659858, 40.999012069699795 ], [ 28.546062249239849, 41.003537047342121 ], [ 28.54207805026542, 41.007621936324668 ], [ 28.54480860307612, 41.012146616084614 ], [ 28.540823949670763, 41.016231229889001 ], [ 28.543554710738714, 41.020755611607775 ], [ 28.539569602804587, 41.024839950048829 ], [ 28.542300572156304, 41.029364033567738 ], [ 28.538315009595532, 41.033448096460425 ], [ 28.54104618725755, 41.037971881620805 ], [ 28.547763292794262, 41.038411437342788 ], [ 28.550495044130315, 41.04293475746465 ], [ 28.557212425356923, 41.043373704317553 ], [ 28.559944750310503, 41.04789655921266 ], [ 28.566662406883982, 41.048334897074056 ], [ 28.569395305398473, 41.052857286554264 ], [ 28.576113236975637, 41.05329501530187 ], [ 28.578846708994316, 41.057816939179155 ], [ 28.58556491523187, 41.0582540586908 ], [ 28.589548985924964, 41.054169277600977 ], [ 28.596266802928355, 41.05460581116121 ], [ 28.600250119907294, 41.050520611060861 ], [ 28.606967547252676, 41.050956558824723 ], [ 28.610950110377917, 41.046870939958005 ], [ 28.617667147641686, 41.047306302080656 ], [ 28.621648956773903, 41.043220264691818 ], [ 28.628365603532664, 41.043655041328499 ], [ 28.632346658532757, 41.039568585661854 ], [ 28.629611366845069, 41.035047496621168 ], [ 28.633591967829329, 41.03096076611547 ], [ 28.630856885460343, 41.026439378350815 ], [ 28.634837032526562, 41.022352373191048 ], [ 28.632102159449396, 41.017830686860982 ], [ 28.636081852695344, 41.013743407232219 ], [ 28.633347188883128, 41.009221422495372 ], [ 28.637326428406524, 41.00513386858276 ], [ 28.634591973832386, 41.000611585597824 ], [ 28.627878642623774, 41.000176689254992 ], [ 28.625144760127107, 40.995653940885724 ], [ 28.618431701285122, 40.995218435946796 ], [ 28.615698390923207, 40.990695222381163 ], [ 28.608985604790917, 40.990259108967919 ], [ 28.606252866620949, 40.985735430393959 ], [ 28.59954035354129, 40.985298708628321 ], [ 28.596808187620294, 40.980774565234157 ], [ 28.590095947936049, 40.980337235238167 ], [ 28.586115211797381, 40.984424072134679 ], [ 28.579402583501025, 40.983986157397986 ], [ 28.575421095027057, 40.988072576430383 ], [ 28.568708078541569, 40.987634076798145 ], [ 28.564725837871919, 40.991720077722285 ] ] ] } },
{ "type": "Feature", "properties": { "candidate_id": "C20", "source_h3_cell": "881ec9ce17fffff", "mode": "drive", "minutes": 15, "accessible_population": 589564, "accessible_demand": 645660.957, "reachable_cells": 143 }, "geometry": { "type": "Polygon", "coordinates": [ [ [ 28.52570020322672, 40.980468523186559 ], [ 28.518987239214152, 40.980027029308239 ], [ 28.5150026031754, 40.984111761533995 ], [ 28.517731227918663, 40.988638131614849 ], [ 28.513746137475209, 40.992722588858435 ], [ 28.516474970068558, 40.99724866144382 ], [ 28.512489425122588, 41.001332843519954 ], [ 28.515218465592415, 41.005858618450944 ], [ 28.511232466046099, 41.00994252517436 ], [ 28.513961714418844, 41.01446800229207 ], [ 28.509975260174297, 41.018551633477614 ], [ 28.51270471647636, 41.023076812623259 ], [ 28.508717807435712, 41.027160168085814 ], [ 28.511447471693522, 41.031685049100673 ], [ 28.507460107758813, 41.035768128655221 ], [ 28.510189979998778, 41.040292711380665 ], [ 28.506202161072082, 41.044375514842208 ], [ 28.508932241320625, 41.048899799119688 ], [ 28.515650506661459, 41.049341113658357 ], [ 28.518381161134077, 41.053864933076305 ], [ 28.525099703502839, 41.054305638738043 ], [ 28.527830932143377, 41.058828993108087 ], [ 28.534549751197218, 41.059269089770105 ], [ 28.537281553949391, 41.063791978903943 ], [ 28.54400064934531, 41.064231466443616 ], [ 28.546733026152712, 41.068753890153069 ], [ 28.553452397547545, 41.06919276844787 ], [ 28.557438728543705, 41.065109245853904 ], [ 28.564157711977209, 41.065547537732954 ], [ 28.566891027954224, 41.070069329248938 ], [ 28.573610286597038, 41.070507011763702 ], [ 28.576344176332309, 41.075028337419724 ], [ 28.583063709840967, 41.075465410448096 ], [ 28.587048689839161, 41.071381181043314 ], [ 28.593767834069475, 41.071817667816873 ], [ 28.597752060108711, 41.067733019038585 ], [ 28.604470814636571, 41.068168919712342 ], [ 28.608454286577185, 41.064083851804682 ], [ 28.615172650978685, 41.064519166533763 ], [ 28.619155368681238, 41.060433679740925 ], [ 28.625873342532703, 41.060868408680612 ], [ 28.629855305857951, 41.056782503246858 ], [ 28.636572888735937, 41.057216646552526 ], [ 28.640554097544847, 41.053130322722218 ], [ 28.647271289026136, 41.053563880549355 ], [ 28.651251743179923, 41.049477138566907 ], [ 28.648515306495955, 41.044956981887601 ], [ 28.65249530668364, 41.040869965059414 ], [ 28.649759079571918, 41.036349509398995 ], [ 28.65373862589129, 41.032262217909988 ], [ 28.651002608324852, 41.027741463426885 ], [ 28.654981700873677, 41.023653897462083 ], [ 28.652245892825569, 41.019132844314811 ], [ 28.656224531701586, 41.015045004059239 ], [ 28.653488933144853, 41.010523652406413 ], [ 28.65746711844578, 41.006435538045245 ], [ 28.654731729353479, 41.001913888045507 ], [ 28.658709461176965, 40.997825499763934 ], [ 28.655974281522155, 40.993303551576055 ], [ 28.649261732365161, 40.992869824221302 ], [ 28.646527124419709, 40.988347410531119 ], [ 28.639814846739366, 40.987913074587688 ], [ 28.637080810560793, 40.983390195583006 ], [ 28.630368804700279, 40.98295525117247 ], [ 28.627635340345996, 40.978431907041241 ], [ 28.62092360664834, 40.977996354285281 ], [ 28.618190714175633, 40.973472545215529 ], [ 28.61147925298372, 40.973036384235961 ], [ 28.608746932449748, 40.968512110415837 ], [ 28.60203574410636, 40.968075341334618 ], [ 28.599303995568167, 40.963550602952324 ], [ 28.592593080415888, 40.963113225891533 ], [ 28.588613251675024, 40.967200610764102 ], [ 28.581901947954748, 40.966762649266144 ], [ 28.577921367122556, 40.970849616638183 ], [ 28.571209675256974, 40.970411070548174 ], [ 28.568479226424145, 40.965885533823254 ], [ 28.561767808981521, 40.965446379869846 ], [ 28.557786178303445, 40.969532785763541 ], [ 28.551074373583255, 40.969093047060532 ], [ 28.547091991354687, 40.973179034903161 ], [ 28.54037979978018, 40.972738711296039 ], [ 28.536396666141208, 40.97682428084358 ], [ 28.529684088135827, 40.976383372177999 ], [ 28.52570020322672, 40.980468523186559 ] ] ] } },
{ "type": "Feature", "properties": { "candidate_id": "C20", "source_h3_cell": "881ec9ce17fffff", "mode": "walk", "minutes": 5, "accessible_population": 4716, "accessible_demand": 5123.471, "reachable_cells": 1 }, "geometry": { "type": "Polygon", "coordinates": [ [ [ 28.583848825492037, 41.023387248104406 ], [ 28.58111618858625, 41.018864129685269 ], [ 28.585098740692946, 41.014778390965041 ], [ 28.591813630933661, 41.015215627148109 ], [ 28.594546631940773, 41.019738578658696 ], [ 28.590564378683002, 41.023824460900286 ], [ 28.583848825492037, 41.023387248104406 ] ] ] } },
{ "type": "Feature", "properties": { "candidate_id": "C20", "source_h3_cell": "881ec9ce17fffff", "mode": "walk", "minutes": 10, "accessible_population": 4716, "accessible_demand": 5123.471, "reachable_cells": 1 }, "geometry": { "type": "Polygon", "coordinates": [ [ [ 28.583848825492037, 41.023387248104406 ], [ 28.58111618858625, 41.018864129685269 ], [ 28.585098740692946, 41.014778390965041 ], [ 28.591813630933661, 41.015215627148109 ], [ 28.594546631940773, 41.019738578658696 ], [ 28.590564378683002, 41.023824460900286 ], [ 28.583848825492037, 41.023387248104406 ] ] ] } },
{ "type": "Feature", "properties": { "candidate_id": "C20", "source_h3_cell": "881ec9ce17fffff", "mode": "walk", "minutes": 15, "accessible_population": 33518, "accessible_demand": 36585.543, "reachable_cells": 7 }, "geometry": { "type": "Polygon", "coordinates": [ [ [ 28.586348410466737, 41.006168960764761 ], [ 28.582366312498671, 41.010254974306896 ], [ 28.575651696405512, 41.009817129514261 ], [ 28.571668845735999, 41.013902724647181 ], [ 28.574400909645313, 41.01842630815451 ], [ 28.570417604715068, 41.022511628283858 ], [ 28.573149877235707, 41.027034913522279 ], [ 28.5798658191489, 41.027472711817595 ], [ 28.582598664792876, 41.031995531839051 ], [ 28.58931488105862, 41.032432721274184 ], [ 28.593297588528433, 41.028347114043086 ], [ 28.600013415626346, 41.02878371798198 ], [ 28.603995369749001, 41.024697692285038 ], [ 28.60126179598603, 41.020175206110075 ], [ 28.605243296018912, 41.016088905584276 ], [ 28.602509931194326, 41.011566121071432 ], [ 28.595795430077178, 41.01112947008113 ], [ 28.59306263788168, 41.006606220361427 ], [ 28.586348410466737, 41.006168960764761 ] ] ] } },
{ "type": "Feature", "properties": { "candidate_id": "C21", "source_h3_cell": "881ec98905fffff", "mode": "drive", "minutes": 5, "accessible_population": 20904, "accessible_demand": 22882.485, "reachable_cells": 19 }, "geometry": { "type": "Polygon", "coordinates": [ [ [ 28.725234154765882, 41.171424693218782 ], [ 28.72125233054577, 41.175510238174517 ], [ 28.714526718926134, 41.175082397160352 ], [ 28.710544136587423, 41.179167522900549 ], [ 28.713287469191332, 41.18368063214826 ], [ 28.709304432010811, 41.187765480990507 ], [ 28.712047975528566, 41.192278288340233 ], [ 28.708064483408041, 41.196362860100713 ], [ 28.710808237866956, 41.200875365395433 ], [ 28.717535847053274, 41.201303131497902 ], [ 28.720280175109796, 41.205815167172986 ], [ 28.727008054255876, 41.206242321103737 ], [ 28.729752955851303, 41.210753886973137 ], [ 28.736481104610718, 41.211180428612408 ], [ 28.740463685512868, 41.207095429570288 ], [ 28.747191437253541, 41.207521384116646 ], [ 28.751173259004137, 41.20343596568766 ], [ 28.757900613302496, 41.203861333298029 ], [ 28.761881675764077, 41.199775495727067 ], [ 28.759135688555286, 41.195264432784576 ], [ 28.76311629640232, 41.191178318486244 ], [ 28.760370520688394, 41.186666953322245 ], [ 28.764350674019031, 41.182580562480311 ], [ 28.761605109772482, 41.178068895251748 ], [ 28.754879753503527, 41.17764345107058 ], [ 28.752134761983132, 41.173131314115793 ], [ 28.745409674128215, 41.172705258028067 ], [ 28.74266525539305, 41.168192651533033 ], [ 28.735940436298385, 41.167765983658356 ], [ 28.731959370334682, 41.171851947584841 ], [ 28.725234154765882, 41.171424693218782 ] ] ] } },
{ "type": "Feature", "properties": { "candidate_id": "C21", "source_h3_cell": "881ec98905fffff", "mode": "drive", "minutes": 10, "accessible_population": 112734, "accessible_demand": 123939.608, "reachable_cells": 91 }, "geometry": { "type": "Polygon", "coordinates": [ [ [ 28.696831394249347, 41.156598123036005 ], [ 28.692848660766213, 41.160683240288542 ], [ 28.686123860187511, 41.160253564603181 ], [ 28.682140369371101, 41.164338262449817 ], [ 28.684881981594405, 41.168852778673731 ], [ 28.680898035859759, 41.172937199630617 ], [ 28.683639858615248, 41.177451414339366 ], [ 28.679655457864186, 41.181535558222585 ], [ 28.682397491179024, 41.186049471259018 ], [ 28.678412635313357, 41.190133337884703 ], [ 28.681154879214755, 41.194646949091762 ], [ 28.677169568136243, 41.198730538276088 ], [ 28.679912022651401, 41.203243847496786 ], [ 28.675926256261771, 41.207327159056028 ], [ 28.678668921417902, 41.211840166133449 ], [ 28.685397716428174, 41.212269694484355 ], [ 28.688140955739485, 41.216782232118362 ], [ 28.694870022053689, 41.21721114828312 ], [ 28.697613835461773, 41.221723216287486 ], [ 28.704343172733655, 41.222151520145978 ], [ 28.707087560180007, 41.226663118334642 ], [ 28.713817168063173, 41.227090809766857 ], [ 28.71656212948918, 41.231601937953769 ], [ 28.723292007637088, 41.232029016839881 ], [ 28.726037542983988, 41.236539674839157 ], [ 28.732767691049961, 41.236966141059433 ], [ 28.736751637130034, 41.232881974387816 ], [ 28.743481388104492, 41.233307853060197 ], [ 28.747464574660537, 41.229223266458547 ], [ 28.754193928119463, 41.229648557739985 ], [ 28.758176355013831, 41.225563551453135 ], [ 28.764905310533447, 41.225988255500646 ], [ 28.768886977628721, 41.221902829773491 ], [ 28.77561553478548, 41.222326946744268 ], [ 28.779596441944481, 41.218241101821796 ], [ 28.786324600315044, 41.218664631873104 ], [ 28.79030474740075, 41.214578368000367 ], [ 28.787557041606412, 41.210068716115778 ], [ 28.791536734156089, 41.205982175507991 ], [ 28.788789240237993, 41.201472221019806 ], [ 28.792768478349789, 41.197385403860629 ], [ 28.790021196280321, 41.192875146925623 ], [ 28.793999980052341, 41.188788053398802 ], [ 28.791252909803855, 41.184277494173855 ], [ 28.795231239334228, 41.180190124463202 ], [ 28.792484380879099, 41.175679263105252 ], [ 28.796462256265862, 41.171591617394625 ], [ 28.793715609576452, 41.167080454060724 ], [ 28.786991447951191, 41.166656768379426 ], [ 28.784245373429066, 41.162145135144414 ], [ 28.777521478875958, 41.161720837573064 ], [ 28.774775976580511, 41.157208734622763 ], [ 28.768052349445938, 41.156783825280648 ], [ 28.765307419436471, 41.152271252800944 ], [ 28.758584060066688, 41.151845731807406 ], [ 28.755839702402355, 41.147332689984324 ], [ 28.749116611143471, 41.146906557458891 ], [ 28.746372825883327, 41.142393046478539 ], [ 28.739650003081305, 41.141966302540851 ], [ 28.735670300311519, 41.146053094970043 ], [ 28.72894708110794, 41.145625764996076 ], [ 28.724966620453198, 41.149712138998282 ], [ 28.718243005270935, 41.149284222831277 ], [ 28.714261786868857, 41.153370178161666 ], [ 28.707537776131023, 41.152941675645017 ], [ 28.703555800119407, 41.157027212058814 ], [ 28.696831394249347, 41.156598123036005 ] ] ] } },
{ "type": "Feature", "properties": { "candidate_id": "C21", "source_h3_cell": "881ec98905fffff", "mode": "drive", "minutes": 15, "accessible_population": 243691, "accessible_demand": 268956.022, "reachable_cells": 195 }, "geometry": { "type": "Polygon", "coordinates": [ [ [ 28.661964662482788, 41.163046276646845 ], [ 28.65523934569152, 41.162614815842396 ], [ 28.651254038897168, 41.166698531253694 ], [ 28.653994350543528, 41.171213850353951 ], [ 28.650008588558951, 41.175297288515914 ], [ 28.652749110409925, 41.179812306169715 ], [ 28.648762893136887, 41.183895466898448 ], [ 28.651503625219554, 41.18841018294863 ], [ 28.647516952559801, 41.192493066060294 ], [ 28.650257894901277, 41.197007480349768 ], [ 28.646270766756516, 41.201090085660596 ], [ 28.649011919383852, 41.205604198032404 ], [ 28.645024335655776, 41.209686525358663 ], [ 28.647765698596103, 41.214200335655882 ], [ 28.643777659186355, 41.218282384813953 ], [ 28.646519232466755, 41.222795892879745 ], [ 28.653249209479082, 41.223227184885161 ], [ 28.655991357471567, 41.227740223684329 ], [ 28.662721607132749, 41.228170903490188 ], [ 28.665464329779255, 41.232683472836378 ], [ 28.672194851743214, 41.233113540322215 ], [ 28.674938148985586, 41.237625640029144 ], [ 28.681668942906061, 41.238055095074621 ], [ 28.684412814685992, 41.242566724956149 ], [ 28.691143880216593, 41.242995567441064 ], [ 28.693888326475722, 41.247506727311091 ], [ 28.700619663269897, 41.247934957115383 ], [ 28.703364683949701, 41.252445646787962 ], [ 28.710096291660825, 41.252873263791692 ], [ 28.712841886702638, 41.257383483080915 ], [ 28.719573764983888, 41.257810487164285 ], [ 28.722319934328972, 41.26232023588441 ], [ 28.729052082833384, 41.262746626927729 ], [ 28.733037394976247, 41.258663294277603 ], [ 28.739769146316458, 41.259089097318132 ], [ 28.743753698562571, 41.255005344195105 ], [ 28.750485052314129, 41.25543055938973 ], [ 28.754468844525658, 41.25134638603857 ], [ 28.761199800264357, 41.251771013544335 ], [ 28.765182832303697, 41.247686420209881 ], [ 28.771913389605551, 41.248110460183945 ], [ 28.775895661335312, 41.244025447111085 ], [ 28.782625819776559, 41.244448899710726 ], [ 28.786607331059582, 41.240363467144462 ], [ 28.793337090216685, 41.240786332527051 ], [ 28.797317840915991, 41.23670048071245 ], [ 28.80404720036567, 41.237122759035515 ], [ 28.808027190344504, 41.233036488217692 ], [ 28.814756149663694, 41.233458179638859 ], [ 28.818735378785544, 41.229371490063045 ], [ 28.815985954941542, 41.224863250905813 ], [ 28.819964729606653, 41.220776284587501 ], [ 28.817215518020223, 41.216267742444963 ], [ 28.821193838326767, 41.212180499567722 ], [ 28.818444838970148, 41.20767165459651 ], [ 28.822422705016251, 41.203584135343959 ], [ 28.819673917861707, 41.199074987700769 ], [ 28.81294762475062, 41.198653191136771 ], [ 28.810199409838361, 41.194143572780852 ], [ 28.814177127891572, 41.190055919181184 ], [ 28.81142912502666, 41.185545998437441 ], [ 28.81540638898905, 41.181458068832526 ], [ 28.812658598143781, 41.176947845857882 ], [ 28.816635408113413, 41.172859640431575 ], [ 28.813887829260082, 41.168349115383037 ], [ 28.817864185334958, 41.164260634319284 ], [ 28.815116818445873, 41.159749807353911 ], [ 28.808393455361294, 41.159327293218873 ], [ 28.805646660266561, 41.154815996236124 ], [ 28.798923563359985, 41.15439287022263 ], [ 28.796177340119218, 41.149881103408219 ], [ 28.789454509737123, 41.149457365635278 ], [ 28.786708858409842, 41.144945129174978 ], [ 28.77998629489856, 41.144520779761763 ], [ 28.777241215544166, 41.1400080738415 ], [ 28.77051891924993, 41.139583112907275 ], [ 28.767774411927675, 41.135069937713027 ], [ 28.761052383196539, 41.134644365377213 ], [ 28.758308447965618, 41.130130721095078 ], [ 28.751586687143512, 41.129704537477224 ], [ 28.748843324062967, 41.125190424293407 ], [ 28.74212183149567, 41.124763629513176 ], [ 28.738143037031723, 41.128850973356812 ], [ 28.731421148111309, 41.128423592843731 ], [ 28.7274415960099, 41.132510518623043 ], [ 28.720719311158962, 41.132082552220332 ], [ 28.716739001557581, 41.136169059690481 ], [ 28.710016321198946, 41.135740507241508 ], [ 28.706035254235271, 41.139826596157654 ], [ 28.699312178791985, 41.139397457505915 ], [ 28.695330354603911, 41.143483127623327 ], [ 28.688606884499261, 41.143053402612431 ], [ 28.684624303224915, 41.147138653686469 ], [ 28.6779004388824, 41.146708342160117 ], [ 28.673917100660113, 41.150793173946184 ], [ 28.667192842503479, 41.150362275748243 ], [ 28.663208747471799, 41.154446688001805 ], [ 28.665949212483206, 41.158962141277428 ], [ 28.661964662482788, 41.163046276646845 ] ] ] } },
{ "type": "Feature", "properties": { "candidate_id": "C21", "source_h3_cell": "881ec98905fffff", "mode": "walk", "minutes": 5, "accessible_population": 1423, "accessible_demand": 1590.836, "reachable_cells": 1 }, "geometry": { "type": "Polygon", "coordinates": [ [ [ 28.732228678825869, 41.193560462475148 ], [ 28.729484199594399, 41.189048292142871 ], [ 28.733466174844516, 41.184962881471414 ], [ 28.740192325428353, 41.185389498771436 ], [ 28.742937166617349, 41.189901501490418 ], [ 28.738955495342623, 41.193987054528066 ], [ 28.732228678825869, 41.193560462475148 ] ] ] } },
{ "type": "Feature", "properties": { "candidate_id": "C21", "source_h3_cell": "881ec98905fffff", "mode": "walk", "minutes": 10, "accessible_population": 1423, "accessible_demand": 1590.836, "reachable_cells": 1 }, "geometry": { "type": "Polygon", "coordinates": [ [ [ 28.732228678825869, 41.193560462475148 ], [ 28.729484199594399, 41.189048292142871 ], [ 28.733466174844516, 41.184962881471414 ], [ 28.740192325428353, 41.185389498771436 ], [ 28.742937166617349, 41.189901501490418 ], [ 28.738955495342623, 41.193987054528066 ], [ 28.732228678825869, 41.193560462475148 ] ] ] } },
{ "type": "Feature", "properties": { "candidate_id": "C21", "source_h3_cell": "881ec98905fffff", "mode": "walk", "minutes": 15, "accessible_population": 8191, "accessible_demand": 9008.124, "reachable_cells": 7 }, "geometry": { "type": "Polygon", "coordinates": [ [ [ 28.734703427311786, 41.176364721752172 ], [ 28.730721906753935, 41.180450409143084 ], [ 28.723996025479124, 41.180023179926096 ], [ 28.720013746541017, 41.184108448165048 ], [ 28.72275765248807, 41.188621088048116 ], [ 28.718774918733786, 41.192706079386447 ], [ 28.721519035721904, 41.197218417243981 ], [ 28.728246248785307, 41.197645596243312 ], [ 28.730990939185059, 41.202157464422605 ], [ 28.737718421760331, 41.20258403125527 ], [ 28.74170054779966, 41.198498755123538 ], [ 28.748427633380476, 41.198924735014948 ], [ 28.752409000392369, 41.194839039677461 ], [ 28.749663586163933, 41.190327506753775 ], [ 28.753644498535266, 41.186241534691518 ], [ 28.750899295674596, 41.181729699673781 ], [ 28.744173542036631, 41.181303669011655 ], [ 28.741428912088267, 41.176791364326114 ], [ 28.734703427311786, 41.176364721752172 ] ] ] } },
{ "type": "Feature", "properties": { "candidate_id": "C22", "source_h3_cell": "881ec9d9e3fffff", "mode": "drive", "minutes": 5, "accessible_population": 3778, "accessible_demand": 4182.038, "reachable_cells": 19 }, "geometry": { "type": "Polygon", "coordinates": [ [ [ 28.233601616832374, 41.052208945024788 ], [ 28.229598126582214, 41.056283116752141 ], [ 28.222876514840554, 41.055825119837728 ], [ 28.21887227784093, 41.059898866528933 ], [ 28.221589941888194, 41.064430755838664 ], [ 28.217585247401836, 41.068504223022536 ], [ 28.220303116378943, 41.073035814479489 ], [ 28.216297964307419, 41.077109001971408 ], [ 28.219016038239719, 41.08164029541711 ], [ 28.225739637538819, 41.082098237383939 ], [ 28.228458289772348, 41.086629068696709 ], [ 28.235182177766877, 41.087086402766133 ], [ 28.237901408248678, 41.091616771755774 ], [ 28.244625584598015, 41.092073497801636 ], [ 28.248629867532134, 41.087999873392512 ], [ 28.25535366893283, 41.088456009954747 ], [ 28.259357204079624, 41.084381960329111 ], [ 28.266080630101964, 41.08483750755876 ], [ 28.27008341731544, 41.080763032958529 ], [ 28.26736306911593, 41.076233156588025 ], [ 28.271365399048253, 41.072158402647844 ], [ 28.268645256367087, 41.067628228097149 ], [ 28.272647129116635, 41.063553195001624 ], [ 28.26992719192825, 41.059022722429184 ], [ 28.263205753997525, 41.058567118590027 ], [ 28.260486394258514, 41.054036183768339 ], [ 28.253765243469338, 41.053579972280751 ], [ 28.251046461232999, 41.049048575399951 ], [ 28.244325597925858, 41.048591756389875 ], [ 28.240322854571474, 41.052666352911608 ], [ 28.233601616832374, 41.052208945024788 ] ] ] } },
{ "type": "Feature", "properties": { "candidate_id": "C22", "source_h3_cell": "881ec9d9e3fffff", "mode": "drive", "minutes": 10, "accessible_population": 19866, "accessible_demand": 22072.957, "reachable_cells": 84 }, "geometry": { "type": "Polygon", "coordinates": [ [ [ 28.216011855137385, 41.033620694391757 ], [ 28.21200824376341, 41.037694853762233 ], [ 28.205287871851706, 41.037235624067463 ], [ 28.201283514379995, 41.041309358462037 ], [ 28.194562769805806, 41.040849539742553 ], [ 28.190557666383114, 41.044922848919626 ], [ 28.193273595977868, 41.049456122712257 ], [ 28.199995002627148, 41.049915923466187 ], [ 28.202711510425377, 41.054448735955063 ], [ 28.198706237994056, 41.058521911533866 ], [ 28.201422950466281, 41.06305442642789 ], [ 28.197417220407555, 41.067127322321724 ], [ 28.20013413757907, 41.071659539462303 ], [ 28.196127949794477, 41.075732155486527 ], [ 28.198845071690545, 41.08026407471516 ], [ 28.205568755130585, 41.080723214085182 ], [ 28.208286455561403, 41.085254671432686 ], [ 28.204280098844464, 41.089327153226868 ], [ 28.206998004153171, 41.093858312375176 ], [ 28.202991189534455, 41.097930513927281 ], [ 28.205709299746342, 41.102461374718104 ], [ 28.212434598361092, 41.102919870119997 ], [ 28.215153287311139, 41.107450268581843 ], [ 28.221878875282336, 41.107908155836398 ], [ 28.224598142917728, 41.112438091779104 ], [ 28.231324019904633, 41.112895370760107 ], [ 28.234043866172417, 41.117424843993618 ], [ 28.240770031834142, 41.117881514574989 ], [ 28.244775687922655, 41.113808730378942 ], [ 28.251501478583418, 41.114264811022018 ], [ 28.25550638652458, 41.110191601066276 ], [ 28.262231801754222, 41.110647091922132 ], [ 28.266235961401847, 41.106573456448544 ], [ 28.272961000770433, 41.107028357668312 ], [ 28.276964411978526, 41.102954296918789 ], [ 28.283689075056348, 41.103408608653758 ], [ 28.287691737679136, 41.099334122870282 ], [ 28.29441602403671, 41.099787845271855 ], [ 28.298417937928637, 41.095712934696493 ], [ 28.295695856935019, 41.091184446986141 ], [ 28.299697313611137, 41.087109257060767 ], [ 28.296975438519347, 41.082580470784002 ], [ 28.300976438078056, 41.078505001693095 ], [ 28.298254768862424, 41.073975917008191 ], [ 28.30225531140211, 41.069900168936314 ], [ 28.299533848036987, 41.065370786001615 ], [ 28.303533933655974, 41.061294759133375 ], [ 28.300812676115711, 41.05676507810734 ], [ 28.304812304912332, 41.052688772627427 ], [ 28.302091253171248, 41.04815879366857 ], [ 28.295370943790537, 41.047704955555268 ], [ 28.292650468955134, 41.043174514163951 ], [ 28.285930445376078, 41.042720068401415 ], [ 28.283210547499987, 41.038189164767623 ], [ 28.276490810063226, 41.037734111481448 ], [ 28.273771489199955, 41.033202745795236 ], [ 28.267052038246007, 41.032747085111176 ], [ 28.264333294448971, 41.028215257562692 ], [ 28.257614130318171, 41.027758989606596 ], [ 28.254895963640639, 41.02322670038609 ], [ 28.248177086673238, 41.022769825283952 ], [ 28.24417571447092, 41.026845258131623 ], [ 28.237456463123703, 41.026387794607494 ], [ 28.233454344384644, 41.0304628032046 ], [ 28.226734719086643, 41.030004751107626 ], [ 28.222731853956962, 41.034079335212311 ], [ 28.216011855137385, 41.033620694391757 ] ] ] } },
{ "type": "Feature", "properties": { "candidate_id": "C22", "source_h3_cell": "881ec9d9e3fffff", "mode": "drive", "minutes": 15, "accessible_population": 42602, "accessible_demand": 47337.079, "reachable_cells": 173 }, "geometry": { "type": "Polygon", "coordinates": [ [ [ 28.205147533088006, 41.015486205266654 ], [ 28.198428773997556, 41.015026332494195 ], [ 28.194425042634666, 41.019100479052256 ], [ 28.197140358742534, 41.023634644289785 ], [ 28.193136170124721, 41.027708511905765 ], [ 28.195851690702995, 41.032242380153832 ], [ 28.191847044731915, 41.036315968642803 ], [ 28.194562769805806, 41.040849539742553 ], [ 28.190557666383114, 41.044922848919626 ], [ 28.193273595977868, 41.049456122712257 ], [ 28.199995002627148, 41.049915923466187 ], [ 28.202711510425377, 41.054448735955063 ], [ 28.198706237994056, 41.058521911533866 ], [ 28.201422950466281, 41.06305442642789 ], [ 28.197417220407555, 41.067127322321724 ], [ 28.20013413757907, 41.071659539462303 ], [ 28.196127949794477, 41.075732155486527 ], [ 28.198845071690545, 41.08026407471516 ], [ 28.205568755130585, 41.080723214085182 ], [ 28.208286455561403, 41.085254671432686 ], [ 28.204280098844464, 41.089327153226868 ], [ 28.206998004153171, 41.093858312375176 ], [ 28.202991189534455, 41.097930513927281 ], [ 28.205709299746342, 41.102461374718104 ], [ 28.201702027127308, 41.106533295843739 ], [ 28.204420342267706, 41.111063858118882 ], [ 28.200412611549766, 41.115135498633705 ], [ 28.203131131644025, 41.119665762235002 ], [ 28.209857756445949, 41.120124221543598 ], [ 28.212576855534657, 41.124654022558623 ], [ 28.208568955883464, 41.128725528025392 ], [ 28.211288260079538, 41.133255030079972 ], [ 28.218015837838387, 41.133712862857799 ], [ 28.22073572110428, 41.138241902007515 ], [ 28.227463588199505, 41.138699126135812 ], [ 28.230184050482279, 41.143227702190714 ], [ 28.236912206572743, 41.143684317543467 ], [ 28.240919236702734, 41.139612375218732 ], [ 28.247647017740039, 41.140068400178627 ], [ 28.25165329936241, 41.135996031551315 ], [ 28.258380704915957, 41.136451466269349 ], [ 28.262386237884339, 41.132378671581236 ], [ 28.26911326752376, 41.132833516208578 ], [ 28.273118051691949, 41.128760295701483 ], [ 28.279844704987106, 41.129214550389356 ], [ 28.283848740209141, 41.125140904305226 ], [ 28.290575016730084, 41.125594569205049 ], [ 28.29457830286022, 41.121520497785859 ], [ 28.301304202177249, 41.121973573049118 ], [ 28.305306739069955, 41.117899076536951 ], [ 28.312032260753572, 41.11835156231529 ], [ 28.316034048263518, 41.114276640952291 ], [ 28.322759191884479, 41.114728537397475 ], [ 28.326760229866554, 41.110653191425882 ], [ 28.324036416562596, 41.106126094082605 ], [ 28.328036997394975, 41.102050468751187 ], [ 28.325313390376316, 41.097523072455644 ], [ 28.329313514157434, 41.093447167948767 ], [ 28.326590113398318, 41.088919472859082 ], [ 28.330589780226546, 41.084843289361196 ], [ 28.32786658570118, 41.08031529563555 ], [ 28.331865795674886, 41.076238833331153 ], [ 28.329142807357517, 41.07171054112785 ], [ 28.333141560575008, 41.067633800201513 ], [ 28.330418778439821, 41.063105209678902 ], [ 28.334417074999447, 41.059028190315274 ], [ 28.331694499020671, 41.054499301631786 ], [ 28.335692339020664, 41.050422004015573 ], [ 28.332969969172545, 41.045892817329744 ], [ 28.336967352711152, 41.0418152416457 ], [ 28.334245188967905, 41.03728575711613 ], [ 28.32752601199288, 41.036833683364506 ], [ 28.324804424610956, 41.032303736219816 ], [ 28.318085532098369, 41.031851054819207 ], [ 28.315364521131745, 41.027320645249226 ], [ 28.308645913422382, 41.026867356324885 ], [ 28.305925478924912, 41.022336484519492 ], [ 28.299207156359465, 41.021882588196817 ], [ 28.296487298384911, 41.01735125434606 ], [ 28.289769261303888, 41.016896750750547 ], [ 28.287049979905866, 41.012364955044482 ], [ 28.280332228649673, 41.011909844301812 ], [ 28.277613523881701, 41.007377586930652 ], [ 28.270896058790573, 41.006921869166568 ], [ 28.268177930706035, 41.002389150320617 ], [ 28.261460752120083, 41.001932825661036 ], [ 28.258743200772262, 40.997399645530663 ], [ 28.252026309031439, 40.996942714101628 ], [ 28.248026307096882, 41.001018981610542 ], [ 28.241309041028547, 41.000561462214371 ], [ 28.237308292916047, 41.004637306016789 ], [ 28.230590652948781, 41.004179198502577 ], [ 28.226589158804273, 41.008254618356602 ], [ 28.219871145366863, 41.007795922573585 ], [ 28.215868905336471, 41.011870918237356 ], [ 28.209150518857928, 41.011411634034879 ], [ 28.205147533088006, 41.015486205266654 ] ] ] } },
{ "type": "Feature", "properties": { "candidate_id": "C22", "source_h3_cell": "881ec9d9e3fffff", "mode": "walk", "minutes": 5, "accessible_population": 85, "accessible_demand": 92.328, "reachable_cells": 1 }, "geometry": { "type": "Polygon", "coordinates": [ [ [ 28.24047184082195, 41.074408498140563 ], [ 28.237753020736942, 41.069877532771486 ], [ 28.241756678684411, 41.065803494724314 ], [ 28.248478866836859, 41.06626027647026 ], [ 28.251198059573063, 41.070791077664644 ], [ 28.247194691582806, 41.074865261293667 ], [ 28.24047184082195, 41.074408498140563 ] ] ] } },
{ "type": "Feature", "properties": { "candidate_id": "C22", "source_h3_cell": "881ec9d9e3fffff", "mode": "walk", "minutes": 10, "accessible_population": 85, "accessible_demand": 92.328, "reachable_cells": 1 }, "geometry": { "type": "Polygon", "coordinates": [ [ [ 28.24047184082195, 41.074408498140563 ], [ 28.237753020736942, 41.069877532771486 ], [ 28.241756678684411, 41.065803494724314 ], [ 28.248478866836859, 41.06626027647026 ], [ 28.251198059573063, 41.070791077664644 ], [ 28.247194691582806, 41.074865261293667 ], [ 28.24047184082195, 41.074408498140563 ] ] ] } },
{ "type": "Feature", "properties": { "candidate_id": "C22", "source_h3_cell": "881ec9d9e3fffff", "mode": "walk", "minutes": 15, "accessible_population": 1737, "accessible_demand": 1930.1, "reachable_cells": 7 }, "geometry": { "type": "Polygon", "coordinates": [ [ [ 28.243041264361402, 41.057197914026339 ], [ 28.239038063759658, 41.06127223140313 ], [ 28.232316163642423, 41.060814842009869 ], [ 28.228312216025188, 41.064888734411092 ], [ 28.231030458117793, 41.069420161845642 ], [ 28.227026053035082, 41.07349377473605 ], [ 28.22974450018544, 41.078024904188922 ], [ 28.236467725430344, 41.078482256673475 ], [ 28.239186750701041, 41.083012923932024 ], [ 28.245910264194176, 41.083469668518426 ], [ 28.249914089607149, 41.079395764407089 ], [ 28.256637228169115, 41.079851919661408 ], [ 28.26064030591472, 41.075777590514704 ], [ 28.257920535420215, 41.071247251637224 ], [ 28.261923155863069, 41.067172643153995 ], [ 28.259203590759057, 41.062642006225168 ], [ 28.25248177750283, 41.062185813508158 ], [ 28.249762790029276, 41.057654714391283 ], [ 28.243041264361402, 41.057197914026339 ] ] ] } },
{ "type": "Feature", "properties": { "candidate_id": "C23", "source_h3_cell": "881ec988b5fffff", "mode": "drive", "minutes": 5, "accessible_population": 69187, "accessible_demand": 82455.86, "reachable_cells": 19 }, "geometry": { "type": "Polygon", "coordinates": [ [ [ 28.879597755846888, 41.159444040133593 ], [ 28.875625054574012, 41.163534472082603 ], [ 28.868902100032237, 41.163115550375373 ], [ 28.864928637972739, 41.167205565881027 ], [ 28.867678437821585, 41.17171464461444 ], [ 28.863704522294764, 41.175804385021195 ], [ 28.866454534686373, 41.18031316151454 ], [ 28.862480165594278, 41.184402626638452 ], [ 28.865230390556533, 41.188911100734735 ], [ 28.871955343425206, 41.189329941107204 ], [ 28.874706139821583, 41.193837944073913 ], [ 28.881431356439002, 41.194256171738537 ], [ 28.884182724209051, 41.198763703390661 ], [ 28.890908204227621, 41.199181318229499 ], [ 28.894881649964155, 41.195091428745073 ], [ 28.901606726502248, 41.19550845809912 ], [ 28.905579410422622, 41.191418152002186 ], [ 28.912304083059361, 41.191834596030169 ], [ 28.916276005029083, 41.187743873566589 ], [ 28.913523563031504, 41.183236848337565 ], [ 28.917495031767572, 41.179145850945957 ], [ 28.914742802890387, 41.174638523153924 ], [ 28.91871381849068, 41.170547251018192 ], [ 28.915961802705819, 41.166039620820115 ], [ 28.909239128835406, 41.165623093798558 ], [ 28.906487683608624, 41.1611149923678 ], [ 28.89976527194662, 41.160697852908569 ], [ 28.897014397338697, 41.15618928043007 ], [ 28.890292248232541, 41.155771528650931 ], [ 28.886320307881167, 41.159862376797527 ], [ 28.879597755846888, 41.159444040133593 ] ] ] } },
{ "type": "Feature", "properties": { "candidate_id": "C23", "source_h3_cell": "881ec988b5fffff", "mode": "drive", "minutes": 10, "accessible_population": 243139, "accessible_demand": 290413.093, "reachable_cells": 70 }, "geometry": { "type": "Polygon", "coordinates": [ [ [ 28.860654121553861, 41.14958663543274 ], [ 28.85668080573334, 41.153676784257705 ], [ 28.849958379131976, 41.153256638237913 ], [ 28.845984303044578, 41.15734637049087 ], [ 28.848732960351505, 41.161856390418215 ], [ 28.844758430743092, 41.165945847577674 ], [ 28.847507300339213, 41.170455565519866 ], [ 28.843532317111844, 41.174544747401796 ], [ 28.846281399024999, 41.179054163201762 ], [ 28.842305962080719, 41.183143069622197 ], [ 28.845055256338721, 41.187652183122928 ], [ 28.841079365579535, 41.191740813897965 ], [ 28.843828872210178, 41.19624962494256 ], [ 28.850554628986526, 41.196669636786915 ], [ 28.853304707425572, 41.201177976817569 ], [ 28.84932866975803, 41.205266473410092 ], [ 28.852078960724484, 41.209774510700477 ], [ 28.858805648656965, 41.210193882944814 ], [ 28.861556511498542, 41.214701448908905 ], [ 28.868283463827112, 41.215120208189319 ], [ 28.871034898483458, 41.219627302642124 ], [ 28.877762114860378, 41.22004544884058 ], [ 28.880514121271059, 41.224552071597209 ], [ 28.887241601348475, 41.224969604595806 ], [ 28.891216408125171, 41.220880542085588 ], [ 28.897943484643029, 41.221297489144291 ], [ 28.90191752922787, 41.217208009477943 ], [ 28.908644201764883, 41.217624370755438 ], [ 28.912617484023173, 41.213534474178758 ], [ 28.919343752158262, 41.213950249833879 ], [ 28.923316271955525, 41.209859936592764 ], [ 28.930042135267861, 41.210275126784452 ], [ 28.934013892469842, 41.206184397124879 ], [ 28.940739350538788, 41.206599002012183 ], [ 28.944710345011455, 41.202507856180169 ], [ 28.941956190945572, 41.198002246521554 ], [ 28.935231399555747, 41.197587613622659 ], [ 28.932477816118201, 41.193081531922644 ], [ 28.936448666864795, 41.188990252213046 ], [ 28.933695296800966, 41.184483867695498 ], [ 28.93766569446672, 41.180392313236588 ], [ 28.934912537748456, 41.175885626058367 ], [ 28.938882482431211, 41.171793797034056 ], [ 28.93612953903035, 41.167286807352049 ], [ 28.940099030827948, 41.163194703946303 ], [ 28.937346300716353, 41.158687411917512 ], [ 28.930624435749877, 41.158272054161124 ], [ 28.927872275821343, 41.153764290784778 ], [ 28.921150672169844, 41.153348320605041 ], [ 28.918399082485365, 41.148840086065988 ], [ 28.911677740496344, 41.148423503580474 ], [ 28.908926721116824, 41.143914798063662 ], [ 28.902205641137655, 41.143497603390031 ], [ 28.899455192123835, 41.138988427080491 ], [ 28.892734374501757, 41.138570620336552 ], [ 28.888763340291888, 41.142662017403225 ], [ 28.882042119794249, 41.14224362607797 ], [ 28.878070324912699, 41.146334607309846 ], [ 28.871348701959867, 41.145915631244762 ], [ 28.86737614654135, 41.150006196396063 ], [ 28.860654121553861, 41.14958663543274 ] ] ] } },
{ "type": "Feature", "properties": { "candidate_id": "C23", "source_h3_cell": "881ec988b5fffff", "mode": "drive", "minutes": 15, "accessible_population": 523980, "accessible_demand": 626364.954, "reachable_cells": 155 }, "geometry": { "type": "Polygon", "coordinates": [ [ [ 28.837739898164656, 41.143814766537375 ], [ 28.831018000891337, 41.143393396678604 ], [ 28.82704331192323, 41.147482845411048 ], [ 28.820321014350675, 41.147060890325129 ], [ 28.816345565771432, 41.151149922111692 ], [ 28.819092720723951, 41.15566105083672 ], [ 28.815116818445873, 41.159749807353911 ], [ 28.817864185334958, 41.164260634319284 ], [ 28.813887829260082, 41.168349115383037 ], [ 28.816635408113413, 41.172859640431575 ], [ 28.812658598143781, 41.176947845857882 ], [ 28.81540638898905, 41.181458068832526 ], [ 28.81142912502666, 41.185545998437441 ], [ 28.814177127891572, 41.190055919181184 ], [ 28.810199409838361, 41.194143572780852 ], [ 28.81294762475062, 41.198653191136771 ], [ 28.808969452508528, 41.202740568547391 ], [ 28.811717879495831, 41.207249884358632 ], [ 28.818444838970148, 41.20767165459651 ], [ 28.821193838326767, 41.212180499567722 ], [ 28.827921063787556, 41.212601657065619 ], [ 28.830670635453608, 41.217110031011529 ], [ 28.837398126553506, 41.217530575650926 ], [ 28.840148270469015, 41.222038478386338 ], [ 28.846876026860521, 41.222458410048816 ], [ 28.84962674296537, 41.22696584138864 ], [ 28.856354764300875, 41.227385159955972 ], [ 28.85910605253482, 41.231892119715184 ], [ 28.865834338466552, 41.232310825069227 ], [ 28.868586198769254, 41.236817313062957 ], [ 28.875314748949307, 41.237235405085706 ], [ 28.878067181260288, 41.241741421129134 ], [ 28.874090704325845, 41.245829513641119 ], [ 28.876843349628981, 41.250335226093334 ], [ 28.883572830899954, 41.250752677495015 ], [ 28.887548999599314, 41.246664443611159 ], [ 28.894278077231728, 41.247081308617879 ], [ 28.898253483363312, 41.242992657034534 ], [ 28.904982156935439, 41.243408935804986 ], [ 28.908956800364344, 41.239319866767921 ], [ 28.906203079054595, 41.234814660208187 ], [ 28.910177268661901, 41.230725315141044 ], [ 28.916904870640998, 41.231141035461015 ], [ 28.920878297536436, 41.227051273367103 ], [ 28.927605494639245, 41.227466407920232 ], [ 28.931578158688414, 41.223376229045456 ], [ 28.938304950494047, 41.2237907779908 ], [ 28.942276851562795, 41.219700182581157 ], [ 28.949003237650565, 41.220114146077876 ], [ 28.952974375604938, 41.216023134379441 ], [ 28.959700355554407, 41.216436512586831 ], [ 28.963670730260699, 41.212345084845737 ], [ 28.960915435121965, 41.207840419823263 ], [ 28.964885356732534, 41.2037487171416 ], [ 28.96213027534748, 41.199243748920154 ], [ 28.966099743960243, 41.195151771481648 ], [ 28.963344876300596, 41.190646500217859 ], [ 28.967313892013415, 41.186554248206299 ], [ 28.964559238050896, 41.182048674056965 ], [ 28.968527800961599, 41.177956147656211 ], [ 28.965773360667939, 41.173450270778162 ], [ 28.959050713842956, 41.173036750995664 ], [ 28.956296843548667, 41.168530402216113 ], [ 28.960265263642949, 41.164437742543562 ], [ 28.957511606862763, 41.159931091319514 ], [ 28.961479574322741, 41.155838157628324 ], [ 28.958726131028445, 41.151331204116801 ], [ 28.952005076644905, 41.150917014989204 ], [ 28.949252203158387, 41.146409590015551 ], [ 28.942531409196739, 41.145994788479435 ], [ 28.939779105579209, 41.14148689222835 ], [ 28.933058572387061, 41.141071478400995 ], [ 28.930306838699632, 41.136563111057335 ], [ 28.923586566624426, 41.136147085056223 ], [ 28.920835402928102, 41.131638246804911 ], [ 28.914115392317164, 41.131221608747595 ], [ 28.911364798672796, 41.126712299773665 ], [ 28.904645049873334, 41.126295049777852 ], [ 28.901895026341688, 41.121785270266443 ], [ 28.895175539700716, 41.121367408449998 ], [ 28.891205411241213, 41.125459353699888 ], [ 28.884485521777332, 41.125040907605616 ], [ 28.880514632895842, 41.129132437383639 ], [ 28.873794341029047, 41.128713406853045 ], [ 28.869822691860175, 41.132804520913353 ], [ 28.86310199801078, 41.132384905788008 ], [ 28.859129588689338, 41.136475603884826 ], [ 28.85240849327781, 41.13605540400647 ], [ 28.848435323938826, 41.140145685894105 ], [ 28.841713827385945, 41.139724901104564 ], [ 28.837739898164656, 41.143814766537375 ] ] ] } },
{ "type": "Feature", "properties": { "candidate_id": "C23", "source_h3_cell": "881ec988b5fffff", "mode": "walk", "minutes": 5, "accessible_population": 3322, "accessible_demand": 3896.635, "reachable_cells": 1 }, "geometry": { "type": "Polygon", "coordinates": [ [ [ 28.886627255599514, 41.181568565950734 ], [ 28.883876313450017, 41.177060429152078 ], [ 28.88784916033427, 41.172970130661902 ], [ 28.894572641427747, 41.173387827584001 ], [ 28.897323941741767, 41.177895795602971 ], [ 28.893351402875439, 41.181986235484771 ], [ 28.886627255599514, 41.181568565950734 ] ] ] } },
{ "type": "Feature", "properties": { "candidate_id": "C23", "source_h3_cell": "881ec988b5fffff", "mode": "walk", "minutes": 10, "accessible_population": 3322, "accessible_demand": 3896.635, "reachable_cells": 1 }, "geometry": { "type": "Polygon", "coordinates": [ [ [ 28.886627255599514, 41.181568565950734 ], [ 28.883876313450017, 41.177060429152078 ], [ 28.88784916033427, 41.172970130661902 ], [ 28.894572641427747, 41.173387827584001 ], [ 28.897323941741767, 41.177895795602971 ], [ 28.893351402875439, 41.181986235484771 ], [ 28.886627255599514, 41.181568565950734 ] ] ] } },
{ "type": "Feature", "properties": { "candidate_id": "C23", "source_h3_cell": "881ec988b5fffff", "mode": "walk", "minutes": 15, "accessible_population": 24964, "accessible_demand": 29747.397, "reachable_cells": 7 }, "geometry": { "type": "Polygon", "coordinates": [ [ [ 28.889070824521973, 41.16437111811495 ], [ 28.8850984309531, 41.168461691525337 ], [ 28.87837521296181, 41.168043382151673 ], [ 28.874402058346501, 41.172133539183129 ], [ 28.877152429375894, 41.176642147041733 ], [ 28.873178821320241, 41.180732028971626 ], [ 28.87592940501915, 41.185240334462748 ], [ 28.882653955301976, 41.185658589336747 ], [ 28.885405110247774, 41.190166423640576 ], [ 28.892129923832048, 41.190584065813511 ], [ 28.896102916084494, 41.186493901038482 ], [ 28.902827326214684, 41.186910957878347 ], [ 28.906799556776157, 41.182820376672069 ], [ 28.904047685589966, 41.178312879955634 ], [ 28.908019462890479, 41.174222023823909 ], [ 28.905267804698013, 41.169714224671814 ], [ 28.898544727005849, 41.169297112779347 ], [ 28.895793639558875, 41.16478884245209 ], [ 28.889070824521973, 41.16437111811495 ] ] ] } },
{ "type": "Feature", "properties": { "candidate_id": "C24", "source_h3_cell": "881ec9c49bfffff", "mode": "drive", "minutes": 5, "accessible_population": 118859, "accessible_demand": 136651.404, "reachable_cells": 18 }, "geometry": { "type": "Polygon", "coordinates": [ [ [ 28.792295839547727, 41.058485934488615 ], [ 28.788322796600475, 41.062576593600923 ], [ 28.781606482881447, 41.062151399176969 ], [ 28.777632682492385, 41.066241642294514 ], [ 28.780375500165057, 41.070757222043504 ], [ 28.77640124663041, 41.074847191197456 ], [ 28.779144275413138, 41.079362470929489 ], [ 28.785861917716367, 41.07978761327967 ], [ 28.788605517644189, 41.084302424633343 ], [ 28.784631115338573, 41.088392261845584 ], [ 28.787374926530504, 41.092906772896214 ], [ 28.794093499927182, 41.093331278478324 ], [ 28.796837882331555, 41.097845320836242 ], [ 28.80355672199611, 41.098269215527708 ], [ 28.807530514498179, 41.094179094102785 ], [ 28.814248955303864, 41.09460240415617 ], [ 28.818221989336401, 41.090511866564697 ], [ 28.824940030862326, 41.090934592137621 ], [ 28.828912306289649, 41.086843638625062 ], [ 28.826166845833118, 41.082330101489987 ], [ 28.830138668344102, 41.07823887418305 ], [ 28.827393419575071, 41.073725036706314 ], [ 28.831364789267347, 41.069633535789677 ], [ 28.828619752158165, 41.065119398129227 ], [ 28.821903704147338, 41.064696592824959 ], [ 28.81915923743956, 41.060181986553786 ], [ 28.812443454504489, 41.059758570745522 ], [ 28.809699558257734, 41.055243496049798 ], [ 28.802984040743894, 41.054819469856717 ], [ 28.799011755374465, 41.058910544718451 ], [ 28.792295839547727, 41.058485934488615 ] ] ] } },
{ "type": "Feature", "properties": { "candidate_id": "C24", "source_h3_cell": "881ec9c49bfffff", "mode": "drive", "minutes": 10, "accessible_population": 396396, "accessible_demand": 456183.29, "reachable_cells": 60 }, "geometry": { "type": "Polygon", "coordinates": [ [ [ 28.780094828097518, 41.049028823364083 ], [ 28.773379445040067, 41.048602992711679 ], [ 28.769405793590966, 41.052693367325148 ], [ 28.76269001353231, 41.052266952467726 ], [ 28.758715605161377, 41.056356910959138 ], [ 28.76145728061968, 41.060873426649081 ], [ 28.757482419051179, 41.064963111183268 ], [ 28.760224305366389, 41.069479327112703 ], [ 28.756248990502591, 41.073568737504864 ], [ 28.758991087702093, 41.078084653515695 ], [ 28.755015319445249, 41.082173789581091 ], [ 28.757757627556426, 41.086689405515315 ], [ 28.764476064480029, 41.087115717332452 ], [ 28.767218944107736, 41.09163086500488 ], [ 28.763243026311791, 41.095719868892779 ], [ 28.765986117005252, 41.100234716202607 ], [ 28.772705485963808, 41.100660391544295 ], [ 28.775449148241467, 41.105174770277863 ], [ 28.782168784360262, 41.105599834717793 ], [ 28.784913018162928, 41.110113744688853 ], [ 28.791632921096248, 41.110538198107534 ], [ 28.79437772636469, 41.115051639129923 ], [ 28.801097895766702, 41.115475481408026 ], [ 28.805072594891392, 41.111385908851723 ], [ 28.811792365384349, 41.111809166188273 ], [ 28.81576630579119, 41.107719177102389 ], [ 28.822485676953928, 41.108141849654949 ], [ 28.826458858507095, 41.104051444284927 ], [ 28.833177829918714, 41.104473532211223 ], [ 28.837150252482651, 41.10038271080257 ], [ 28.843868823722424, 41.100804214260428 ], [ 28.847840487161751, 41.096712977058722 ], [ 28.845093885575846, 41.092200378215495 ], [ 28.849065096152021, 41.088108867213357 ], [ 28.846318706506544, 41.083595967772396 ], [ 28.850289464317267, 41.079504183154434 ], [ 28.847543286584461, 41.074990983273608 ], [ 28.851513591727386, 41.070898925224483 ], [ 28.848767625879539, 41.066385425061689 ], [ 28.852737478452287, 41.062293093766151 ], [ 28.849991724461653, 41.057779293479406 ], [ 28.843276476119254, 41.057357655752192 ], [ 28.840531292157795, 41.052843386738921 ], [ 28.833816308000234, 41.052421138519733 ], [ 28.831071694127772, 41.047906400965992 ], [ 28.824356974500645, 41.047483542373797 ], [ 28.821612930776855, 41.04296833646579 ], [ 28.814898476025629, 41.042544867619682 ], [ 28.812155002510107, 41.038029193543672 ], [ 28.805440812980088, 41.037605114562915 ], [ 28.801469433113525, 41.041696736070634 ], [ 28.794754845320625, 41.041272073356673 ], [ 28.790782708123928, 41.045363279478373 ], [ 28.784067722488469, 41.044938032873823 ], [ 28.780094828097518, 41.049028823364083 ] ] ] } },
{ "type": "Feature", "properties": { "candidate_id": "C24", "source_h3_cell": "881ec9c49bfffff", "mode": "drive", "minutes": 15, "accessible_population": 823788, "accessible_demand": 949983.813, "reachable_cells": 125 }, "geometry": { "type": "Polygon", "coordinates": [ [ [ 28.74377689761447, 41.042378194614969 ], [ 28.739801882405885, 41.046467868213199 ], [ 28.742542415414192, 41.050985319097535 ], [ 28.738566946956379, 41.055074718744983 ], [ 28.741307690568441, 41.059591870125438 ], [ 28.737331768763671, 41.063680995637235 ], [ 28.740072723006801, 41.068197847355613 ], [ 28.736096347757346, 41.072286698546968 ], [ 28.73883751265884, 41.076803250445153 ], [ 28.734860683866938, 41.080891827131325 ], [ 28.737602059454112, 41.08540807905127 ], [ 28.73362477702198, 41.089496381047574 ], [ 28.736366363322155, 41.09401233283134 ], [ 28.743085593179806, 41.094439814743502 ], [ 28.74582775136766, 41.0989552983823 ], [ 28.75254724952276, 41.099382169626921 ], [ 28.75528997953948, 41.103897184934219 ], [ 28.751312850516779, 41.107985496911617 ], [ 28.754055791527364, 41.11250021166876 ], [ 28.760776222414194, 41.112926446486107 ], [ 28.763519735321491, 41.11744069259737 ], [ 28.770240433915657, 41.117866316382582 ], [ 28.772984518660632, 41.122380093661654 ], [ 28.779705484616354, 41.122805106295189 ], [ 28.782450141139858, 41.127318414555923 ], [ 28.789171374111277, 41.127742815918282 ], [ 28.791916602354007, 41.132255654974585 ], [ 28.798638101995106, 41.132679444946469 ], [ 28.802613708133709, 41.128590421996464 ], [ 28.809334808815603, 41.129013626723328 ], [ 28.813309655987915, 41.124924186880818 ], [ 28.820030357289195, 41.125346806520227 ], [ 28.8240044453593, 41.121256950030627 ], [ 28.830724746858728, 41.121678984740278 ], [ 28.834698075690913, 41.117588711849059 ], [ 28.841417976967527, 41.118010161786763 ], [ 28.845390546426295, 41.113919472739489 ], [ 28.852110047059305, 41.114340338063194 ], [ 28.856081857009375, 41.110249233105456 ], [ 28.86280095657829, 41.110669513973221 ], [ 28.866772006884599, 41.106577993350733 ], [ 28.864024264409093, 41.102066333542574 ], [ 28.867994861905835, 41.0979745391137 ], [ 28.86524733162366, 41.093462578451948 ], [ 28.869217476408512, 41.089370510401217 ], [ 28.866470158291854, 41.084858249043592 ], [ 28.870439850462471, 41.080765907555616 ], [ 28.867692744483517, 41.07625334565995 ], [ 28.871661984137528, 41.072160730919371 ], [ 28.868915090268477, 41.067647868643562 ], [ 28.872883877503476, 41.063554980835129 ], [ 28.870137195716513, 41.059041818337128 ], [ 28.874105530630061, 41.054948657645653 ], [ 28.871359060897383, 41.05043519508353 ], [ 28.864644613902435, 41.050014724301498 ], [ 28.861898713826399, 41.045500792897272 ], [ 28.855184530125765, 41.045079711635729 ], [ 28.852439199766415, 41.040565311575385 ], [ 28.845725279705757, 41.040143619953085 ], [ 28.842980519123014, 41.035628751422706 ], [ 28.836266863047875, 41.03520644955853 ], [ 28.833522672301548, 41.030691112744265 ], [ 28.826809280557356, 41.030268200757227 ], [ 28.82406565970712, 41.025752395845352 ], [ 28.817352532639148, 41.02532887385459 ], [ 28.814609481744586, 41.02081260103148 ], [ 28.807896619697967, 41.020388469156273 ], [ 28.803926144943961, 41.024480636570047 ], [ 28.797212884684498, 41.02405592126523 ], [ 28.793241652847939, 41.028147673656456 ], [ 28.786527994795698, 41.027722374764636 ], [ 28.782556006012353, 41.031813711887878 ], [ 28.775841950587601, 41.03138782925177 ], [ 28.771869204993436, 41.035478750861643 ], [ 28.765154752616681, 41.035052284324074 ], [ 28.761181250347896, 41.039142790175269 ], [ 28.754466401439853, 41.038715739579189 ], [ 28.750492142632844, 41.042805829426484 ], [ 28.74377689761447, 41.042378194614969 ] ] ] } },
{ "type": "Feature", "properties": { "candidate_id": "C24", "source_h3_cell": "881ec9c49bfffff", "mode": "walk", "minutes": 5, "accessible_population": 6922, "accessible_demand": 8125.124, "reachable_cells": 1 }, "geometry": { "type": "Polygon", "coordinates": [ [ [ 28.799297070816579, 41.080636702830809 ], [ 28.796553111166073, 41.076122059768537 ], [ 28.800526302428885, 41.072031532292229 ], [ 28.807243148427247, 41.072455505804463 ], [ 28.809987467515541, 41.076969980487355 ], [ 28.806014581245048, 41.081060650042701 ], [ 28.799297070816579, 41.080636702830809 ] ] ] } },
{ "type": "Feature", "properties": { "candidate_id": "C24", "source_h3_cell": "881ec9c49bfffff", "mode": "walk", "minutes": 10, "accessible_population": 6922, "accessible_demand": 8125.124, "reachable_cells": 1 }, "geometry": { "type": "Polygon", "coordinates": [ [ [ 28.799297070816579, 41.080636702830809 ], [ 28.796553111166073, 41.076122059768537 ], [ 28.800526302428885, 41.072031532292229 ], [ 28.807243148427247, 41.072455505804463 ], [ 28.809987467515541, 41.076969980487355 ], [ 28.806014581245048, 41.081060650042701 ], [ 28.799297070816579, 41.080636702830809 ] ] ] } },
{ "type": "Feature", "properties": { "candidate_id": "C24", "source_h3_cell": "881ec9c49bfffff", "mode": "walk", "minutes": 15, "accessible_population": 46272, "accessible_demand": 53141.744, "reachable_cells": 7 }, "geometry": { "type": "Polygon", "coordinates": [ [ [ 28.801755292381277, 41.063425787853269 ], [ 28.797782554113997, 41.067516589114668 ], [ 28.791065974082603, 41.067092005086856 ], [ 28.787092478113593, 41.071182390417221 ], [ 28.789835866804811, 41.075697501916032 ], [ 28.785861917716367, 41.07978761327967 ], [ 28.788605517644189, 41.084302424633343 ], [ 28.795323426460527, 41.084726956337285 ], [ 28.798067597474187, 41.089241299126314 ], [ 28.80478577245805, 41.089665220064617 ], [ 28.808759111795471, 41.08557482448218 ], [ 28.81547688794555, 41.08599816093416 ], [ 28.81944946893756, 41.081907349366723 ], [ 28.81670457913534, 41.077393343364683 ], [ 28.820676707184518, 41.073302258005924 ], [ 28.817932028943332, 41.06878795179032 ], [ 28.811215581728511, 41.068364562460886 ], [ 28.808471474074786, 41.063849787692554 ], [ 28.801755292381277, 41.063425787853269 ] ] ] } }
]
}
